image_id,model,Bleu_1,Bleu_2,Bleu_3,Bleu_4,METEOR,ROUGE_L,CIDEr,SPICE All,SPICE Obj,SPICE Rel,caption,t_load,t_embed,t_sys,t_img,t_usr,t_sample,tokens,mem_llm,mem_clip,mem_compute
74,MiniCPM-v2.6-Q5_K,0.8888888886913584,0.7453559923291194,0.42974399636106386,6.030725358915046e-05,0.2817949200771769,0.5893719806763285,0.9482809179633083,0.30769230769230765,0.4,0.0,A tired white dog rests on a cobblestone street.,2.135191716995905,20.58289447199786,1.7730138940023608,14.149717601998418,1.0698245929961558,1.9960977099981392,13,5184.87,996.02,630.02
2153,MiniCPM-v2.6-Q5_K,0.9230769230059173,0.7337993856465449,0.527587404866211,6.19042996042008e-05,0.3877318595495026,0.657935285053929,0.9827851576865807,0.27586206896551724,0.4615384615384615,0.0,A batter gets ready to swing at a pitch during a baseball game.,2.135191716995905,20.668145416006155,1.7685354330023983,14.161020017003466,1.0983244770031888,2.327165071001218,15,5184.87,996.02,630.02
4754,MiniCPM-v2.6-Q5_K,0.6999999998600002,0.5577733509080639,0.33879878553311354,4.854917716006407e-05,0.23113048162370592,0.5366568914956013,0.6020601316780814,0.16666666666666669,0.31578947368421056,0.10526315789473684,A group of zebras in a field with other animals.,2.135191716995905,20.515083836005942,1.766316139997798,14.158163568004966,1.0641522799996892,1.9660809830020298,13,5184.87,996.02,630.02
5205,MiniCPM-v2.6-Q5_K,0.9999999997777782,0.9999999997708338,0.9499142513674551,0.8694417436747791,0.3846616756687479,0.7858293075684382,2.3959897977168003,0.3846153846153846,0.6,0.19999999999999998,A man and a young girl on a motorcycle.,2.135191716995905,20.60181914599525,1.7809552710023127,14.207261481002206,1.056817246004357,1.670294515999558,11,5184.87,996.02,630.02
5804,MiniCPM-v2.6-Q5_K,0.6249999999609376,0.4999999999677084,0.26137897926987813,3.423474955631502e-05,0.28667502873430806,0.49087982832618027,0.734758612535147,0.27586206896551724,0.46153846153846156,0.0,A laptop computer sits on a white wicker chair with a cat lounging in the background.,2.135191716995905,20.85197003599751,1.763390607004112,14.171956582998973,1.0669262610026635,3.0313459180033533,20,5184.87,996.02,630.02
7722,MiniCPM-v2.6-Q5_K,0.6666666665185187,0.4999999998854169,0.329316877925984,4.939382735892778e-05,0.34845203308619493,0.7134502923976607,1.2757013840714566,0.3333333333333333,0.6666666666666666,0.0,A black and white cat lounges in a sink.,2.135191716995905,20.499580514995614,1.7543113290012116,14.158247543004109,1.067500877994462,1.9234032349995687,12,5184.87,996.02,630.02
8612,MiniCPM-v2.6-Q5_K,0.5333333332977779,0.19518001457623005,1.4310092683999854e-06,3.95308837437499e-09,0.17821754655324465,0.4979591836734694,0.24952452958032947,0.10526315789473682,0.25,0.0,"A large, shaggy, brown cow with horns stands in a field, looking to the left.",2.135191716995905,20.514080821994867,1.7677206230000593,14.183484944995143,1.0642502990012872,3.434124311999767,22,5184.87,996.02,630.02
10092,MiniCPM-v2.6-Q5_K,0.8999999998200003,0.6324555319036713,0.3684031497859238,5.1697315384357014e-05,0.212965138535692,0.5313588850174217,0.8465283120413654,0.24390243902439024,0.4210526315789474,0.13333333333333336,A green canopy bed in a room with yellow walls.,2.135191716995905,20.541878308999003,1.7669548420017236,14.175540500997158,1.0616832859959686,1.8149555010022596,12,5184.87,996.02,630.02
12115,MiniCPM-v2.6-Q5_K,0.636363636247934,0.43693144867122347,2.7681823800578e-06,7.175852913353726e-09,0.2481175252585124,0.4803149606299213,0.6524709760955889,0.13793103448275862,0.30769230769230765,0.0,A man stands in front of a birdcage in a market.,2.135191716995905,22.755710508004995,1.960828778996074,15.68405455899483,1.2205121589940973,3.167005623996374,15,5184.87,996.02,630.02
12120,MiniCPM-v2.6-Q5_K,0.6923076922011837,0.5883484053221515,0.45533661740057985,0.37068663811774644,0.4180754170612371,0.5457798985982703,1.2031259398696925,0.3225806451612903,0.5454545454545454,0.2222222222222222,A woman in a pink dress is playing tennis on a blue court.,2.135191716995905,20.53382969499944,1.7645712539961096,14.116433351999149,1.0759364219993586,2.314554031996522,15,5184.87,996.02,630.02
12268,MiniCPM-v2.6-Q5_K,0.6999999998600002,0.48304589144035537,0.3078191250093701,4.51801001705643e-05,0.36077877502277533,0.6802973977695167,1.3301859282625679,0.21428571428571425,0.3636363636363636,0.0,A colorful purse is designed to look like a bus.,2.135191716995905,6.8247175450014765,1.7565154429976246,4.678075005998835,1.066268767004658,1.800182072998723,12,5184.87,996.02,630.02
13031,MiniCPM-v2.6-Q5_K,0.9999999997777782,0.9354143464791199,0.7937005257956488,0.6389431040881217,0.38231833226855394,0.7777777777777778,2.444956749173224,0.27586206896551724,0.5,0.0,A person riding a jet ski in the ocean.,2.135191716995905,20.490578625001945,1.7717653240033542,14.15867308700399,1.064453434002644,1.6749796340009198,11,5184.87,996.02,630.02
13721,MiniCPM-v2.6-Q5_K,0.8181818181074382,0.7006490496784906,0.546965507537804,0.4497332083533394,0.20445549341462854,0.5481386392811297,0.4526757469726808,0.125,0.3333333333333333,0.0,A woman is sitting on a bench with her legs crossed.,2.135191716995905,20.533262807999563,1.7725429639976937,14.159181903996796,1.0755868810010725,1.9621935620016302,13,5184.87,996.02,630.02
14592,MiniCPM-v2.6-Q5_K,0.6363636363057852,0.5640760747639226,0.4733525286343405,0.4035278637033205,0.3817470950909569,0.6724409448818898,2.585582567110669,0.33333333333333326,0.6666666666666665,0.0,A monkey with a bottle and a banana in its mouth.,2.135191716995905,20.533016583998688,1.756636931997491,14.088693524994596,1.0572885729998234,1.9724440649952157,13,5184.87,996.02,630.02
14600,MiniCPM-v2.6-Q5_K,0.4374999999726563,0.29580398913587685,0.23207944166512104,0.17609282677894467,0.24469009120603785,0.43990384615384615,1.1194015519650289,0.13793103448275862,0.3636363636363636,0.0,A painting of a person in a red shirt and black pants holding a green umbrella.,2.135191716995905,20.633796485999483,1.775540757997078,14.143916820998129,1.0626572970068082,2.7392792090031435,18,5184.87,996.02,630.02
16285,MiniCPM-v2.6-Q5_K,0.7999999998400004,0.5962847938773745,0.44628863329348356,0.3356891924299591,0.3908472597787719,0.6802973977695167,1.159249146061267,0.21428571428571427,0.3333333333333333,0.1818181818181818,A young man on a skateboard on a wet road.,2.135191716995905,6.810057406997657,1.764477637996606,4.71182152700203,1.0674475179985166,1.8270812629998545,12,5184.87,996.02,630.02
16327,MiniCPM-v2.6-Q5_K,0.6666666665185187,0.2886751345286584,2.283355701439328e-06,6.674094717389515e-09,0.2175403858572509,0.5570776255707762,0.543673095520676,0.17647058823529413,0.42857142857142855,0.0,People gather under a Hurley tent at a beach.,2.135191716995905,22.848274953001237,1.9821947219970752,15.85997070799931,1.2306127870033379,2.4823544879982364,12,5184.87,996.02,630.02
17364,MiniCPM-v2.6-Q5_K,0.7430381995735735,0.6552980968898172,0.4206832754429204,6.33783487450775e-05,0.29831011347146663,0.5700934579439253,1.93893236734255,0.2222222222222222,0.5454545454545454,0.0,People walking down the street with luggage.,2.135191716995905,23.147559759003343,1.942987540998729,15.769621785999334,1.2327419520006515,1.8899171570010367,9,5184.87,996.02,630.02
18022,MiniCPM-v2.6-Q5_K,0.5488116358745021,0.47528481854793186,0.345729666211635,5.802976527453859e-05,0.23568260355336312,0.6792873051224945,0.9226289717298758,0.22222222222222218,0.4444444444444445,0.0,Two horses in a field.,2.135191716995905,22.99086536699906,2.0528124470001785,15.760510895997868,1.1817605769974762,1.3856953109934693,7,5184.87,996.02,630.02
18136,MiniCPM-v2.6-Q5_K,0.6249999998437503,0.42257712725484126,0.3098990470369235,4.939382735714412e-05,0.30141362050262327,0.5820610687022901,1.0862568487452957,0.14814814814814814,0.3076923076923077,0.0,A small blue boat travels down a river.,2.135191716995905,20.459270179002488,1.7997726190005778,14.125589688002947,1.057407754000451,1.5098144650037284,10,5184.87,996.02,630.02
21147,MiniCPM-v2.6-Q5_K,0.8333333331944446,0.47673129454153523,0.2832581674218539,3.98635712755178e-05,0.19179179005907487,0.39713541666666663,1.1689298272424389,0.05714285714285715,0.16666666666666666,0.0,A steam engine with a plume of smoke coming from the top.,2.135191716995905,22.82224737499928,1.9578403609993984,15.262400846993842,1.1799842239997815,2.9721619650008506,15,5184.87,996.02,630.02
21839,MiniCPM-v2.6-Q5_K,0.7499999998125003,0.6546536705384689,0.4149132665711613,6.147881527768917e-05,0.3525167147165688,0.625,0.9586491872691576,0.16666666666666669,0.3333333333333333,0.0,A person walking in the street at night.,2.135191716995905,20.67450440600078,1.778630881999561,14.233612866002659,1.063770872002351,1.5168134859995916,10,5184.87,996.02,630.02
22103,MiniCPM-v2.6-Q5_K,0.4999999999583334,0.30151134455149564,2.0870640222324466e-06,5.637560314716176e-09,0.2910161077408561,0.39102564102564097,0.46074358887890465,0.23076923076923078,0.5,0.0,A giraffe eats food from a green container held by a woman.,2.135191716995905,20.659871500996815,1.783301504998235,14.153433384999516,1.0969918539994978,2.2659972539986484,15,5184.87,996.02,630.02
22192,MiniCPM-v2.6-Q5_K,0.6666666666111113,0.6513389472221843,0.5963868148528935,0.5156626917743041,0.28998884640216027,0.5669144981412639,1.2973364664712568,0.20689655172413793,0.46153846153846156,0.0,A dog sitting on a bed next to a pile of clothes.,2.135191716995905,22.88879158099735,2.0485524959949544,15.701385083004425,1.1734801179991337,2.9891947579963016,14,5184.87,996.02,630.02
25521,MiniCPM-v2.6-Q5_K,0.5333333332977779,0.19518001457623005,1.4310092683999854e-06,3.95308837437499e-09,0.14986115470166173,0.4149659863945578,0.277382226942423,0.1111111111111111,0.25000000000000006,0.0,"A dessert of banana and strawberry slices, figs, and other fruits on a chocolate wafer.",2.135191716995905,20.653489707998233,1.773516285000369,14.18753192800068,1.064577958000882,3.3213183359985123,21,5184.87,996.02,630.02
27065,MiniCPM-v2.6-Q5_K,0.8888888886913584,0.6666666665138892,3.989389869643291e-06,1.0142430671382665e-08,0.3368055016193138,0.5555555555555556,0.8899923684063438,0.1904761904761905,0.2857142857142857,0.0,"A toilet, sink, and shower in a white bathroom.",2.135191716995905,6.92138903200248,1.7606069410030614,4.746872171999712,1.0689988829981303,1.9545075770001858,13,5184.87,996.02,630.02
27975,MiniCPM-v2.6-Q5_K,0.6666666665777778,0.4879500364080449,0.3321078320279474,0.23505204103639382,0.3060283726005194,0.47918303220738423,0.6224018779715229,0.28571428571428575,0.4210526315789474,0.23529411764705882,A brown cow and a black cow walking down a street with cars and shops.,2.135191716995905,20.613668461999623,1.7606579580024118,14.129940478997014,1.0780977539980086,2.679546979998122,17,5184.87,996.02,630.02
30657,MiniCPM-v2.6-Q5_K,0.9166666665138891,0.8660254036368208,0.8434326651543615,0.8265168182308785,0.5148614017610031,0.9166666666666665,3.0905343239907794,0.48,0.7272727272727273,0.4444444444444445,A dog sitting in the driver's seat of a green truck.,2.135191716995905,20.74373919700156,1.763092446999508,14.193009848997463,1.065631935998681,2.1345221509982366,14,5184.87,996.02,630.02
31471,MiniCPM-v2.6-Q5_K,0.6363636363057852,0.5640760747639226,0.32820431247100174,4.584961736489703e-05,0.23624442370219847,0.480946123521682,0.840027628284099,0.24,0.6,0.0,A woman holds the reins of a cow with a calf.,2.135191716995905,20.454510828996717,1.7896340349980164,14.068150014994899,1.0595874309947249,1.9596044499994605,13,5184.87,996.02,630.02
32300,MiniCPM-v2.6-Q5_K,0.8749999997812503,0.6123724355372341,0.39685026288496356,5.9460355733271294e-05,0.38465955092067183,0.5446428571428571,1.1142826857554398,0.46153846153846156,0.6,0.2222222222222222,Two young boys play baseball in a field.,2.135191716995905,23.184577351996268,1.9632401170019875,15.610756978996505,1.1767933759983862,2.161926618995494,10,5184.87,996.02,630.02
32322,MiniCPM-v2.6-Q5_K,0.4374999999726563,0.2415229457542257,1.609148974235122e-06,4.231178541317022e-09,0.1579367056452901,0.2659883720930233,0.2384770751685949,0.19354838709677416,0.4,0.0,A refrigerator is tucked into a corner of a kitchen with a set of wooden cabinets.,2.135191716995905,6.800924003000546,1.7784055140000419,4.691510837998067,1.0676450960017974,2.816714276006678,18,5184.87,996.02,630.02
32724,MiniCPM-v2.6-Q5_K,0.7999999998400004,0.7302967431901053,0.5848035475185734,0.4111336168101766,0.4827576049200535,0.6802973977695167,1.46382719361632,0.42857142857142855,0.5454545454545454,0.4,A group of giraffes are running across a grassy plain.,2.135191716995905,6.8083505219983635,1.7650221760050044,4.72851352699945,1.0722721929996624,2.289455772996007,15,5184.87,996.02,630.02
33005,MiniCPM-v2.6-Q5_K,0.5515605639774822,0.3729230059054938,0.2734849491240028,4.358989964947794e-05,0.23556023460032405,0.5446428571428571,0.7069660112669879,0.19354838709677416,0.2857142857142857,0.0,A tennis player waits to return the ball.,2.135191716995905,22.637012844999845,2.00581517899991,15.542309327996918,1.1742592259979574,2.045705007003562,10,5184.87,996.02,630.02
33647,MiniCPM-v2.6-Q5_K,0.6249999998437503,0.29880715225622895,2.4596703663517755e-06,7.386099953835683e-09,0.17083440912981432,0.3267857142857143,0.0969332058437874,0.1111111111111111,0.23529411764705882,0.0,People enjoying the outdoors on a sunny day.,2.135191716995905,20.508224605000578,1.7595815780005069,14.192074213999149,1.064671061001718,1.517031888004567,10,5184.87,996.02,630.02
34749,MiniCPM-v2.6-Q5_K,0.5999999998800002,0.2581988896940871,2.0274006647612524e-06,5.873949093408464e-09,0.1604113110539846,0.3577712609970674,0.28347915307484317,0.10526315789473685,0.28571428571428575,0.0,A truck full of sacks is driving down a road.,2.135191716995905,20.71347867199802,1.7734530820016516,14.15775261100498,1.059460336000484,1.8091787390003446,12,5184.87,996.02,630.02
38029,MiniCPM-v2.6-Q5_K,0.7272727271404961,0.6030226890431458,0.4323328780825247,0.3170233137896791,0.3493961484461392,0.5169491525423728,1.9846872103243185,0.3225806451612903,0.5,0.1818181818181818,A float shaped like a red fire hydrant in a parade.,2.135191716995905,20.61665872399317,1.761424247000832,14.116850368998712,1.0598986459954176,2.1440753630013205,14,5184.87,996.02,630.02
38645,MiniCPM-v2.6-Q5_K,0.714285714234694,0.4688072309037214,0.2635941609801295,3.5921434200531924e-05,0.30976971843834944,0.45252225519287836,0.8537381410912877,0.33333333333333326,0.5454545454545454,0.25,"A wooden deck with a striped umbrella, a potted plant, and a lawn chair.",2.135191716995905,20.709397381004237,1.7629499329996179,14.155561076004233,1.090412596000533,2.8855961119988933,19,5184.87,996.02,630.02
41478,MiniCPM-v2.6-Q5_K,0.4999999999000002,0.23570226034706615,1.907857070517686e-06,5.612222323072491e-09,0.14201183431952663,0.4535315985130111,0.1063807336438008,0.07407407407407407,0.16666666666666666,0.0,A pile of spinach being cut on a cutting board.,2.135191716995905,20.524280760000693,1.7713553639987367,14.229638266995607,1.0656398900027853,1.8072552840021672,12,5184.87,996.02,630.02
42810,MiniCPM-v2.6-Q5_K,0.7777777776049386,0.5400617247435577,0.43679023226444086,0.3432945238995477,0.2659492188960212,0.5555555555555556,0.9777415988579281,0.14634146341463414,0.2666666666666667,0.0,A female tennis player about to serve the ball.,2.135191716995905,20.60068179800146,1.794621039996855,14.105974168000103,1.0602529889947618,1.6629326660040533,11,5184.87,996.02,630.02
46872,MiniCPM-v2.6-Q5_K,0.5333333332977779,0.19518001457623005,1.4310092683999854e-06,3.95308837437499e-09,0.17149107325372528,0.3490701001430615,0.21329064330636394,0.11764705882352941,0.26666666666666666,0.0,Two men work together to secure a large piece of equipment on a flatbed truck.,2.135191716995905,20.958733995998045,1.7601807989994995,14.203326142996957,1.0611908869977924,2.7184289539945894,18,5184.87,996.02,630.02
50531,MiniCPM-v2.6-Q5_K,0.4043537730069712,0.31321108576120654,0.24593613250049928,4.164373080478205e-05,0.21275038308052843,0.2798165137614679,0.26283518237971476,0.10526315789473685,0.21052631578947367,0.0,Two pans filled with donut muffins.,2.135191716995905,20.63031687700277,1.753598781004257,14.18241104399931,1.0613694059939007,1.51022383000236,10,5184.87,996.02,630.02
50655,MiniCPM-v2.6-Q5_K,0.3594631711499922,0.28418058893812126,2.2955001552791974e-06,7.220073180774299e-09,0.22951094871943567,0.2717149220489978,1.0416503163432387,0.09523809523809525,0.2857142857142857,0.0,A toilet in a bathroom.,2.135191716995905,20.529079146996082,1.799173981999047,14.16144051500305,1.0652084829998785,1.0632855130024836,7,5184.87,996.02,630.02
51324,MiniCPM-v2.6-Q5_K,0.999999999818182,0.8366600263781527,0.6775975710800867,0.528097221542688,0.4294752082955292,0.768503937007874,1.9909266700120243,0.19999999999999998,0.36363636363636365,0.16666666666666669,A woman sitting on a train while talking on her phone.,2.135191716995905,6.813608632997784,1.7579673189975438,4.721844545005297,1.0671584899973823,1.9551079540033243,13,5184.87,996.02,630.02
52412,MiniCPM-v2.6-Q5_K,0.6999999998600002,0.5577733509080639,0.42685972157198826,5.773502690627579e-05,0.2664333643232481,0.31881533101045295,0.9057764513841018,0.26666666666666666,0.36363636363636365,0.22222222222222224,Aerial view of a parking lot and a large building.,2.135191716995905,22.810460424996563,1.963643809001951,15.649883468002372,1.19780221900146,2.6598589470013394,13,5184.87,996.02,630.02
52637,MiniCPM-v2.6-Q5_K,0.8571428570816327,0.7703288864625035,0.6669717772603466,0.48193661233005103,0.37720889387522405,0.7271523178807948,1.6874075908906794,0.37837837837837834,0.4285714285714285,0.30769230769230765,A black dog on a lounge chair holding a yellow toy in its mouth.,2.135191716995905,20.9252654899974,1.7568115050016786,14.138416693996987,1.0617309480003314,2.523558380002214,16,5184.87,996.02,630.02
56302,MiniCPM-v2.6-Q5_K,0.23884377011164867,5.85045365006396e-09,1.830282338978762e-11,1.1000617045598687e-12,0.09586776859504133,0.2785388127853881,0.28443862774152023,0.08,0.2,0.0,A bus advertises for Newcastle Permanent.,2.135191716995905,20.49745945000177,1.7596532590032439,14.13498373600305,1.0654139980033506,1.3604568089940585,9,5184.87,996.02,630.02
57072,MiniCPM-v2.6-Q5_K,0.7058823528996541,0.46966821828537125,0.3086789594799613,3.807134866199407e-05,0.32582719729694687,0.43598121298754344,0.9653176209674753,0.3529411764705882,0.6,0.2,A long serrated knife with a black handle is on a wooden board next to sliced bread.,2.135191716995905,6.8225566080000135,1.7484457319951616,4.659803989998181,1.0612864950016956,3.1465913169959094,20,5184.87,996.02,630.02
57283,MiniCPM-v2.6-Q5_K,0.9999999997500004,0.8451542545096824,0.7094917057937421,0.5169731538105413,0.22222222222222224,0.5791139240506329,1.1619283051189662,0.17142857142857143,0.26666666666666666,0.2222222222222222,A little girl eating a piece of food.,2.135191716995905,20.712761537994083,1.7807618410006398,14.265403035999043,1.0677901950039086,1.5128812910043052,10,5184.87,996.02,630.02
58001,MiniCPM-v2.6-Q5_K,0.5714285713877553,0.4193139346576645,0.3083016009580945,0.227187097787101,0.3004706356095369,0.5460358056265985,1.0079059792675935,0.17647058823529413,0.3333333333333333,0.0,A French Bulldog sleeps on a couch with a remote control under its head.,2.135191716995905,20.510846584998944,1.7559139700024389,14.160922763003327,1.0680319249950117,2.6144343150008353,17,5184.87,996.02,630.02
60449,MiniCPM-v2.6-Q5_K,0.9090909089256201,0.797724035068799,0.6564086248823298,0.5156626917220543,0.3843418713986823,0.5091819699499166,2.5036393487836897,0.29629629629629634,0.5,0.2857142857142857,A balcony overlooking a beach with a laptop on a table.,2.135191716995905,20.71647716699954,1.773868805001257,14.266689866999513,1.0655105019977782,2.0639075450017117,13,5184.87,996.02,630.02
60610,MiniCPM-v2.6-Q5_K,0.772184789568475,0.5404167775897939,0.4412484511732309,0.35091197732702883,0.40192687755977896,0.6216032608695653,0.9613881739328967,0.28571428571428575,0.4,0.2857142857142857,A silver double-decker bus on a busy street.,2.135191716995905,23.4624079829955,1.9906270279971068,15.620785355997214,1.165492025000276,2.4052440199957346,12,5184.87,996.02,630.02
60959,MiniCPM-v2.6-Q5_K,0.7430381995735735,0.5675047989581782,0.3822161214337029,5.898019930403657e-05,0.29936039476659515,0.6112224448897796,1.3269120064337732,0.1935483870967742,0.3076923076923077,0.0,Two zebras stand on a dirt path.,2.135191716995905,6.943077907999395,1.7708211970020784,4.7224233689994435,1.0701349979935912,1.5282859660001122,10,5184.87,996.02,630.02
63549,MiniCPM-v2.6-Q5_K,0.5999999998800002,0.516397779388174,0.40548013295225005,5.555238066802865e-05,0.2752574415573819,0.5,1.1700859603892868,0.25,0.4,0.0,A skier posing for a photo on a snowy mountain.,2.135191716995905,22.896378018995165,1.9826728209955036,15.662852541005122,1.1844392260027234,2.692660000997421,13,5184.87,996.02,630.02
63855,MiniCPM-v2.6-Q5_K,0.8888888886913584,0.5773502690573166,0.3624601242482373,5.307712169758682e-05,0.199248577883278,0.4911433172302737,0.8476220453305165,0.20689655172413793,0.4,0.2857142857142857,The open door of a blue and pink train.,2.135191716995905,20.64135109200288,1.7546654129982926,14.101884607996908,1.057208113001252,1.6752653940056916,11,5184.87,996.02,630.02
64116,MiniCPM-v2.6-Q5_K,0.49999999997222233,0.29704426287601454,1.7667460064728174e-06,4.3788268655941835e-09,0.25039261451804296,0.4149659863945578,0.27114115303322794,0.14634146341463414,0.23529411764705885,0.0,A farm with a flock of sheep grazing in a green field with a church in the background.,2.135191716995905,22.003912887994375,1.9873771970014786,15.550062824004272,1.1920119479982532,4.165774544002488,20,5184.87,996.02,630.02
65074,MiniCPM-v2.6-Q5_K,0.6666666665185187,0.40824829037030635,0.28768479126408814,4.463236136748592e-05,0.2358751547000571,0.5555555555555556,0.4285319762446643,0.07407407407407407,0.22222222222222224,0.0,A messy bed with a person sleeping in it.,2.135191716995905,20.52663496600144,1.7663067419998697,14.077361362004012,1.0643119430023944,1.6662460629959241,11,5184.87,996.02,630.02
65239,MiniCPM-v2.6-Q5_K,0.4374999999726563,0.29580398913587685,0.23207944166512104,0.17609282677894467,0.2280046119438308,0.505524861878453,0.2968752713333892,0.05882352941176471,0.12500000000000003,0.0,A brown goat with white fur on its back and belly is standing in the snow.,2.135191716995905,20.75401672699809,1.767315785997198,14.15622428899951,1.06117279099999,2.823070648999419,18,5184.87,996.02,630.02
66685,MiniCPM-v2.6-Q5_K,0.6191984996446447,0.5180586331363808,0.45316732106523283,6.701444468735927e-05,0.23050793561107377,0.48897795591182364,0.7732532802596817,0.16000000000000003,0.4,0.0,Surfboards lie on a beach with seaweed.,2.135191716995905,23.036458362999838,2.0080325770031777,15.564166632000706,1.206000131998735,2.482412163000845,12,5184.87,996.02,630.02
67569,MiniCPM-v2.6-Q5_K,0.8668778995025025,0.6129752411916727,0.40236907783279424,6.129752411701457e-05,0.36618701440055273,0.5700934579439253,0.6196973149412989,0.22222222222222218,0.3636363636363636,0.0,A small airplane sits behind a fence.,2.135191716995905,20.770287211998948,1.7484627300000284,14.065000451002561,1.081797804996313,1.3869400160037912,9,5184.87,996.02,630.02
67832,MiniCPM-v2.6-Q5_K,0.8888888886913584,0.5773502690573166,3.6246012424823747e-06,9.438595265894878e-09,0.3400128783273598,0.4006568144499179,1.0544431415622417,0.19354838709677416,0.5,0.0,"A plate with carrots, green beans, potatoes, and meat.",2.135191716995905,20.624537748000876,1.763382878001721,14.105446259993187,1.0625588660041103,2.2231120790020213,14,5184.87,996.02,630.02
67867,MiniCPM-v2.6-Q5_K,0.4666666666355556,0.2581988897293332,1.7244679590986396e-06,4.546697236652585e-09,0.20055767915464023,0.3319727891156462,0.3757656334760682,0.06060606060606061,0.16666666666666666,0.0,An orange lifeboat with the name Evergreen St on it is attached to a boat.,2.135191716995905,20.5070110509987,1.796856676999596,14.12941261800006,1.0558579340067809,2.8693802599955234,19,5184.87,996.02,630.02
68743,MiniCPM-v2.6-Q5_K,0.6666666665185187,0.40824829037030635,2.8768479126408824e-06,7.936880924121685e-09,0.17538803347887993,0.41709401709401706,0.3098459586451167,0.14285714285714285,0.30769230769230765,0.0,A baby wearing a bib and eating a donut.,2.135191716995905,23.016075600004115,2.047385038000357,15.491250118000607,1.1729922880040249,2.4171285849952255,12,5184.87,996.02,630.02
69577,MiniCPM-v2.6-Q5_K,0.692307692254438,0.33968311021616066,0.21890301361391043,3.200286100989332e-05,0.22449007694018258,0.4699537750385208,0.4155460844725105,0.1875,0.5,0.0,A table is set up with a variety of finger foods and snacks.,2.135191716995905,20.560877538999193,1.7641575590023422,14.135677320002287,1.0593898480001371,2.379932333002216,15,5184.87,996.02,630.02
70134,MiniCPM-v2.6-Q5_K,0.7272727272066117,0.38138503566183213,2.5282980088816922e-06,6.704226837447621e-09,0.2275841544219835,0.4803149606299213,0.6625658696517743,0.07142857142857144,0.14285714285714288,0.0,A man wearing a baseball uniform is standing on a field.,2.135191716995905,20.505124244002218,1.7747282039999845,14.125717777002137,1.0655821859982098,1.9932082319937763,13,5184.87,996.02,630.02
70589,MiniCPM-v2.6-Q5_K,0.7777777776049386,0.5400617247435577,3.46680637093004e-06,9.128709289493235e-09,0.15770851987040593,0.2946859903381642,0.3864957666787461,0.125,0.15384615384615385,0.0,A few electronic gadgets and a white clutch purse.,2.135191716995905,20.482071970000106,1.7695990259962855,14.192642153000634,1.062737930995354,1.6763285189954331,11,5184.87,996.02,630.02
72852,MiniCPM-v2.6-Q5_K,0.5698222021537606,0.3631918160063906,2.230954526496004e-06,5.662604394362829e-09,0.2365141584439766,0.4512946979038225,0.9208550864867671,0.25806451612903225,0.5454545454545454,0.0,"A bike leaning on a pole with a sign that says ""Pedestrian Zone"".",2.135191716995905,23.011071884000557,1.9145807399982004,15.701975215997663,1.2144090180008789,3.7038956169999437,18,5184.87,996.02,630.02
74256,MiniCPM-v2.6-Q5_K,0.5429024507129954,0.4672560333810984,0.3668935965653915,0.2826657746001208,0.3248177940118192,0.5828025477707006,2.241516730312585,0.25806451612903225,0.3333333333333333,0.0,Two women waiting for the train at a train station.,2.135191716995905,20.65925867700571,1.7683401920003234,14.202629043000343,1.0689666170001146,1.938465361999988,12,5184.87,996.02,630.02
75234,MiniCPM-v2.6-Q5_K,0.28650479671693785,0.23393018692902587,1.9865133093715335e-06,6.884169955693695e-09,0.24685770647148603,0.5754716981132075,0.8795016743573423,0.14285714285714288,0.19999999999999998,0.0,A man playing tennis.,2.135191716995905,20.45199237500492,1.824072506999073,14.204510304996802,1.0712311739989673,0.9074240120025934,6,5184.87,996.02,630.02
76547,MiniCPM-v2.6-Q5_K,0.7333333332844446,0.6055300707776881,0.483202704584941,0.40980949784854087,0.2799478697333685,0.5291201982651798,0.8721258061666868,0.25806451612903225,0.5714285714285715,0.0,A man sitting at a table with a laptop and a bicycle next to him.,2.135191716995905,20.681900420000602,1.7700196189980488,14.20774763100053,1.0590831779991277,2.5729496190033387,17,5184.87,996.02,630.02
77178,MiniCPM-v2.6-Q5_K,0.3636363636198348,4.161251892688744e-09,9.531019071546412e-12,4.620256680777022e-13,0.21487603305785125,0.21837708830548927,0.03495369944002768,0.26666666666666666,0.5,0.0,"This artifact appears to be an ancient ceramic set, possibly used for serving or drinking, with intricate designs painted on the pottery.",2.135191716995905,31.808707684002,1.778359078001813,23.798230385997158,1.08001503199921,3.971065936006198,26,5184.87,996.02,630.02
77891,MiniCPM-v2.6-Q5_K,0.5555555554938273,0.26352313831625473,2.148719982044067e-06,6.376715692927575e-09,0.1809328063171382,0.31282051282051276,0.1630348058024564,0.06896551724137931,0.15384615384615383,0.0,People look at and buy toys at a fair.,2.135191716995905,6.306465342997399,1.7654525629986892,4.686056935999659,1.0658801300014602,1.6926396959970589,11,5184.87,996.02,630.02
77980,MiniCPM-v2.6-Q5_K,0.6666666665925927,0.4082482904156672,2.8768479129605314e-06,7.93688092500356e-09,0.3107383872126753,0.4756335282651072,0.9600431398386831,0.3,0.5,0.0,A refrigerator full of various food and drink items.,2.135191716995905,20.640634210001735,1.7694833269997616,14.143635754997376,1.062535716999264,1.6616836309985956,11,5184.87,996.02,630.02
78312,MiniCPM-v2.6-Q5_K,0.5238095237845806,0.32366943746927673,0.22258365020798757,0.15732647745423037,0.326896334031924,0.39739413680781754,0.2085244213638905,0.20512820512820515,0.4285714285714285,0.0,A large black clock with gold hands is hanging from a ceiling in a building with a glass and metal roof.,2.135191716995905,20.069706921000034,1.7627941010068753,14.149258003999421,1.0679305169978761,3.4829210980024072,23,5184.87,996.02,630.02
79992,MiniCPM-v2.6-Q5_K,0.5833333332847223,0.32566947361109216,2.1971078112918733e-06,5.859059369587253e-09,0.2585122574588172,0.5187074829931972,1.059647174338919,0.125,0.28571428571428575,0.0,"A basket full of food including bananas, coconuts, and a small jar.",2.135191716995905,22.728393404999224,1.9361241730002803,15.660458111997286,1.1921897110005375,3.7343853610000224,18,5184.87,996.02,630.02
80470,MiniCPM-v2.6-Q5_K,0.3999999999600001,0.21081851065563903,1.7710976151059253e-06,5.3077121704368895e-09,0.1270156065697344,0.37770897832817335,0.5188456259718184,0.06896551724137931,0.14285714285714288,0.0,A cowboy being thrown off a horse during a rodeo.,2.135191716995905,20.56862497900147,1.7559564269977272,14.213758607998898,1.0659968809995917,1.9669006650001393,13,5184.87,996.02,630.02
85160,MiniCPM-v2.6-Q5_K,0.6470588234913496,0.4496730838380355,0.23799482225353116,3.132518342233183e-05,0.31847771164363226,0.5700934579439252,0.5892002139204878,0.24242424242424246,0.5714285714285714,0.0,A young man in a blue shirt sits at a desk with a laptop and a computer.,2.135191716995905,21.514517766998324,1.7722092010008055,14.076993241003947,1.06084883800213,2.900550063997798,19,5184.87,996.02,630.02
86483,MiniCPM-v2.6-Q5_K,0.1673476200276487,0.11156508001378394,1.1156508000603644e-06,4.195519848841194e-09,0.21733066367560383,0.3978260869565217,0.809188725422124,0.15384615384615385,0.19999999999999998,0.0,Sign at Abbey Road.,2.135191716995905,6.801849976000085,1.7867677030008053,4.715375204003067,1.0666638359980425,0.9147054369968828,6,5184.87,996.02,630.02
87409,MiniCPM-v2.6-Q5_K,0.8749999997812503,0.6123724355372341,0.39685026288496356,5.9460355733271294e-05,0.3342295011234931,0.6984732824427481,1.4302843410402077,0.23529411764705882,0.4285714285714285,0.0,Three women on surfboards paddle in the water.,2.135191716995905,22.727102245000424,1.9059792670013849,15.544292808001046,1.1451966349995928,2.215243416001613,11,5184.87,996.02,630.02
87885,MiniCPM-v2.6-Q5_K,0.4953587997157158,0.2675243277994909,2.3151092838987057e-06,7.201170725888819e-09,0.1590999975130491,0.4364937388193202,0.28480406766746597,0.05405405405405406,0.14285714285714288,0.0,A toddler playing with a game controller.,2.135191716995905,7.408627358003287,2.04333126200072,5.209580327005824,1.1954730550060049,1.7754620459963917,9,5184.87,996.02,630.02
88092,MiniCPM-v2.6-Q5_K,0.5384615383786985,0.42365927280162563,0.25363756930312076,3.574046403773133e-05,0.213464098046607,0.3562043795620438,0.36900314936270295,0.05405405405405405,0.15384615384615383,0.0,A man wearing a green shirt is smiling and holding a Wii remote.,2.135191716995905,20.892185935997986,1.7559404250059742,14.118604657996912,1.0646387909946498,2.3695453190011904,15,5184.87,996.02,630.02
88432,MiniCPM-v2.6-Q5_K,0.47058823526643606,0.17149858513210553,1.2516318555603621e-06,3.4401346931106828e-09,0.157548355496807,0.2443257676902537,0.10249106700386601,0.0975609756097561,0.23529411764705882,0.0,A white van parked on a street with a fire hydrant with water coming out of it.,2.135191716995905,20.67292863500188,1.7975557800018578,14.091194298001938,1.0575441049950314,3.038552812002308,20,5184.87,996.02,630.02
89109,MiniCPM-v2.6-Q5_K,0.47768754022329724,0.2616402412150957,2.306011246130165e-06,7.356555998002494e-09,0.1843822672327952,0.5570776255707762,0.5569730377496344,0.21052631578947367,0.5,0.0,A dog resting under a chair.,2.135191716995905,20.591907552996418,1.7590880909992848,14.09085906999826,1.0587785839961725,1.2069230479974067,8,5184.87,996.02,630.02
91136,MiniCPM-v2.6-Q5_K,0.7777777776049386,0.6972166886186177,0.5928155506075895,0.4316700105783786,0.24816598788043448,0.5213675213675214,1.4009410675718945,0.3076923076923077,0.5,0.2,A group of sheep laying down in a field.,2.135191716995905,20.653325662002317,1.8017350239970256,14.143527871005062,1.0690058460022556,1.678037500998471,11,5184.87,996.02,630.02
91353,MiniCPM-v2.6-Q5_K,0.8749999997812503,0.7071067810034577,0.5503212080006054,7.598356854360799e-05,0.3766199316792342,0.625,1.6427758397282166,0.16666666666666666,0.36363636363636365,0.0,A man is making sushi in a restaurant.,2.135191716995905,22.722954871002003,1.9743476229996304,15.634495960002823,1.2487652449999587,2.029670805997739,10,5184.87,996.02,630.02
93601,MiniCPM-v2.6-Q5_K,0.8824969023639716,0.8170333701882847,0.7323193451806126,0.5131108242963984,0.38435977337996763,0.6984732824427481,2.085519004808309,0.24,0.6,0.0,"""Rolls on a tray baking in the oven.""",2.135191716995905,20.433365295997646,1.7661212780003552,14.0967968929981,1.0931228449990158,1.844862848003686,12,5184.87,996.02,630.02
94113,MiniCPM-v2.6-Q5_K,0.9999999997500004,0.534522483686446,3.6246012423649107e-06,9.878765471428821e-09,0.27514200022542934,0.625,1.2134897144138703,0.17391304347826086,0.33333333333333337,0.0,A white toilet is in a green bathroom.,2.135191716995905,19.71248314199329,1.7688548669975717,14.093828463002865,1.0611395369996899,1.6291397890017834,10,5184.87,996.02,630.02
95841,MiniCPM-v2.6-Q5_K,0.5871331641850308,0.2711851923133425,1.7024988775229355e-06,4.345536842381179e-09,0.2839614410966136,0.48157894736842105,0.36882444743813647,0.11764705882352941,0.23529411764705882,0.0,A boy in a blue shirt is getting ready to hit a baseball with a bat.,2.135191716995905,20.550812342000427,1.7971682580027846,14.189181636000285,1.0645609999992303,2.741641216001881,18,5184.87,996.02,630.02
97667,MiniCPM-v2.6-Q5_K,0.5833333332361111,0.398862017540745,2.5150606038013967e-06,6.484115070232633e-09,0.18727753486957185,0.3696969696969697,0.3393420962271805,0.058823529411764705,0.16666666666666669,0.0,A table set for two with a red and white checkered tablecloth.,2.135191716995905,20.594548628003395,1.775152704998618,14.234143820998725,1.0675288130005356,2.44070200099668,16,5184.87,996.02,630.02
101787,MiniCPM-v2.6-Q5_K,0.7514772928605784,0.6135786402581812,0.48369556600632424,0.38185022197908003,0.3231304288481215,0.6841121495327103,1.1926851870174549,0.19999999999999998,0.5,0.0,An airplane flying high in the sky.,2.135191716995905,20.87430297100218,1.8188090730036492,14.107471388000704,1.0607073249993846,1.3616789820007398,9,5184.87,996.02,630.02
101913,MiniCPM-v2.6-Q5_K,0.9999999999230771,0.9128709291021303,0.8462629974006181,0.7765453554362727,0.5770968732790582,0.9669749009247028,3.6832387286442323,0.46153846153846156,0.5454545454545454,0.33333333333333337,Three people are sitting on a bench and watching a train go by.,2.135191716995905,6.566304723004578,1.754659026999434,4.686032295998302,1.087314182004775,2.249285231999238,15,5184.87,996.02,630.02
102904,MiniCPM-v2.6-Q5_K,0.8888888886913584,0.6666666665138892,0.5026316273000944,0.3814165615421597,0.3061985012963625,0.6499238964992391,1.6977503043057633,0.3125,0.46153846153846156,0.19999999999999998,"A living room with couches, a rug, and lamps.",2.135191716995905,20.610214409003675,1.755198252001719,14.153231637996214,1.0652905399983865,2.2271918500046013,14,5184.87,996.02,630.02
104544,MiniCPM-v2.6-Q5_K,0.5971094252791215,0.5066641484618783,0.3582656551535405,5.7568161774596786e-05,0.3574771968277687,0.6963470319634703,1.8293200995704086,0.25,0.4,0.0,Two elephants standing by the water.,2.135191716995905,20.528174216997286,1.8106182479968993,14.210352127003716,1.0668189280040679,1.206896499999857,8,5184.87,996.02,630.02
104624,MiniCPM-v2.6-Q5_K,0.9166666665138891,0.7637626156957866,0.38782779517398863,5.045666839151923e-05,0.3239786468885344,0.5833333333333334,2.3150141394290125,0.2962962962962963,0.5454545454545454,0.0,A closeup of a computer keyboard and a hand on a mouse.,2.135191716995905,7.618946460002917,2.0001918339985423,5.0084426589965005,1.1491916619997937,3.0942336700027226,15,5184.87,996.02,630.02
105658,MiniCPM-v2.6-Q5_K,0.7999999998400004,0.5962847938773745,0.44628863329348356,5.9694917907078994e-05,0.31604469791264406,0.7000000000000001,1.2759340920312465,0.28571428571428575,0.7499999999999999,0.33333333333333337,A bottle of Don Julio tequila next to a cat.,2.135191716995905,20.638117096001224,1.7665793109990773,14.183703444999992,1.070359819001169,1.9686791569984052,13,5184.87,996.02,630.02
107108,MiniCPM-v2.6-Q5_K,0.624999999921875,0.35355339054834306,2.074566333147234e-06,5.119289102124981e-09,0.19687090988944414,0.33701657458563533,0.2459556999608536,0.1951219512195122,0.4705882352941177,0.0,"A plate with a few carrot sticks, some kind of meat and a bowl of hummus.",2.135191716995905,20.692814346999512,1.7756333560027997,14.163964213999861,1.0680741280011716,3.029525243000535,20,5184.87,996.02,630.02
107800,MiniCPM-v2.6-Q5_K,0.7165313103349458,0.6408850871556931,0.527944783386671,7.699630012415168e-05,0.24814008416744182,0.5980392156862745,1.3862564181229602,0.4444444444444445,0.5714285714285715,0.33333333333333337,People are boarding a blue train.,2.135191716995905,22.977663929996197,1.9723582419974264,15.663309653995384,1.1766913100000238,1.6102299930062145,8,5184.87,996.02,630.02
108129,MiniCPM-v2.6-Q5_K,0.714285714234694,0.331496772041309,2.092148242162663e-06,5.371507285148367e-09,0.24647462240604878,0.543026706231454,0.7243754613182535,0.15000000000000002,0.36363636363636365,0.18181818181818182,A large flowering tree is in a garden with a shed and a bench.,2.135191716995905,20.490735755003698,1.8380663740026648,14.190102724001918,1.0650174699985655,2.4626056449997122,16,5184.87,996.02,630.02
108758,MiniCPM-v2.6-Q5_K,0.7499999999375001,0.522232967821596,0.30100671892687964,4.172261448209559e-05,0.22012426821305323,0.5258620689655172,0.8640801311615047,0.2285714285714286,0.46153846153846156,0.0,Two new toothbrushes with a picture of a man on the package.,2.135191716995905,20.67360324299807,1.763507618001313,14.124767176996102,1.057192626001779,2.4489158430005773,16,5184.87,996.02,630.02
109488,MiniCPM-v2.6-Q5_K,0.6999999998600002,0.48304589144035537,3.0781912500937016e-06,8.03428418768105e-09,0.1581730515931464,0.4535315985130111,0.6723068578989979,0.14814814814814814,0.18181818181818182,0.0,A phone case decorated with a picture of a sandwich.,2.135191716995905,6.951720054996258,1.769801941998594,4.677346557997225,1.0633931000047596,1.9038138710020576,12,5184.87,996.02,630.02
111030,MiniCPM-v2.6-Q5_K,0.7777777776049386,0.5400617247435577,0.43679023226444086,6.104735834296804e-05,0.18082132316302546,0.4756335282651072,0.36927289694586296,0.1142857142857143,0.26666666666666666,0.0,A view of a wall with advertisements on it.,2.135191716995905,22.971863409002253,1.9613935399975162,15.533593792999454,1.1441123679978773,2.3272713760015904,11,5184.87,996.02,630.02
111806,MiniCPM-v2.6-Q5_K,0.46153846146745575,0.19611613510738388,1.5177887246686009e-06,4.324227074750954e-09,0.1663754595783251,0.15384615384615383,0.334578908586597,0.13636363636363635,0.35294117647058826,0.0,A group of people with their faces painted like characters from Dr. Seuss.,2.135191716995905,19.246457683999324,1.7821027469981345,14.127947466004116,1.064319778000936,2.6138266199995996,17,5184.87,996.02,630.02
112022,MiniCPM-v2.6-Q5_K,0.7499999998125003,0.46291004976641537,3.2931687791531186e-06,9.193227149641706e-09,0.30175403246333043,0.5,0.4363449026185735,0.06666666666666667,0.18181818181818182,0.0,People wait in line at a baggage claim.,2.135191716995905,20.49624304900499,1.7711747759967693,14.131184464997204,1.058175829006359,1.5800137639962486,10,5184.87,996.02,630.02
112110,MiniCPM-v2.6-Q5_K,0.7165313103349458,0.6408850871556931,4.190300522645625e-06,1.1513632354919353e-08,0.25381203459592955,0.5570776255707762,1.0732062070086146,0.22222222222222218,0.42857142857142855,0.0,A man standing on a briefcase.,2.135191716995905,23.070379967997724,2.0246446559976903,15.825747671995487,1.2046254970045993,1.8214045000058832,9,5184.87,996.02,630.02
113001,MiniCPM-v2.6-Q5_K,0.8999999999100001,0.7071067811119086,0.49999999994398164,6.500593259565298e-05,0.22436817580583449,0.42479108635097496,1.0113262659509503,0.24,0.4444444444444444,0.2,A bus is on the street next to a train.,2.135191716995905,20.492643851997855,1.7692955800011987,14.136821321997559,1.0675308189966017,1.8257441499954439,12,5184.87,996.02,630.02
113905,MiniCPM-v2.6-Q5_K,0.9999999997777782,0.6123724355554595,0.3769737204750709,5.466325568292447e-05,0.30331398518719777,0.594541910331384,0.6839720060032529,0.4285714285714285,0.6666666666666666,0.16666666666666666,Hot dogs with buns and ketchup on a plate.,2.135191716995905,20.60310281499551,1.76765304300352,14.175941231995239,1.0654027679993305,2.072670845001994,13,5184.87,996.02,630.02
114147,MiniCPM-v2.6-Q5_K,0.6814506850171169,0.2753476573802967,2.1429529386583668e-06,6.25710681638445e-09,0.18178656403477733,0.43571428571428567,0.4665303762850824,0.2222222222222222,0.375,0.0,A street scene of many people on scooters.,2.135191716995905,20.586122125998372,1.7743644709989894,14.133287263000966,1.061127316999773,1.6793414779967861,11,5184.87,996.02,630.02
117788,MiniCPM-v2.6-Q5_K,0.7692307691124263,0.5063696834623075,0.3599075034936169,0.2613022659247312,0.23043666947869013,0.4834874504623514,0.8369799052890181,0.21621621621621623,0.39999999999999997,0.0,"A cluttered kitchen with a fridge, cabinets, and a counter with various items.",2.135191716995905,21.91680657800316,1.9177246789986384,15.591619017002813,1.1979972249973798,3.5464251510056783,18,5184.87,996.02,630.02
118034,MiniCPM-v2.6-Q5_K,0.6666666665185187,0.4999999998854169,0.329316877925984,4.939382735892778e-05,0.14659938476388504,0.4911433172302737,0.6757304754740188,0.0606060606060606,0.125,0.0,A man looking at a video on a phone.,2.135191716995905,6.818584111002565,1.7661205309996149,4.67193198500172,1.064060579999932,1.768023462005658,11,5184.87,996.02,630.02
119081,MiniCPM-v2.6-Q5_K,0.999999999818182,0.8944271908332274,0.7631428282226833,0.6389431041199765,0.38142515554278644,0.7388963660834454,2.6272266846453975,0.28571428571428575,0.6666666666666666,0.0,A cat is sitting in front of a vase with flowers.,2.135191716995905,7.709902487004001,1.9300898619985674,5.113788154994836,1.1613386979952338,2.697027115995297,13,5184.87,996.02,630.02
120747,MiniCPM-v2.6-Q5_K,0.7999999998400004,0.516397779388174,0.32182979480030366,4.671379776255505e-05,0.2502340377794381,0.3342465753424658,0.6925771323827578,0.18181818181818182,0.28571428571428575,0.0,A woman watches a TV show in a living room.,2.135191716995905,22.814671731997805,1.9653380919990013,15.611181466003472,1.1722737300005974,2.369437293993542,12,5184.87,996.02,630.02
121215,MiniCPM-v2.6-Q5_K,0.7999999998400004,0.7302967431901053,0.5848035475185734,0.4889230223274643,0.384131216456596,0.7439024390243903,1.13702882341188,0.2777777777777778,0.5,0.1818181818181818,A white bathroom with a double sink and a bathtub.,2.135191716995905,23.202283480000915,1.9819440790015506,15.914512689996627,1.1435846629974549,2.423666410999431,12,5184.87,996.02,630.02
121633,MiniCPM-v2.6-Q5_K,0.8749999997812503,0.7905694148373941,0.6786044039656115,0.49999999985818483,0.393071035363607,0.75,1.1960850565884307,0.13793103448275862,0.30769230769230765,0.0,A family of elephants stand in the water.,2.135191716995905,22.582683164000628,2.0079691339997225,15.52094901399687,1.1902956280027865,2.1341574969992507,10,5184.87,996.02,630.02
122869,MiniCPM-v2.6-Q5_K,0.772184789568475,0.6240195440321152,0.3854660270400832,5.6386531026519244e-05,0.32384383865920374,0.6535714285714286,1.727950060146707,0.23529411764705882,0.46153846153846156,0.16666666666666669,A kitchen with lots of tables and chairs.,2.135191716995905,20.575947070996335,1.7577044990030117,14.129549420998956,1.0990344659949187,1.515954390000843,10,5184.87,996.02,630.02
125322,MiniCPM-v2.6-Q5_K,0.4971329536752872,0.2358108650294949,1.922759120544058e-06,5.706135913544768e-09,0.226201250529464,0.41709401709401706,0.4811897507110319,0.14285714285714285,0.30769230769230765,0.0,A man taking a photo with a cell phone.,2.135191716995905,22.94059880200075,2.0144491079990985,15.661156530004519,1.186809380997147,2.2236634060027427,11,5184.87,996.02,630.02
127788,MiniCPM-v2.6-Q5_K,0.8888888886913584,0.7453559923291194,0.54144350708125,7.171781505449112e-05,0.29666029121483894,0.5893719806763285,0.6260878579931519,0.33333333333333337,0.5454545454545454,0.0,A lot of bikes are parked on the street.,2.135191716995905,20.67589796300308,1.7774595340015367,14.23624594300054,1.067308502002561,1.691916529001901,11,5184.87,996.02,630.02
128119,MiniCPM-v2.6-Q5_K,0.772184789568475,0.6240195440321152,3.854660270400833e-06,1.0027100712798003e-08,0.3353055852706167,0.5041322314049587,0.988041242664143,0.27586206896551724,0.5,0.1818181818181818,A bus has bicycles attached to the front.,2.135191716995905,22.077663670999755,1.9740657589936745,15.519486822006002,1.1669368799994118,2.169322205001663,10,5184.87,996.02,630.02
128907,MiniCPM-v2.6-Q5_K,0.5971094252791215,0.5066641484618783,0.45138644038232323,0.38498150062075853,0.264670616882098,0.5980392156862745,1.0005676031616657,0.27586206896551724,0.5454545454545454,0.19999999999999998,A busy city street at night.,2.135191716995905,20.697050233997288,1.765381252997031,14.146912415999395,1.063435110001592,1.2133063110013609,8,5184.87,996.02,630.02
129547,MiniCPM-v2.6-Q5_K,0.42857142854081637,0.36313651957434556,0.2801105939520352,0.21142141712598003,0.29272661023255026,0.45252225519287836,1.6387128694945798,0.21428571428571427,0.4,0.0,A red fire hydrant has been painted with a face and a bow tie.,2.135191716995905,20.886092221997387,1.8081064069992863,14.091249657001754,1.0625236839987338,2.5990701019982225,17,5184.87,996.02,630.02
129886,MiniCPM-v2.6-Q5_K,0.5555555554938273,0.26352313831625473,2.148719982044067e-06,6.376715692927575e-09,0.2343529196647677,0.2946859903381642,0.5645435207271423,0.06666666666666667,0.18181818181818182,0.0,Skiers ride the chair lift up a snowy mountain.,2.135191716995905,20.641693101999408,1.7686090389979654,14.178249607000907,1.0782915349991526,1.813866450000205,12,5184.87,996.02,630.02
131108,MiniCPM-v2.6-Q5_K,0.5833333332847223,0.39886201757398354,0.25150606040109846,3.6462858615851904e-05,0.21551256842248256,0.4149659863945578,0.4117183003117946,0.16666666666666666,0.4444444444444445,0.0,"A street in an old town with a sign saying ""Roma 201"".",2.135191716995905,20.538713218003977,1.8067210929948487,14.129933490999974,1.0712030939976103,2.886677795999276,19,5184.87,996.02,630.02
134594,MiniCPM-v2.6-Q5_K,0.6399999999744,0.4898979485366315,0.39708018786063914,0.30397180858296813,0.34237061576728045,0.5446428571428572,0.15639987566939556,0.358974358974359,0.4615384615384615,0.16666666666666666,"A large black and white cow stands in the foreground, with a smaller group of cows and horses in the background on a barren landscape.",2.135191716995905,22.97497307499725,2.021133431000635,15.711221293000563,1.1668364199940697,5.744984862998535,28,5184.87,996.02,630.02
136642,MiniCPM-v2.6-Q5_K,0.45454545452479345,0.2942449431545567,0.16297813359661212,2.1847844936428674e-05,0.21160206239880602,0.4513742071881607,0.10114044940782158,0.2,0.37499999999999994,0.0,A baseball player in a white uniform with the number 14 on the back runs to first base after hitting the ball.,2.135191716995905,22.83253493799566,1.9485886440015747,15.647530852002092,1.1801744959957432,5.23038869699667,26,5184.87,996.02,630.02
137412,MiniCPM-v2.6-Q5_K,0.6065306595104567,0.6065306595003478,0.38209037264706325,5.795053468391787e-05,0.26847943532870755,0.6703296703296703,1.2862801955882759,0.19999999999999998,0.5,0.0,A cat sleeping on a laptop.,2.135191716995905,20.669918276005774,1.7655244690031395,14.180776731998776,1.062062953998975,1.2092969369987259,8,5184.87,996.02,630.02
140294,MiniCPM-v2.6-Q5_K,0.5367694949004131,0.5185685984247398,0.43237717636358847,0.3510435828790457,0.2398757660630779,0.5700934579439253,1.5432596809728767,0.0625,0.2222222222222222,0.0,A hotel room with red floral bedspreads.,2.135191716995905,20.505551783004194,1.8068482200033031,14.122040294001636,1.0623456430039369,1.6606022940031835,11,5184.87,996.02,630.02
141278,MiniCPM-v2.6-Q5_K,0.9999999998000004,0.8819171035069142,0.45982069596602143,6.104735834466381e-05,0.26473200184353385,0.5907990314769976,1.4871940386222515,0.2631578947368421,0.4615384615384615,0.26666666666666666,A desk with a computer and a laptop on it.,2.135191716995905,6.821106733004854,1.8143590830004541,4.694784781997441,1.0693285779998405,1.806114503997378,12,5184.87,996.02,630.02
141328,MiniCPM-v2.6-Q5_K,0.636363636247934,0.25226248950774416,1.91935046267185e-06,5.452469118553107e-09,0.15023474178403756,0.384251968503937,0.6706632022445695,0.06060606060606061,0.16666666666666666,0.0,"A closeup of a pasta salad with broccoli, zucchini, and tomatoes.",2.135191716995905,20.69948545200168,1.764171606002492,14.13729657499789,1.0964936230011517,2.5748031089970027,17,5184.87,996.02,630.02
142177,MiniCPM-v2.6-Q5_K,0.7999999998400004,0.6666666665296299,0.4807498566671996,6.311969076838888e-05,0.2866017972133953,0.6,0.9400035625906902,0.19354838709677416,0.46153846153846156,0.0,"A plate with a meal of chicken, rice, and vegetables.",2.135191716995905,20.631388305002474,1.7805651980015682,14.134835517994361,1.0626949230063474,2.1185665399971185,14,5184.87,996.02,630.02
143554,MiniCPM-v2.6-Q5_K,0.49999999997222233,0.3834824944017541,0.3021093174955628,0.20706193827066885,0.2869485193746546,0.5271604938271606,0.3328999726689702,0.2857142857142857,0.2857142857142857,0.25,A man wearing a blue jersey and black shorts is holding a white frisbee up in the air.,2.135191716995905,20.48064404499746,1.7679430140051409,14.148827863995393,1.0659404449979775,3.4477694230008638,22,5184.87,996.02,630.02
145426,MiniCPM-v2.6-Q5_K,0.6999999998600002,0.6236095643341374,0.5793377740249008,0.4854917716006407,0.4380421349942609,0.7936802973977695,2.7989272329042287,0.36363636363636365,0.6666666666666666,0.0,A white and black bird standing on a green bench.,2.135191716995905,7.825995905994205,1.9969642980067874,5.129848234995734,1.162556814000709,2.4382506370020565,12,5184.87,996.02,630.02
147179,MiniCPM-v2.6-Q5_K,0.6065306595104567,0.5424975140322226,0.3547012814219109,5.480623191456283e-05,0.16918926564802297,0.47843137254901963,0.5216494165586152,0.19999999999999998,0.33333333333333337,0.0,Three people lying on a couch.,2.135191716995905,20.918585993000306,1.764250173997425,14.125802947994089,1.0693243440036895,1.289037971997459,8,5184.87,996.02,630.02
147453,MiniCPM-v2.6-Q5_K,0.32928698152470126,6.721542363805207e-09,2.02183935325847e-11,1.2271801245099645e-12,0.11622276029055689,0.2953995157384988,0.4701040072533841,0.16,0.22222222222222224,0.0,Colorful umbrellas shading the area.,2.135191716995905,20.607732500000566,1.8023469079998904,14.160449789997074,1.0569571209998685,1.3920206620023237,9,5184.87,996.02,630.02
148568,MiniCPM-v2.6-Q5_K,0.8749999997812503,0.6123724355372341,0.39685026288496356,5.9460355733271294e-05,0.22218357826472776,0.3070469798657718,0.7713355152611145,0.24,0.5,0.0,Children at the zoo are watching a giraffe.,2.135191716995905,6.805487546000222,1.8047949940009858,4.69775763299549,1.0673473520000698,1.658249515996431,11,5184.87,996.02,630.02
149196,MiniCPM-v2.6-Q5_K,0.6249999998437503,0.29880715225622895,2.4596703663517755e-06,7.386099953835683e-09,0.21677374661152943,0.5,0.6142836003889809,0.1142857142857143,0.13333333333333333,0.0,A bunch of toys on a carnival game.,2.135191716995905,20.676980313997774,1.77818883999862,14.104441204995965,1.0746165169985034,1.5218054959987057,10,5184.87,996.02,630.02
151657,MiniCPM-v2.6-Q5_K,0.5333333332977779,0.43643578044185,0.35291723362068533,0.24601372575092587,0.24768056549305767,0.5788849347568209,0.4523690657425366,0.18181818181818182,0.4615384615384615,0.0,A man in a suit and a woman in a dress pose for a picture.,2.135191716995905,20.93890218999877,1.775203553996107,14.152995612996165,1.07266811599402,2.5680988329986576,17,5184.87,996.02,630.02
153506,MiniCPM-v2.6-Q5_K,0.894839316615517,0.8370455347417358,0.7102344362581844,0.5717514107454675,0.4596342630028706,0.6620155038759691,2.335235938762172,0.3225806451612903,0.4615384615384615,0.0,"A sandwich, fries, and dipping sauce on a plate.",2.135191716995905,23.000714585999958,1.9222770009946544,15.77696207199915,1.2019822709989967,2.7326927879985305,13,5184.87,996.02,630.02
155877,MiniCPM-v2.6-Q5_K,0.18393972049375146,4.749303160991089e-09,1.6068614649454247e-11,1.1115018918919703e-12,0.09815950920245399,0.2147887323943662,0.3291561848694766,0.09523809523809525,0.25,0.0,Sheep with baby lamb.,2.135191716995905,20.48033801100246,1.796078995001153,14.082626387003984,1.0624422889959533,1.0559896529957769,7,5184.87,996.02,630.02
163436,MiniCPM-v2.6-Q5_K,0.8888888886913584,0.7453559923291194,0.54144350708125,0.40329891157498915,0.38347127237137296,0.6499238964992391,1.0853862988063905,0.16,0.36363636363636365,0.0,A surfer in a wet suit rides a wave.,2.135191716995905,23.039867460000096,1.9434846700023627,15.547396709996974,1.1825899719988229,2.4649048729988863,12,5184.87,996.02,630.02
165543,MiniCPM-v2.6-Q5_K,0.4953587997157158,0.3783365326387855,2.916854919591025e-06,8.563683463576291e-09,0.22882379019033558,0.48897795591182364,1.4398014548855302,0.09090909090909091,0.2,0.0,A giraffe looking at a dinosaur statue.,2.135191716995905,7.765503932001593,2.009888504995615,5.173839921997569,1.19681538399891,2.0973153080049087,10,5184.87,996.02,630.02
166003,MiniCPM-v2.6-Q5_K,0.545454545355372,0.3302891294763544,0.22971111881688802,3.5084396949451944e-05,0.15449353878772698,0.4314002828854314,0.38119614381201095,0.1111111111111111,0.30769230769230765,0.0,"A dark, rustic room with a red tablecloth and many decorations.",2.135191716995905,20.624770664995594,1.7696523199992953,14.157751182996435,1.0937247089968878,2.2929649319994496,15,5184.87,996.02,630.02
166482,MiniCPM-v2.6-Q5_K,0.4294155959203306,0.2319109274149018,2.006917073718257e-06,6.2425357546009905e-09,0.13150911709978616,0.48897795591182364,0.01351931573287056,0.06896551724137932,0.16666666666666666,0.0,A computer and chair in a library.,2.135191716995905,20.621852723998018,1.766269428000669,14.119853732001502,1.0672727739947732,1.3658978219973505,9,5184.87,996.02,630.02
169872,MiniCPM-v2.6-Q5_K,0.8547333032306407,0.6290666782162758,0.4640572420528755,0.31015361610204023,0.25074522940804495,0.5343065693430658,0.9524373955177554,0.21621621621621623,0.5,0.0,A cluttered desk in an office with a laptop and a desktop computer.,2.135191716995905,7.563008308999997,2.0970279530010885,5.234819063996838,1.1956791929987958,3.355128395000065,16,5184.87,996.02,630.02
169885,MiniCPM-v2.6-Q5_K,0.7999999998400004,0.7302967431901053,0.6436595896006071,0.5814307368404548,0.34165235581365233,0.626099706744868,1.6048114288762818,0.25806451612903225,0.3333333333333333,0.15384615384615385,Two men sit in a booth at a pizza restaurant.,2.135191716995905,6.827012328998535,1.7761582160019316,4.723252899006184,1.0704214669967769,1.8784262019980815,12,5184.87,996.02,630.02
172201,MiniCPM-v2.6-Q5_K,0.555555555432099,0.26352313828697443,2.1487199818053206e-06,6.376715692219053e-09,0.16458667219877599,0.2785388127853881,0.4958737678853161,0.07142857142857142,0.2,0.0,A large truck with a trailer is carrying logs.,2.135191716995905,6.565814323999803,1.7600349630010896,4.6745681109969155,1.0876885959951323,1.6997754019976128,11,5184.87,996.02,630.02
174544,MiniCPM-v2.6-Q5_K,0.5841005871575288,0.4415385412148088,0.29358742869381166,4.455712751920649e-05,0.23762971288347087,0.43571428571428567,0.6278837446714812,0.1818181818181818,0.4,0.0,A train pulls up to a train station.,2.135191716995905,20.49538791499799,1.7747552360015106,14.219916743000795,1.073403292997682,1.5141888340003788,10,5184.87,996.02,630.02
176288,MiniCPM-v2.6-Q5_K,0.6814506850171169,0.4769161323277413,0.30906729549690254,4.630777160677598e-05,0.24954282538398292,0.4692307692307693,1.6201333903027333,0.2857142857142857,0.3636363636363636,0.0,A goalie trying to catch a soccer ball.,2.135191716995905,21.40696408400254,1.7616402600033325,14.160718108993024,1.0782450100014103,1.5992385540012037,10,5184.87,996.02,630.02
181576,MiniCPM-v2.6-Q5_K,0.8749999997812503,0.6123724355372341,0.39685026288496356,5.9460355733271294e-05,0.22626457674741735,0.4825949367088607,0.5104754613346912,0.2608695652173913,0.42857142857142855,0.0,A person holds up a piece of food.,2.135191716995905,20.514832981003565,1.7699922579995473,14.129638760998205,1.0549289800037513,1.522093946005043,10,5184.87,996.02,630.02
182681,MiniCPM-v2.6-Q5_K,0.9999999998000004,0.7453559923467181,0.4110353456345906,5.6122223230724916e-05,0.46983907183088924,0.8,1.654381270456788,0.29629629629629634,0.4444444444444444,0.0,A woman holding a tennis racquet on a tennis court.,2.135191716995905,23.047546542999044,2.011713047999365,15.746946254002978,1.1804366830037907,2.700143376001506,13,5184.87,996.02,630.02
183469,MiniCPM-v2.6-Q5_K,0.4653136123892359,0.3178697117884365,0.23612068171508951,3.8265198609630255e-05,0.20607508993600784,0.4273204903677758,0.6254242178831676,0.21428571428571427,0.3636363636363636,0.0,Three colorful birds sit on a branch.,2.135191716995905,7.8247111050004605,2.0060193489989615,5.367246221998357,1.203039082000032,1.8273231080020196,9,5184.87,996.02,630.02
184295,MiniCPM-v2.6-Q5_K,0.8547333032306407,0.7263836320127812,0.6055742268542897,0.4503303523424431,0.4126314627410192,0.6769420468557337,1.8503466507446271,0.37037037037037035,0.6666666666666666,0.2,A man holding a baby in his lap who is eating a banana.,2.135191716995905,20.61561158499535,1.7830872199992882,14.151302777994715,1.0913495529966895,2.265838008999708,15,5184.87,996.02,630.02
185993,MiniCPM-v2.6-Q5_K,0.7999999998400004,0.5962847938773745,0.3542195229857629,5.019724247692751e-05,0.2756031629496216,0.56656346749226,0.8806005940039539,0.303030303030303,0.42857142857142855,0.33333333333333337,A street clock stands in front of a large building.,2.135191716995905,20.581609433000267,1.765705734003859,14.180095176998293,1.0654314739949768,1.8234008940053172,12,5184.87,996.02,630.02
187240,MiniCPM-v2.6-Q5_K,0.5833333332847223,0.32566947361109216,2.1971078112918733e-06,5.859059369587253e-09,0.1257195289516759,0.3344298245614035,0.11794898831893982,0.12121212121212122,0.3333333333333333,0.0,"A white recovery truck with the words ""SOVEF RECOVERY"" on the side.",2.135191716995905,20.650374657998327,1.756769945997803,14.149181152999518,1.0639104069996392,3.030403438999201,19,5184.87,996.02,630.02
187278,MiniCPM-v2.6-Q5_K,0.4166666665972223,0.27524094123467413,0.19640024393384206,3.0289764012654195e-05,0.13753912447335445,0.25,0.09660699933068916,0.14814814814814814,0.30769230769230765,0.0,Two surfers in wet suits stand on the beach with their surfboards.,2.135191716995905,20.540665691994946,1.7731804639988695,14.072633974996279,1.057191767002223,2.4159464630065486,16,5184.87,996.02,630.02
187592,MiniCPM-v2.6-Q5_K,0.6666666665185187,0.4999999998854169,3.2931687792598418e-06,8.783602617539847e-09,0.31213554306172964,0.594541910331384,1.7831537238912176,0.5454545454545454,0.8571428571428571,0.0,A man taking a turkey out of an oven.,2.135191716995905,23.119953426001302,1.9933950249978807,15.859597401002247,1.1735874509977293,2.232185674001812,11,5184.87,996.02,630.02
188891,MiniCPM-v2.6-Q5_K,0.28571428569387763,4.688072309037213e-09,1.2234957142108996e-11,6.387834681787387e-13,0.09779279172578303,0.28683385579937304,0.05717666079943595,0.09523809523809525,0.22222222222222224,0.0,"A red, white, and yellow airplane is taking off from the Madrid Barajas airport.",2.135191716995905,20.55153153699939,1.7759519969986286,14.183489297996857,1.082029903998773,2.8898389660025714,19,5184.87,996.02,630.02
189588,MiniCPM-v2.6-Q5_K,0.4444444443456792,0.3333333332569446,0.25131581365004724,4.032989115749891e-05,0.36248862144450306,0.38364779874213834,0.6453973312700828,0.125,0.16666666666666666,0.0,A group of young adults play a video game.,2.135191716995905,20.64697839799919,1.7669136580007034,14.18279744299798,1.0679370930010919,1.7542524870004854,11,5184.87,996.02,630.02
190395,MiniCPM-v2.6-Q5_K,0.4374999999726563,0.29580398913587685,0.1842015749197028,2.6332019390569436e-05,0.11584706725730007,0.3893617021276596,0.17051794934684034,0.0,0.0,0.0,A grey colored fridge with a freezer on the top and a fridge on the bottom.,2.135191716995905,23.267703360994346,1.994547139001952,15.650543744006427,1.1968769790037186,3.7889594700027374,18,5184.87,996.02,630.02
191296,MiniCPM-v2.6-Q5_K,0.7692307691715977,0.43852900961837615,0.25953822115200503,3.636227046180843e-05,0.253283672306893,0.39804241435562804,0.8407995604271806,0.2580645161290322,0.36363636363636365,0.0,A red fire hydrant with a white cap is surrounded by tall grass.,2.135191716995905,20.50560925500031,1.7850254999939352,14.223371663007129,1.0678927210028633,2.43278759799432,16,5184.87,996.02,630.02
192079,MiniCPM-v2.6-Q5_K,0.8333333331944446,0.6741998623483217,0.610261222128501,0.5637560314246379,0.32860868100753626,0.6354166666666667,1.4186184051902297,0.17142857142857143,0.31578947368421056,0.0,A woman wearing glasses and an apron is smiling in the kitchen.,2.135191716995905,20.710407411999768,1.7646991400033585,14.142038625999703,1.060694286999933,2.26449170900014,15,5184.87,996.02,630.02
193889,MiniCPM-v2.6-Q5_K,0.8888888886913584,0.5773502690573166,0.45667114028786526,0.3549481055131488,0.29205033586990126,0.594541910331384,1.2908518236718387,0.22222222222222218,0.5,0.0,A couple of zebra's standing in a field.,2.135191716995905,20.58257543399668,1.7696156109959702,14.128055957997276,1.0682004480040632,1.8396731469983933,12,5184.87,996.02,630.02
194559,MiniCPM-v2.6-Q5_K,0.5833333332361111,0.23028309319666648,1.7438456253208139e-06,4.926862020234039e-09,0.1772853185595568,0.3696969696969697,0.42828225439291606,0.13333333333333333,0.36363636363636365,0.0,A tidy bedroom with a made bed and towels arranged on it.,2.135191716995905,20.547929977998137,1.7740055760004907,14.110377883000183,1.0588966860013898,2.11665097399964,14,5184.87,996.02,630.02
196521,MiniCPM-v2.6-Q5_K,0.7499999998125003,0.32732683526923456,2.6137897921682463e-06,7.730551754746834e-09,0.18274111675126903,0.465648854961832,0.5681570838983068,0.06896551724137931,0.1818181818181818,0.0,A white bathroom sink sitting on a counter.,2.135191716995905,20.56414960099937,1.7540387050030404,14.168237748999672,1.0662741970008938,1.530826836002234,10,5184.87,996.02,630.02
196865,MiniCPM-v2.6-Q5_K,0.7430381995735735,0.4633657280094291,0.3338965369917598,5.329462626443543e-05,0.190679681205899,0.5269978401727862,0.9526495325537336,0.14814814814814814,0.30769230769230765,0.0,Books about programming are on a table.,2.135191716995905,6.826020319000236,1.7615351690037642,4.691591080998478,1.1088227280051797,1.3630451270000776,9,5184.87,996.02,630.02
197090,MiniCPM-v2.6-Q5_K,0.8668778995025025,0.7078028410171759,0.5579742731308717,0.4404890493679932,0.25252976289668067,0.6112224448897796,2.1434606131435903,0.14814814814814814,0.36363636363636365,0.0,A red stop sign in the city.,2.135191716995905,7.679172008000023,1.9252042380030616,5.256284950002737,1.1678583370012348,1.7928529320051894,9,5184.87,996.02,630.02
198209,MiniCPM-v2.6-Q5_K,0.3715190997867868,7.326455450859374e-09,2.1034163772146037e-11,1.1917040716272326e-12,0.07770419426048567,0.22803738317757008,0.10833609043939561,0.19047619047619047,0.36363636363636365,0.0,A doughnut assembly line in a factory.,2.135191716995905,6.832963259999815,1.816494471000624,4.696109885000624,1.067351129000599,1.4990446840020013,10,5184.87,996.02,630.02
198223,MiniCPM-v2.6-Q5_K,0.7999999998400004,0.5962847938773745,0.5108729548207117,0.44179182258607763,0.37115396969075154,0.7000000000000001,1.4223313138046318,0.1935483870967742,0.4,0.13333333333333336,"A woman, man, and child are walking on the beach.",2.135191716995905,20.675971570999536,1.7893830820030416,14.144802303002507,1.0592972239974188,2.2223875759955263,14,5184.87,996.02,630.02
198650,MiniCPM-v2.6-Q5_K,0.545454545355372,7.385489457383579e-09,1.8232183582936022e-11,9.329460217152974e-13,0.18646340999414124,0.36363636363636365,0.09894379315812461,0.05,0.18181818181818182,0.0,A white delivery van with a colorful painting on the back.,2.135191716995905,22.94603642799484,1.9467218470017542,15.705375222001749,1.211949264004943,2.681594182999106,13,5184.87,996.02,630.02
200681,MiniCPM-v2.6-Q5_K,0.8333333331944446,0.7784989440288245,0.6716793860966113,0.5094110795424376,0.2747132981169992,0.6256410256410255,1.1728053037268575,0.3125,0.36363636363636365,0.0,A black and white dog catches a blue frisbee in a park.,2.135191716995905,23.0257699329959,1.9724561000039103,15.338393295998685,1.1735707120024017,3.3198498400015524,16,5184.87,996.02,630.02
201301,MiniCPM-v2.6-Q5_K,0.3749999999062502,0.23145502488320774,2.0745663328558076e-06,6.500593258499926e-09,0.17173018060621367,0.375,0.02792103029348053,0.07407407407407407,0.16666666666666666,0.0,A man holds a sandwich in his hand.,2.135191716995905,20.84941752300074,1.756190300999151,14.170745286995952,1.0663208510013646,1.5843567019983311,10,5184.87,996.02,630.02
203102,MiniCPM-v2.6-Q5_K,0.8888888886913584,0.6666666665138892,0.39893898696432895,5.7035079043965714e-05,0.3768554663457002,0.594541910331384,1.244460220530617,0.2222222222222222,0.42857142857142855,0.0,A woman playing tennis on a red clay court.,2.135191716995905,20.493531754997093,1.7762594789965078,14.158339365996653,1.0663423619989771,1.6765912859991658,11,5184.87,996.02,630.02
204256,MiniCPM-v2.6-Q5_K,0.47058823526643606,5.42326144513742e-09,1.2516318555603625e-11,6.117520692519294e-13,0.12532637075718017,0.2566619915848527,0.11580916913879122,0.1,0.2222222222222222,0.0,"A collection of items for school or work, including a backpack, planner, notebooks, pens, and a phone.",2.135191716995905,6.835919498000294,1.7641637089982396,4.7250569890020415,1.0656238890005625,3.6194774620016688,24,5184.87,996.02,630.02
206800,MiniCPM-v2.6-Q5_K,0.47768754022329724,0.2616402412150957,2.306011246130165e-06,7.356555998002494e-09,0.102462214016276,0.33516483516483514,0.026007546820103773,0.08,0.15384615384615383,0.0,A person para-sailing on a hill.,2.135191716995905,23.161264927999582,1.9777035389997764,15.676250743999844,1.194555048001348,2.1498127060040133,10,5184.87,996.02,630.02
207093,MiniCPM-v2.6-Q5_K,0.7165313103349458,0.6408850871556931,0.527944783386671,7.699630012415168e-05,0.25785240426921024,0.5980392156862745,1.2158298502615172,0.3,0.4444444444444445,0.0,A cat in a black bag.,2.135191716995905,7.628212099996745,1.9686742549965857,5.332326401003229,1.1893163330023526,1.6047556520061335,8,5184.87,996.02,630.02
207832,MiniCPM-v2.6-Q5_K,0.36787944098750286,0.3678794409721745,0.3678794409466274,0.36787944088786895,0.3245744226469528,0.6288659793814433,1.4538937735883772,0.16666666666666669,0.19999999999999998,0.0,A man playing tennis.,2.135191716995905,20.59090946100332,1.7643772960000206,14.137365436996333,1.0592435049984488,0.9072103280050214,6,5184.87,996.02,630.02
211097,MiniCPM-v2.6-Q5_K,0.7272727271404961,0.6030226890431458,0.4323328780825247,0.3170233137896791,0.36791738070747315,0.6110183639398998,1.8700378473025547,0.2608695652173913,0.46153846153846156,0.0,A man doing a skateboard trick in front of a crowd.,2.135191716995905,20.574551285004418,1.7769132660032483,14.165415472001769,1.061077414000465,2.0634336690054624,13,5184.87,996.02,630.02
211423,MiniCPM-v2.6-Q5_K,0.3749999999765626,0.15811388299820756,1.2132137515201732e-06,3.4234749556315017e-09,0.12390442610178805,0.24078947368421053,0.05901367706660396,0.05405405405405406,0.14285714285714285,0.0,A close-up of a pair of scissors with a leather handle and fur on the blades.,2.135191716995905,20.448828163003782,1.8039175369995064,14.099035697996442,1.070286769005179,2.904926308998256,19,5184.87,996.02,630.02
212605,MiniCPM-v2.6-Q5_K,0.6666666665555557,0.4264014326385389,0.2629535893869792,3.7700638038720986e-05,0.3117929755192004,0.46212121212121204,1.2822211668035621,0.20689655172413793,0.4,0.1818181818181818,A person holds a laptop and a cat rests on the keyboard.,2.135191716995905,20.62409809199744,1.770583543999237,14.192760220001219,1.063781946002564,2.1185168949959916,14,5184.87,996.02,630.02
212766,MiniCPM-v2.6-Q5_K,0.5384615383786985,0.2118296364008129,1.5978165630458588e-06,4.494125427342411e-09,0.20499481090432523,0.38461538461538464,0.2474415906256366,0.10810810810810811,0.3333333333333333,0.0,"Two pizzas, one Hawaiian, one America, sit in their boxes on a table.",2.135191716995905,20.572034807999444,1.7938265089978813,14.096780982996279,1.0655060919962125,2.7357866229940555,18,5184.87,996.02,630.02
213457,MiniCPM-v2.6-Q5_K,0.7999999998400004,0.4216370212691143,2.8114422170763706e-06,7.506238535853963e-09,0.25289069855905416,0.4,0.2593102713814267,0.16,0.36363636363636365,0.0,A man on skis jumps over a mound of snow.,2.135191716995905,20.541493867996905,1.7671165419960744,14.139681117005239,1.056979583001521,2.024382188996242,13,5184.87,996.02,630.02
214692,MiniCPM-v2.6-Q5_K,0.636363636247934,0.504524979015488,0.38387009253436954,5.156626917220543e-05,0.2782944987434418,0.46262188515709646,0.645694779759115,0.15789473684210528,0.26666666666666666,0.0,"A baseball game in progress with a batter, catcher and umpire.",2.135191716995905,20.69768109999859,1.7583034220006084,14.062663569995493,1.09347433399671,2.278036551993864,15,5184.87,996.02,630.02
215482,MiniCPM-v2.6-Q5_K,0.7777777776913581,0.44095855179204096,3.0285343210043294e-06,8.248720005274413e-09,0.2838685710450519,0.4401154401154401,0.4623217256260994,0.13793103448275862,0.2857142857142857,0.0,A batter getting ready to swing at a pitch.,2.135191716995905,20.669553460000316,1.772299620002741,14.173373295001511,1.0879050579969771,1.6997180449980078,11,5184.87,996.02,630.02
216326,MiniCPM-v2.6-Q5_K,0.4985944268845405,0.2773923314396265,1.8640732867803852e-06,4.948748921709065e-09,0.2915166553994861,0.4699537750385208,1.342456123098919,0.19999999999999998,0.6,0.0,A sleeping baby is wearing a pacifier and is covered with a blanket.,2.135191716995905,20.68590784600383,1.8064534589939285,14.186337713996181,1.061544390002382,2.425246642997081,16,5184.87,996.02,630.02
218365,MiniCPM-v2.6-Q5_K,0.6333861924984946,0.4370779972037695,0.3509211008147251,0.2733853512860928,0.30584160173042435,0.5669144981412639,1.1333923813697013,0.20689655172413793,0.36363636363636365,0.0,A close up of a lily in a metal cup.,2.135191716995905,20.676349946996197,1.7752867210001568,14.233968503001961,1.0595986929984065,1.9799023830055376,13,5184.87,996.02,630.02
218678,MiniCPM-v2.6-Q5_K,0.7165313103349458,0.6408850871556931,0.4190300522645624,6.47459127621983e-05,0.4072880946758505,0.6434599156118143,1.566998783471444,0.34782608695652173,0.6,0.0,A surfer rides a large wave.,2.135191716995905,22.884502082997642,1.9313310849975096,15.401121945003979,1.1674066729974584,1.8090926859949832,9,5184.87,996.02,630.02
219315,MiniCPM-v2.6-Q5_K,0.690033310856987,0.5371902039364096,0.4302577867357129,0.3003918358276078,0.2613383762613418,0.5545454545454546,1.419989991833737,0.375,0.5333333333333333,0.28571428571428575,A bottle of beer is on a table next to a pastry.,2.135191716995905,20.645135491002293,1.7558132090052823,14.121655517003092,1.0646783850024804,2.2142733439977746,14,5184.87,996.02,630.02
219525,MiniCPM-v2.6-Q5_K,0.8749999997812503,0.7071067810034577,0.5503212080006054,7.598356854360799e-05,0.3963872112323632,0.716442953020134,2.22930234664524,0.3478260869565218,0.4,0.25,A woman in pink holds a pink umbrella.,2.135191716995905,20.46962260500004,1.780762506001338,14.231130369000311,1.0682846150011756,1.516561508004088,10,5184.87,996.02,630.02
220872,MiniCPM-v2.6-Q5_K,0.7692307691715977,0.5063696835012589,2.856587748504818e-06,6.948413844184121e-09,0.23468800783696572,0.4029062087186261,1.0090419636677035,0.17142857142857146,0.36363636363636365,0.0,A train with Grand Central on the side is at a train station.,2.135191716995905,20.81796751699585,1.7740434339939384,14.105307868005184,1.0559415460011223,2.280811557000561,15,5184.87,996.02,630.02
222771,MiniCPM-v2.6-Q5_K,0.5999999998800002,0.3651483715950527,0.25543647741035597,3.9281465081419535e-05,0.22268981912462726,0.42508710801393734,0.9792369476788942,0.25,0.4615384615384615,0.16666666666666669,Four men are wearing yellow vests and sitting on motorcycles.,2.135191716995905,23.06339861900051,1.9873019049991854,15.755089906000649,1.2122901080001611,2.411822857997322,12,5184.87,996.02,630.02
222842,MiniCPM-v2.6-Q5_K,0.4999999998750002,8.451542545096823e-09,2.2833557013653313e-11,1.2421889947772103e-12,0.14617283950617285,0.3267857142857143,0.34736375248940665,0.05714285714285715,0.16666666666666666,0.0,A couple of people having cake and lemonade.,2.135191716995905,20.601242998003727,1.760365874004492,14.244709088998206,1.0686651689975406,1.674403026001528,11,5184.87,996.02,630.02
223545,MiniCPM-v2.6-Q5_K,0.4653136123892359,0.22476782873941695,1.8740910927299085e-06,5.7219818104098545e-09,0.1310623172744215,0.34205607476635513,0.39622519809262025,0.0606060606060606,0.13333333333333333,0.0,A boat and birds on the water.,2.135191716995905,8.17507920099888,1.9724054410035023,5.041981002999819,1.1324218769950676,1.7904496240007575,9,5184.87,996.02,630.02
224861,MiniCPM-v2.6-Q5_K,0.5134171188614531,0.4592142314268659,0.37828896755064656,5.517025983729121e-05,0.30342735391835796,0.7176470588235294,1.8307819834989276,0.16666666666666669,0.3636363636363636,0.0,A cat sitting in a suitcase.,2.135191716995905,7.783111343000201,1.9885669889990822,5.296222709999711,1.2225562870007707,1.670221083004435,8,5184.87,996.02,630.02
227657,MiniCPM-v2.6-Q5_K,0.8999999999100001,0.7745966691597205,0.5313292845317771,6.803749332356508e-05,0.29294114958095957,0.6802973977695167,1.2989442454846327,0.1875,0.30769230769230765,0.0,A small truck parked on the side of a street.,2.135191716995905,20.4929006520033,1.7705532140025753,14.215890660998411,1.0652803510020021,1.8292781279960764,12,5184.87,996.02,630.02
228749,MiniCPM-v2.6-Q5_K,0.9999999997500004,0.9999999997410718,0.9410360286270985,0.9036020033535557,0.37781781176907103,0.8356164383561644,2.1294154604660367,0.34285714285714286,0.4615384615384615,0.2857142857142857,"A plate with a steak, broccoli, and fries.",2.135191716995905,20.701993902999675,1.7740566659995238,14.116484649006452,1.0684531350052566,1.8103841060001287,12,5184.87,996.02,630.02
229304,MiniCPM-v2.6-Q5_K,0.6666666666296297,0.39605901716801933,0.21402603671104667,2.8433291813576497e-05,0.21096908246464735,0.28841607565011823,0.3071032523313104,0.25,0.4210526315789474,0.0,A baseball game in progress with the batter up to bat and the catcher and umpire in position.,2.135191716995905,36.12470249299804,1.9364498879949679,26.23646358199767,1.1871187649958301,4.189829948998522,21,5184.87,996.02,630.02
231806,MiniCPM-v2.6-Q5_K,0.8888888886913584,0.8164965807406125,0.7249202484964744,0.596949179054208,0.2897446753235599,0.6876006441223833,2.4802147314483705,0.27272727272727276,0.3333333333333333,0.0,A man cutting a wedding cake with a knife.,2.135191716995905,20.832589808000193,1.7788751700063585,14.199565643000824,1.0684103229941684,1.6959698739956366,11,5184.87,996.02,630.02
233023,MiniCPM-v2.6-Q5_K,0.6999999998600002,0.3944053187922357,2.689047742804065e-06,7.259795289559491e-09,0.2882162923296538,0.6145063801208865,0.8269716995838634,0.2727272727272727,0.5,0.0,A man with a cane walking with a large elephant.,2.135191716995905,20.473268364999967,1.788425222002843,14.137122970001656,1.063631175995397,1.838623755997105,12,5184.87,996.02,630.02
234643,MiniCPM-v2.6-Q5_K,0.7777777776049386,0.6236095643194133,0.5503212080184399,0.48549177158715484,0.3080187241252275,0.5962854349951124,1.4475088569059928,0.3157894736842105,0.5,0.3333333333333333,A man flies a kite on a cloudy day.,2.135191716995905,6.791135717001453,1.7710691280008177,4.708720740003628,1.0671447969943983,1.6531399949963088,11,5184.87,996.02,630.02
234779,MiniCPM-v2.6-Q5_K,0.32928698152470126,6.721542363805207e-09,2.02183935325847e-11,1.2271801245099645e-12,0.1521160654767444,0.2953995157384988,0.20854687331210575,0.14285714285714285,0.22222222222222224,0.0,Two plates of chili cheeseburgers.,2.135191716995905,23.083258482998644,1.9837801230023615,15.58067064700299,1.174844385997858,1.8481819860026008,9,5184.87,996.02,630.02
235057,MiniCPM-v2.6-Q5_K,0.47768754022329724,0.37001517758895625,2.905392110293702e-06,8.748468734740506e-09,0.2304758403819438,0.47843137254901963,0.7438135769254852,0.3333333333333333,0.7499999999999999,0.0,A giraffe drinks from a pond.,2.135191716995905,20.60434786400583,1.7636676670008455,14.155836408004689,1.0920471979989088,1.4300490370005718,9,5184.87,996.02,630.02
235093,MiniCPM-v2.6-Q5_K,0.5515605639774822,0.3729230059054938,2.7348494912400285e-06,7.751502103232945e-09,0.2272976396014714,0.43571428571428567,0.5126434111981428,0.16,0.3636363636363636,0.0,People watching kites being flown in the sky.,2.135191716995905,20.61653828099952,1.7622919720015489,14.150843114002782,1.061985858999833,1.6571516459953273,11,5184.87,996.02,630.02
235131,MiniCPM-v2.6-Q5_K,0.545454545355372,7.385489457383579e-09,1.8232183582936022e-11,9.329460217152974e-13,0.20206012063988577,0.28818897637795277,0.6459041402964625,0.15,0.3529411764705882,0.0,A large building is behind a pier with people and boats.,2.135191716995905,6.830294123996282,1.7789793090050807,4.719715205996181,1.0921646450005937,2.014773689006688,13,5184.87,996.02,630.02
235486,MiniCPM-v2.6-Q5_K,0.6999999998600002,0.48304589144035537,3.0781912500937016e-06,8.03428418768105e-09,0.3321618255125745,0.5669144981412639,1.1590809377239792,0.4,0.5454545454545454,0.25,Three people sit around a table with pizza and drinks.,2.135191716995905,20.090615653003624,1.817929181001091,14.068041174999962,1.061215968002216,1.8127581090011518,12,5184.87,996.02,630.02
235864,MiniCPM-v2.6-Q5_K,0.833333333263889,0.6154574548430444,0.4231314986970542,0.30289764015178344,0.40559346164419935,0.7011494252873562,0.9217683007004542,0.2702702702702703,0.42857142857142855,0.14285714285714285,"A couple sit on a park bench, both looking at their phones.",2.135191716995905,20.877948690002086,1.7621042460013996,14.117456478001259,1.05954749200464,2.2695951480054646,15,5184.87,996.02,630.02
236671,MiniCPM-v2.6-Q5_K,0.8571428570204084,0.6289709019415702,0.4624524014041094,0.3079300751101003,0.32893706844504306,0.5,1.206952435071296,0.2857142857142857,0.5714285714285714,0.0,A woman sitting at a table with a cake and a can of soda.,2.135191716995905,20.666498384001898,1.7716758329988807,14.199846659998002,1.0604824209949584,2.4223209650008357,16,5184.87,996.02,630.02
236721,MiniCPM-v2.6-Q5_K,0.833333333263889,0.275240941257611,1.9640024395020887e-06,5.386366368312954e-09,0.3228699551569507,0.3696969696969697,0.9212618160358754,0.30303030303030304,0.5333333333333333,0.0,"A breakfast tray with juice, bananas, and a variety of other foods.",2.135191716995905,20.574224532996595,1.7877865949994884,14.057115745003102,1.068613760995504,2.4630118740024045,16,5184.87,996.02,630.02
237780,MiniCPM-v2.6-Q5_K,0.3594631711499922,0.20094602151973237,1.8219396806416821e-06,6.071333655582594e-09,0.18355864741469277,0.3285457809694794,0.425804333205395,0.20689655172413793,0.3076923076923077,0.0,Cows in a green pasture.,2.135191716995905,23.080396995996125,1.983723279001424,15.89824915999634,1.2551511369965738,1.665184705001593,8,5184.87,996.02,630.02
239274,MiniCPM-v2.6-Q5_K,0.692307692254438,0.4160251471355866,0.25058139742168917,3.5416987658331314e-05,0.236162778357951,0.44525547445255476,0.5144591224132956,0.21052631578947367,0.42857142857142855,0.14285714285714288,A large white and orange boat with people on it in the water.,2.135191716995905,19.94495141900552,1.7707344299997203,14.166186875998392,1.0710616340002161,2.3417277919943444,15,5184.87,996.02,630.02
240436,MiniCPM-v2.6-Q5_K,0.5833333332361111,0.32566947358395304,2.197107811108781e-06,5.859059369098998e-09,0.25204696244009445,0.2932692307692307,0.4626255850028052,0.1875,0.4,0.0,"A picture of a mountain, some trees, and a body of water.",2.135191716995905,20.691008243004035,1.7590891510044457,14.1270258930017,1.1049316059943521,2.415307658004167,16,5184.87,996.02,630.02
243491,MiniCPM-v2.6-Q5_K,0.8888888886913584,0.47140452068300176,0.3166380837891518,4.796059351178303e-05,0.25822847000633725,0.5555555555555556,1.044078476789415,0.17142857142857143,0.4,0.0,A large display of vintage airplanes in a museum.,2.135191716995905,23.09753119400557,1.9762314569961745,15.696098129999882,1.2426348689987208,2.3173704050059314,11,5184.87,996.02,630.02
245701,MiniCPM-v2.6-Q5_K,0.6618726767729786,0.40851668509414246,0.29062112472909196,4.562272069571923e-05,0.18697466015010622,0.465648854961832,0.8343066965918668,0.13793103448275862,0.1818181818181818,0.0,A tennis player about to hit the ball.,2.135191716995905,22.984309623003355,1.9700629400031175,15.77344175500184,1.195660179000697,2.0214317019999726,10,5184.87,996.02,630.02
246183,MiniCPM-v2.6-Q5_K,0.6153846153372783,0.4529108136215475,0.26518211591390056,3.695372083780018e-05,0.26611123232441536,0.5970636215334422,0.7797986357138298,0.07407407407407407,0.18181818181818182,0.0,A crowd of people behind a fence holding blue and red foam objects.,2.135191716995905,20.47789296299743,1.763038389995927,14.096759079999174,1.0630522970022867,2.3712288980023004,15,5184.87,996.02,630.02
246951,MiniCPM-v2.6-Q5_K,0.8824969023639716,0.7458460118109875,0.5469698982480053,7.330918071303027e-05,0.3506971939204761,0.5820610687022901,1.2604308066602665,0.38095238095238093,0.6,0.0,People watch a plane fly over the beach.,2.135191716995905,7.005742865003413,1.7621142089992645,4.728732550000132,1.0687731330035604,1.5222576779997326,10,5184.87,996.02,630.02
247037,MiniCPM-v2.6-Q5_K,0.692307692254438,0.588348405367409,0.45533661743560566,0.37068663814626074,0.2610512194737334,0.4834874504623514,0.7214464336031661,0.18749999999999997,0.2857142857142857,0.11764705882352941,A close-up of a person's hand with a cut on their fingernail.,2.135191716995905,22.49057867499505,1.9975867469984223,15.67575147900061,1.2105658159998711,3.5546077770050033,18,5184.87,996.02,630.02
247945,MiniCPM-v2.6-Q5_K,0.8888888887901236,0.7453559924119366,0.5414435071414103,7.171781506245975e-05,0.1946558837084808,0.5570776255707762,0.9242862848754042,0.21428571428571427,0.5,0.0,A crowd of people standing outside of a building.,2.135191716995905,19.978297579000355,1.796859352994943,14.1768913709966,1.059552459999395,1.6822986560000572,11,5184.87,996.02,630.02
250703,MiniCPM-v2.6-Q5_K,0.6441233938804958,0.4919573682190146,0.33133470859910874,5.112863129953035e-05,0.27848431362761356,0.5700934579439253,1.5005048783236863,0.24,0.5454545454545454,0.0,A horse standing on a grassy field.,2.135191716995905,22.90409790999547,2.0992919339987566,15.795064840000123,1.1770719600026496,2.034387758001685,10,5184.87,996.02,630.02
250953,MiniCPM-v2.6-Q5_K,0.636363636247934,0.43693144867122347,0.2768182380057799,4.035278636666363e-05,0.18964552338355353,0.4803149606299213,1.797947609853285,0.13333333333333333,0.16666666666666666,0.0,A picture of a street in front of the Washington Monument.,2.135191716995905,23.260872124999878,1.957559777001734,15.645882999000605,1.1821635589949437,2.71405510600016,13,5184.87,996.02,630.02
251065,MiniCPM-v2.6-Q5_K,0.5384615384201185,0.36689969282327245,2.304450251660214e-06,5.914601686329329e-09,0.20168437956889268,0.4699537750385208,0.5128635565732965,0.06896551724137931,0.3333333333333333,0.0,A toilet is in a bathroom with a red lid next to it.,2.135191716995905,20.67974489900371,1.7629370970025775,14.188601210000343,1.0760448340006405,2.3347975550059346,15,5184.87,996.02,630.02
252559,MiniCPM-v2.6-Q5_K,0.9090909090082646,0.6030226890979661,0.3431428327655144,4.740604259372055e-05,0.2897076397532571,0.34512022630834516,1.1605453396004728,0.17647058823529413,0.30769230769230765,0.0,A street view of a brick building with people walking by.,2.135191716995905,22.44810181399953,1.783101645996794,14.298525997997785,1.084384564004722,2.0632808200025465,13,5184.87,996.02,630.02
254609,MiniCPM-v2.6-Q5_K,0.9285714285051022,0.8017837256778003,0.6446159946448665,0.46976984507372527,0.504593424104644,0.6240409207161125,2.343484661981959,0.6086956521739131,0.8,0.5,A dog with a green frisbee in its mouth is running on the beach.,2.135191716995905,7.823471269002766,1.982559181000397,5.185796844001743,1.207195095004863,3.8152841990013258,18,5184.87,996.02,630.02
254929,MiniCPM-v2.6-Q5_K,0.8461538460236689,0.7025594234189063,0.5640849043505353,0.4817133383763475,0.4912477748170095,0.657935285053929,1.9183337261854043,0.34285714285714286,0.4,0.0,A delicious spring garlic and goat cheese pizza is served on a plate.,2.135191716995905,20.85120144100074,1.7909053809999023,14.20654057799402,1.074107095002546,2.2748888060013996,15,5184.87,996.02,630.02
255385,MiniCPM-v2.6-Q5_K,0.3422780792409688,0.26512746013000815,0.20818044165194924,3.5250657082512305e-05,0.17898629021913837,0.4468864468864468,0.689603801261252,0.21428571428571427,0.5,0.0,A clock tower in the dark.,2.135191716995905,22.413257767002506,2.0006673500029137,15.583149714999308,1.1648222400035593,1.59740350300126,8,5184.87,996.02,630.02
256660,MiniCPM-v2.6-Q5_K,0.8888888886913584,0.47140452068300176,0.3166380837891518,4.796059351178303e-05,0.23723423152259734,0.5020576131687242,0.9577331954088747,0.15,0.375,0.0,A plate with vegetables and meat covered in gravy.,2.135191716995905,20.59534118400188,1.771632554999087,14.163997928000754,1.0713242050042027,1.6788046300061978,11,5184.87,996.02,630.02
258402,MiniCPM-v2.6-Q5_K,0.6191984996446447,0.42299310267594614,3.142086712278532e-06,9.054992803586728e-09,0.14023329527260933,0.34205607476635513,0.4819789412120881,0.23076923076923075,0.4,0.0,Two giraffes are walking near a fence.,2.135191716995905,6.83346110900311,1.7615153029983048,4.731743843003642,1.0658055940002669,1.6516943729948252,11,5184.87,996.02,630.02
262514,MiniCPM-v2.6-Q5_K,0.8749999997812503,0.49999999987053595,0.3466806370817689,5.372849657593807e-05,0.23301952328722345,0.43571428571428567,0.766936523686804,0.15384615384615385,0.36363636363636365,0.0,A bathroom fixture with a sink and toilet.,2.135191716995905,20.649758118001046,1.7949329710027087,14.144917161000194,1.0650272629936808,1.5186262330025784,10,5184.87,996.02,630.02
262608,MiniCPM-v2.6-Q5_K,0.8999999998200003,0.7071067810411981,0.49999999989398175,0.3655552227741848,0.31759172346669856,0.6376306620209059,0.9017083627467213,0.23529411764705882,0.39999999999999997,0.0,"A plate of food with chicken, rice, broccoli, and carrots.",2.135191716995905,23.427039966001757,1.9746090359985828,15.679849672000273,1.200358353999036,3.021576418999757,15,5184.87,996.02,630.02
263052,MiniCPM-v2.6-Q5_K,0.8824969023639716,0.7458460118109875,0.5469698982480053,7.330918071303027e-05,0.32166307206890604,0.6984732824427481,1.3111316080002824,0.2222222222222222,0.4,0.14285714285714285,A girl on a surfboard in the water.,2.135191716995905,22.665176002999942,1.9893023209951934,15.594959519999975,1.149543015002564,2.2090662410046207,11,5184.87,996.02,630.02
263251,MiniCPM-v2.6-Q5_K,0.9090909089256201,0.7385489457383579,0.5665163348341703,0.38827267767547585,0.2863357006375552,0.5176803394625177,1.203008772553749,0.3125,0.375,0.25,A man in a red kimono is holding a pink umbrella.,2.135191716995905,6.849801946998923,1.7687352639986784,4.693212913000025,1.0689527350041317,2.133830304002913,14,5184.87,996.02,630.02
263258,MiniCPM-v2.6-Q5_K,0.6999999999300001,0.5577733509638411,0.33879878556699333,4.854917716491898e-05,0.29157545657592016,0.6376306620209059,0.9167512407237595,0.19999999999999998,0.3333333333333333,0.0,A baseball player holding a bat while wearing a helmet.,2.135191716995905,20.476039953005966,1.769837458996335,14.092535046002013,1.0619337640018784,1.8157648959968355,12,5184.87,996.02,630.02
264599,MiniCPM-v2.6-Q5_K,0.4653136123892359,0.38930929928361,0.270290707320665,4.234740345501969e-05,0.18919475055889245,0.5341506129597198,0.6072350305067159,0.13793103448275865,0.1818181818181818,0.0,A city sidewalk in an Asian city.,2.135191716995905,23.39890673300397,1.9389861559975543,15.39336090299912,1.168049728999904,1.970947399000579,9,5184.87,996.02,630.02
264619,MiniCPM-v2.6-Q5_K,0.33093633838648934,0.2042583425470713,1.830798362951533e-06,5.736753415588487e-09,0.05397397310986728,0.21785714285714283,0.00808600733852081,0.0,0.0,0.0,Kites flying in the sky over the ocean.,2.135191716995905,22.006111742004578,1.7942986510024639,14.361472863005474,1.078081421997922,1.8357027070014738,11,5184.87,996.02,630.02
265407,MiniCPM-v2.6-Q5_K,0.6441233938804958,0.5680634379421358,0.4594693115817484,6.533657279677008e-05,0.21180626136331657,0.5341506129597198,0.37190066870725536,0.20689655172413793,0.28571428571428575,0.0,A group of young girls playing rugby.,2.135191716995905,22.967100030000438,2.003817683995294,15.668499430998054,1.2383572899998398,1.8317635819985298,9,5184.87,996.02,630.02
265433,MiniCPM-v2.6-Q5_K,0.8999999998200003,0.774596669082261,0.6694329499402253,0.5410822689350413,0.44060180350228234,0.9,1.5599278736107394,0.36363636363636365,0.6,0.2,A happy dog lays in the grass with a frisbee.,2.135191716995905,20.467995872000756,1.7768160900013754,14.124377876003564,1.0883170680026524,2.179555465001613,14,5184.87,996.02,630.02
265518,MiniCPM-v2.6-Q5_K,0.2420220522198906,4.772739233951095e-09,1.3702475823680688e-11,7.763225772767659e-13,0.06521739130434782,0.32049036777583184,0.0014122809918745577,0.0,0.0,0.0,A healthy breakfast on a sunny day.,2.135191716995905,22.853758213997935,1.9393570160027593,15.607949671000824,1.17486554000061,1.8364127879976877,9,5184.87,996.02,630.02
266070,MiniCPM-v2.6-Q5_K,0.8749999997812503,0.49999999987053595,3.46680637081769e-06,9.55442791933374e-09,0.3224270218650698,0.625,0.7814231128160514,0.22222222222222218,0.4,0.0,A plane flies in the sky at sunset.,2.135191716995905,23.047307458000432,1.995199971999682,15.701687334003509,1.1978258860035567,2.1631823090065154,10,5184.87,996.02,630.02
266409,MiniCPM-v2.6-Q5_K,0.6874999999140626,0.5244044240184329,0.38914247573807637,0.2594750713732382,0.3972794278036895,0.6896984924623116,0.5390451574108015,0.05555555555555555,0.15384615384615383,0.0,A man wearing a blue coat and black pants is cross-country skiing through a snowy forest.,2.135191716995905,20.647095933003584,1.7718707649983116,14.116884629998822,1.0710711920037284,3.003860454002279,19,5184.87,996.02,630.02
267844,MiniCPM-v2.6-Q5_K,0.7777777776913581,0.44095855179204096,3.0285343210043294e-06,8.248720005274413e-09,0.32588589892593073,0.41709401709401706,1.0372061525752156,0.06896551724137931,0.2222222222222222,0.0,"A small kitchenette with a sink, stove, and curtains.",2.135191716995905,23.091991634006263,1.950307746999897,15.562763062996964,1.1904815840025549,2.9417810939994524,14,5184.87,996.02,630.02
268059,MiniCPM-v2.6-Q5_K,0.692307692254438,0.48038446137676916,0.3474868740897304,0.254509385979685,0.3635046536666256,0.696574225122349,1.6576710415974036,0.3,0.5,0.28571428571428575,A woman cooking a large pot over a fire in a rustic kitchen.,2.135191716995905,20.519771396997385,1.77443021399813,14.191565697001352,1.0638092000008328,2.3031292489977204,15,5184.87,996.02,630.02
269784,MiniCPM-v2.6-Q5_K,0.6441233938804958,0.4919573682190146,0.33133470859910874,5.112863129953035e-05,0.22801086094052708,0.5024711696869852,0.3630031305796464,0.08695652173913043,0.22222222222222224,0.0,A yellow motorbike parked on the sidewalk.,2.135191716995905,6.955294916995626,1.7619720779985073,4.7163682200043695,1.0671513020060956,1.498968612999306,10,5184.87,996.02,630.02
270677,MiniCPM-v2.6-Q5_K,0.47768754022329724,0.37001517758895625,0.2905392110293701,4.919625501680315e-05,0.1579073262883721,0.41924398625429554,0.6810082756176958,0.07407407407407407,0.1818181818181818,0.0,A teenager stands holding a skateboard.,2.135191716995905,35.23946900800365,1.9586563400007435,26.429925885997363,1.1998939900004189,1.594182283995906,8,5184.87,996.02,630.02
271424,MiniCPM-v2.6-Q5_K,0.6618726767729786,0.2888649182579176,2.3066613955957108e-06,6.822187978833989e-09,0.18399893611588702,0.34923664122137404,0.652402847521075,0.0,0.0,0.0,Snowboarder and skiers standing on a snowy slope.,2.135191716995905,23.09334013699845,1.9777744680031901,15.662004343997978,1.178354911004135,2.794040025997674,13,5184.87,996.02,630.02
271759,MiniCPM-v2.6-Q5_K,0.7777777776049386,0.3118047821597068,2.4037492832749525e-06,6.9363190820961554e-09,0.2429764754795644,0.43493761140819964,0.3733309528023786,0.25,0.4,0.1818181818181818,An elderly woman in her kitchen slicing a cake.,2.135191716995905,22.953322677996766,1.969253328999912,15.60981694200018,1.1768569050036604,2.188917109000613,11,5184.87,996.02,630.02
271795,MiniCPM-v2.6-Q5_K,0.6153846152899412,0.3202563075598778,2.104751848662491e-06,5.525870141214305e-09,0.20173906921753149,0.39804241435562804,0.4588380271675854,0.06451612903225806,0.1818181818181818,0.0,A very busy and cluttered office desk with a computer and other items.,2.135191716995905,20.64633603900438,1.777597161999438,14.240791904005164,1.0685112869978184,2.514396153994312,16,5184.87,996.02,630.02
273760,MiniCPM-v2.6-Q5_K,0.6428571428112246,0.5447047793615183,0.3670487142632694,4.6046286255013745e-05,0.32272374139475607,0.49539794260963715,1.02234540501332,0.25,0.30769230769230765,0.0,A man holding a tennis ball and a tennis racket on a tennis court.,2.135191716995905,22.80397960999835,2.029715100004978,15.585631502995966,1.1925395679936628,3.1490591050023795,16,5184.87,996.02,630.02
274058,MiniCPM-v2.6-Q5_K,0.6111111110771605,0.32839478869581196,0.18889661560481963,2.5890790937478945e-05,0.27744018196071574,0.3696969696969697,0.42539139390323477,0.19999999999999998,0.4285714285714285,0.0,A man in a vehicle is holding the window up for his dog to look out the window.,2.135191716995905,20.492695235996507,1.7566098909956054,14.213470654001867,1.0904194899994764,3.0700936490029562,20,5184.87,996.02,630.02
274398,MiniCPM-v2.6-Q5_K,0.777777777734568,0.5659164583857459,0.34208829990766476,4.041856130336337e-05,0.3411926157302325,0.46003016591251883,0.601540162426121,0.30303030303030304,0.4615384615384615,0.16666666666666666,A picture of a box for a bench grinder with a knife and a lighter next to it.,2.135191716995905,20.688015302999702,1.7912037839996628,14.173191788002441,1.0889664799979073,3.0262296610017074,20,5184.87,996.02,630.02
275761,MiniCPM-v2.6-Q5_K,0.4999999999583334,0.30151134455149564,0.2087064022232446,3.170233138218017e-05,0.23176961013549124,0.48878205128205127,0.9797741995543279,0.2222222222222222,0.16666666666666666,0.0,A gray military fighter jet with the number 135 on the side.,2.135191716995905,20.49024536700017,1.7592627789999824,14.19811455799936,1.066428887002985,2.6927702899993164,17,5184.87,996.02,630.02
275843,MiniCPM-v2.6-Q5_K,0.2857142857006803,3.77964472990779e-09,9.093186942989732e-12,4.520838194486623e-13,0.28761478045207045,0.35924617196702,0.045285733275593085,0.21428571428571427,0.3636363636363636,0.0,"A red double-decker bus with the words ""Who Are We? John B. Stad-City Clarke"" on the front drives down the street.",2.135191716995905,22.91385549199913,1.9336694379962864,15.632612612003868,1.1820131819986273,6.542145523002546,32,5184.87,996.02,630.02
280392,MiniCPM-v2.6-Q5_K,0.8888888886913584,0.5773502690573166,0.3624601242482373,5.307712169758682e-05,0.3034607264612421,0.5555555555555556,1.115021854178313,0.23529411764705882,0.5,0.0,Two surfers standing on the beach with their surfboards.,2.135191716995905,20.54076546500437,1.7750211989987292,14.134473490994424,1.065047500997025,2.066348927000945,13,5184.87,996.02,630.02
280623,MiniCPM-v2.6-Q5_K,0.6666666665925927,0.49999999994097233,0.4149132666307089,0.3303164317563228,0.22313453914961864,0.41709401709401706,0.8573215336143982,0.24,0.36363636363636365,0.16666666666666669,A man in glasses is looking at the camera.,2.135191716995905,22.973852089999127,1.9552495930038276,15.718879290994664,1.1512479559969506,2.386265083994658,11,5184.87,996.02,630.02
285275,MiniCPM-v2.6-Q5_K,0.9090909089256201,0.797724035068799,0.5963868147931544,7.175852913353727e-05,0.31040104259277546,0.5763779527559055,1.8750447195737316,0.24242424242424246,0.6666666666666666,0.0,A wooden headboard on a bed with a quilt on it.,2.135191716995905,20.650003415001265,1.7894127690015011,14.09552307100239,1.0802995970007032,2.1275712629940244,14,5184.87,996.02,630.02
286010,MiniCPM-v2.6-Q5_K,0.6666666665185187,0.40824829037030635,2.8768479126408824e-06,7.936880924121685e-09,0.2125232809916955,0.4444444444444444,1.3295489426625262,0.2857142857142857,0.6666666666666666,0.0,A fire hydrant with water pouring out of it.,2.135191716995905,20.580175220995443,1.7653719360023388,14.17883387600159,1.1022261120015173,1.8162412640012917,12,5184.87,996.02,630.02
287554,MiniCPM-v2.6-Q5_K,0.8571428570816327,0.7262730391486911,0.44464785150689784,5.3169671529029505e-05,0.3820853141419363,0.7020460358056267,1.2867928693765307,0.36363636363636365,0.4,0.4,A clean and bright bathroom with a white toilet and a white shower curtain.,2.135191716995905,6.994592601004115,1.7825229190057144,4.740618762996746,1.0686073140022927,2.4223361080003087,16,5184.87,996.02,630.02
288714,MiniCPM-v2.6-Q5_K,0.6249999998437503,0.29880715225622895,2.4596703663517755e-06,7.386099953835683e-09,0.16378460855093335,0.34923664122137404,0.3378990425111089,0.125,0.28571428571428575,0.0,A pizza with blackened crust and various toppings.,2.135191716995905,22.76048131800053,1.9985989310007426,15.525098083999183,1.1883663780026836,2.1761660060001304,11,5184.87,996.02,630.02
289938,MiniCPM-v2.6-Q5_K,0.9166666665138891,0.645497224257875,0.4999999999126264,0.34329452392283943,0.30328232509354,0.48878205128205127,1.279108627590465,0.23529411764705882,0.15384615384615383,0.0,A hotdog stand is parked in front of Radio City Music Hall.,2.135191716995905,20.52689869299502,1.7696694109981763,14.13508261500101,1.0653949910047231,2.29668741900241,15,5184.87,996.02,630.02
293841,MiniCPM-v2.6-Q5_K,0.8461538460887575,0.37553380806931463,2.340463103687206e-06,5.983790077842369e-09,0.3165026950287,0.4975530179445351,0.8597169896580981,0.2608695652173913,0.6,0.0,"A bus that is blue, green, and gray is driving on the street.",2.135191716995905,20.65715791399998,1.777635749996989,14.236192994001613,1.06674545500573,2.5911677980038803,17,5184.87,996.02,630.02
295359,MiniCPM-v2.6-Q5_K,0.6999999998600002,0.5577733509080639,3.387987855331136e-06,8.633400211807387e-09,0.34746075241963825,0.5669144981412639,1.5481627119337649,0.16,0.4,0.0,A crow is perched on a bench in a park.,2.135191716995905,20.677404647998628,1.7772287679981673,14.206038921998697,1.0676728389953496,1.9626100870009395,13,5184.87,996.02,630.02
295574,MiniCPM-v2.6-Q5_K,0.7788007828767051,0.6582067952282701,0.482699241010876,6.469512491026359e-05,0.31061437664266733,0.6535714285714286,1.1845659208504595,0.24,0.5,0.0,A man in a bathroom taking a selfie.,2.135191716995905,20.565394309000112,1.8051193249993958,14.11977270499483,1.0606342850005603,1.5170602229991346,10,5184.87,996.02,630.02
295767,MiniCPM-v2.6-Q5_K,0.6655575132310226,0.3430204908712357,0.1948351805356552,2.6566347016696624e-05,0.24081502279329822,0.39794967381174273,0.8126904920107594,0.13333333333333333,0.375,0.0,A small pizza on a table with two storm troopers figures and a large pizza with toppings.,2.135191716995905,22.67855162700289,1.9567501850033295,15.717992616999254,1.1940886699958355,4.188404682005057,20,5184.87,996.02,630.02
297442,MiniCPM-v2.6-Q5_K,0.555555555432099,0.37267799616455977,2.707217535406252e-06,7.583235671536399e-09,0.21096908246464735,0.5555555555555556,0.591326428415265,0.07142857142857142,0.2,0.0,A person standing with their feet on a skateboard.,2.135191716995905,20.53533876700385,1.7633226769976318,14.165350769995712,1.0669351800024742,1.6861065580014838,11,5184.87,996.02,630.02
298186,MiniCPM-v2.6-Q5_K,0.6441233938804958,0.4919573682190146,3.3133470859910884e-06,9.09209923034264e-09,0.2739667945895073,0.48897795591182364,0.8832321562339395,0.2857142857142857,0.5,0.19999999999999998,A man feeding sheep in a pen.,2.135191716995905,20.681726073999016,1.788714335001714,14.130565993000346,1.0674485359995742,1.3615806919988245,9,5184.87,996.02,630.02
302380,MiniCPM-v2.6-Q5_K,0.38940039143835253,0.20814326443213824,1.7782792082538765e-06,5.4401898621431946e-09,0.12645135219005882,0.28955696202531644,0.3083701948125495,0.0,0.0,0.0,A group of people standing together and smiling.,2.135191716995905,23.02310827299516,2.0062822199979564,15.52093096000317,1.1567790670014801,2.1346480430001975,10,5184.87,996.02,630.02
303163,MiniCPM-v2.6-Q5_K,0.4545454545041323,0.426401432670519,0.2723526468536627,3.986357127842452e-05,0.23666615119469175,0.5091819699499166,1.220911150386119,0.13793103448275862,0.36363636363636365,0.0,A building with a crane on top and birds flying above.,2.135191716995905,20.69555652699637,1.7731732669999474,14.120133798998722,1.0672994679989642,2.0836390940021374,13,5184.87,996.02,630.02
303590,MiniCPM-v2.6-Q5_K,0.4999999999791667,0.39009474878613976,0.30245388887516406,0.22656720907792535,0.2509123340816847,0.4568473609129815,0.5502810323485072,0.19999999999999998,0.33333333333333326,0.0,A girl wearing a pink striped hat and pink jacket is smiling and looking at a hot dog and chips in a paper basket.,2.135191716995905,6.837000533996616,1.757406810997054,4.681342552998103,1.060933920001844,4.005107210003189,26,5184.87,996.02,630.02
304578,MiniCPM-v2.6-Q5_K,0.6666666665185187,0.4999999998854169,0.329316877925984,4.939382735892778e-05,0.2824083484844221,0.594541910331384,1.461944553906371,0.21052631578947364,0.4444444444444444,0.0,A woman poses for a picture with a cow.,2.135191716995905,20.63367586300592,1.794907556999533,14.108956074000162,1.0594850580018829,1.6638641289973748,11,5184.87,996.02,630.02
306585,MiniCPM-v2.6-Q5_K,0.7499999998125003,0.5669467093670424,3.769737204628542e-06,1.0173978270206596e-08,0.21880347809993925,0.5820610687022901,0.7550521962895542,0.13333333333333336,0.28571428571428575,0.0,A child wearing skis on a snowy surface.,2.135191716995905,20.49521285299852,1.7693590540002333,14.130648211001244,1.0671967909947853,1.7861107900025672,11,5184.87,996.02,630.02
306688,MiniCPM-v2.6-Q5_K,0.6666666665185187,0.40824829037030635,2.8768479126408824e-06,7.936880924121685e-09,0.18412703402606498,0.4911433172302737,0.4795806248863075,0.125,0.4,0.0,A vegetable pizza is served on a wooden board.,2.135191716995905,20.53889686200273,1.7610025119938655,14.13769261699781,1.060136070002045,1.6642563600034919,11,5184.87,996.02,630.02
307364,MiniCPM-v2.6-Q5_K,0.6153846153372783,0.3922322702449393,0.2409339418389741,3.4389312173559354e-05,0.16453809285839374,0.4834874504623514,0.3271021548565429,0.2857142857142857,0.5,0.2,A crowd of people walk through a city street on a rainy day.,2.135191716995905,23.03247780899983,2.0186684139989666,15.74385698599508,1.1484012759974576,3.1135644420064637,15,5184.87,996.02,630.02
308278,MiniCPM-v2.6-Q5_K,0.555555555432099,0.37267799616455977,2.707217535406252e-06,7.583235671536399e-09,0.142979367784199,0.3333333333333333,0.3065320539452435,0.11764705882352941,0.23529411764705882,0.0,A snowboarder descends a slope on a cloudy day.,2.135191716995905,7.600105499004712,1.9452902400007588,5.225568795998697,1.1874600070004817,2.8553730589992483,14,5184.87,996.02,630.02
308487,MiniCPM-v2.6-Q5_K,0.9166666665138891,0.8660254036368208,0.8067143228713007,0.7348889199554272,0.509067020972102,0.8333333333333334,2.142071164557642,0.47058823529411764,0.6666666666666666,0.3529411764705882,A group of people stand around a table with bottles of wine.,2.135191716995905,7.405975745001342,1.9944770440051798,5.2753483100023,1.211314255000616,2.7961550899999565,14,5184.87,996.02,630.02
309872,MiniCPM-v2.6-Q5_K,0.7777777776049386,0.5400617247435577,0.3466806370930039,5.133450479131077e-05,0.24876208989937637,0.5213675213675214,0.716650362931579,0.08333333333333333,0.2,0.0,A closeup black and white photo of a dog.,2.135191716995905,19.22245485100575,1.7578793320062687,14.143613528998685,1.063568874997145,1.812325127000804,12,5184.87,996.02,630.02
310998,MiniCPM-v2.6-Q5_K,0.5999999999600001,0.4140393355768242,0.2976619229836147,3.850322886591526e-05,0.24695585697360095,0.4149659863945578,0.47178967738677446,0.0,0.0,0.0,A person in a black jacket and black pants is snowboarding down a snowy road.,2.135191716995905,20.503373736995854,1.7593507170022349,14.095076867000898,1.0635653480057954,2.725096255002427,18,5184.87,996.02,630.02
311015,MiniCPM-v2.6-Q5_K,0.8888888886913584,0.7453559923291194,0.42974399636106386,6.030725358915046e-05,0.18412703402606498,0.4911433172302737,1.0534768684917986,0.1904761904761905,0.2222222222222222,0.0,A baseball pitcher throwing a pitch on the mound.,2.135191716995905,20.109702192006807,1.7720071910007391,14.225408190999588,1.0647206300054677,1.671285048003483,11,5184.87,996.02,630.02
312191,MiniCPM-v2.6-Q5_K,0.8888888886913584,0.6666666665138892,0.575369582528176,0.5019724247553313,0.2849406059462433,0.594541910331384,1.201560746534245,0.14285714285714285,0.28571428571428575,0.0,A flock of seagulls are flying over the ocean.,2.135191716995905,7.918275570002152,2.003778220998356,5.2123776040025405,1.1830766209968715,2.609623449992796,13,5184.87,996.02,630.02
314264,MiniCPM-v2.6-Q5_K,0.6333861924984946,0.5046941986849177,0.3065578183355012,4.3929112109282746e-05,0.27418192894085225,0.626099706744868,0.5152436203443496,0.15384615384615383,0.3333333333333333,0.0,A man is hanging a flower pot on a wall.,2.135191716995905,22.715204448002623,1.9350126880017342,15.639081744993746,1.1991904620008427,2.4572090930014383,12,5184.87,996.02,630.02
316047,MiniCPM-v2.6-Q5_K,0.555555555432099,0.26352313828697443,2.1487199818053206e-06,6.376715692219053e-09,0.15036329244730365,0.3333333333333333,0.8387168100919535,0.06666666666666667,0.14285714285714285,0.0,A white and black toothbrush with a white background.,2.135191716995905,6.948778241996479,1.8121337340053287,4.683695213003375,1.068667536994326,1.8191563209984452,12,5184.87,996.02,630.02
317439,MiniCPM-v2.6-Q5_K,0.8888888886913584,0.7453559923291194,0.54144350708125,0.40329891157498915,0.30111912370182836,0.6256410256410255,2.127329094621938,0.3333333333333333,0.5,0.0,A large brown bear looking out of a fence.,2.135191716995905,20.559712581001804,1.8023152370005846,14.08462888199574,1.0560553320028703,1.6751311019979767,11,5184.87,996.02,630.02
317531,MiniCPM-v2.6-Q5_K,0.4493289639374902,0.3891302974162802,0.3566326349952824,0.31772355734533353,0.2070902381622936,0.6288659793814433,1.3387935634996624,0.23076923076923078,0.4,0.2222222222222222,A cow on a hill.,2.135191716995905,19.257239375998324,1.7719363590003923,14.153467684001953,1.065816549998999,1.0578950560011435,7,5184.87,996.02,630.02
318618,MiniCPM-v2.6-Q5_K,0.7999999998400004,0.516397779388174,0.32182979480030366,4.671379776255505e-05,0.20787583589471892,0.5,0.7922569719906465,0.22222222222222224,0.46153846153846156,0.0,A still life of fruit and a cup of tea.,2.135191716995905,22.518286165999598,1.9843106789994636,15.649646088997542,1.2217559740020079,2.3691591379974852,12,5184.87,996.02,630.02
322831,MiniCPM-v2.6-Q5_K,0.8749999997812503,0.49999999987053595,3.46680637081769e-06,9.55442791933374e-09,0.20936271889258148,0.5446428571428571,0.7098415874818214,0.15384615384615383,0.3636363636363636,0.0,A train sits parked outside of a building.,2.135191716995905,20.463731544004986,1.7672319849953055,14.203599013002531,1.0639573509979527,1.5185468049967312,10,5184.87,996.02,630.02
323925,MiniCPM-v2.6-Q5_K,0.7499999998750001,0.4522670167895546,2.7348275374864424e-06,6.9045730820340085e-09,0.18640451297756488,0.4178082191780822,0.3504570539384537,0.19999999999999998,0.23529411764705882,0.0,A food presentation in a small yellow bowl with a pink background.,2.135191716995905,31.8292782599965,1.7824642229970777,23.648039386003802,1.135950686999422,2.138266422000015,14,5184.87,996.02,630.02
324891,MiniCPM-v2.6-Q5_K,0.6999999999300001,0.3944053188316762,2.689047743072969e-06,7.2597952902854695e-09,0.17009740581524616,0.37770897832817335,0.6624714346230299,0.0588235294117647,0.13333333333333333,0.0,A batter at a baseball game swinging at a pitch.,2.135191716995905,20.453587199997855,1.7950894940004218,14.08959517999756,1.0617176209998433,1.8297051320041646,12,5184.87,996.02,630.02
325423,MiniCPM-v2.6-Q5_K,0.4412484511819858,0.2358572181075568,2.015054333953781e-06,6.164542726677392e-09,0.13799920208691527,0.465648854961832,0.22334476215234145,0.05714285714285715,0.18181818181818182,0.0,"A bathroom with blue, yellow, and red tiles.",2.135191716995905,22.57640464999713,1.9677528259999235,15.427478013996733,1.1785160709987395,2.4434035759986727,12,5184.87,996.02,630.02
326021,MiniCPM-v2.6-Q5_K,0.8999999998200003,0.774596669082261,0.5313292844786442,0.382602941543771,0.28451694621800183,0.6945912972753151,2.1022582345157645,0.23076923076923075,0.5454545454545454,0.0,A woman with a brown teddy bear on a table.,2.135191716995905,20.918478543004312,1.7559023759968113,14.147118957000202,1.0658368919976056,2.0355544929989264,13,5184.87,996.02,630.02
326265,MiniCPM-v2.6-Q5_K,0.7499999998750001,0.36927447287505377,2.3890919111710343e-06,6.238986070996532e-09,0.2802517446978532,0.4166666666666667,0.7295471294171771,0.25641025641025644,0.42857142857142855,0.16666666666666666,Two plates of pizza with drinks and a camera on a table.,2.135191716995905,6.8344827339969925,1.774831439004629,4.6904510439999285,1.076297074003378,2.198949393001385,14,5184.87,996.02,630.02
327255,MiniCPM-v2.6-Q5_K,0.6666666665925927,0.4082482904156672,0.28768479129605307,4.463236137244506e-05,0.1774624131352293,0.35672514619883033,0.5142896831557172,0.08000000000000002,0.16666666666666666,0.0,A boy is taking a picture on a snowboard.,2.135191716995905,20.625053670999478,1.787483007996343,14.139114731995505,1.0593081359984353,1.809720377001213,12,5184.87,996.02,630.02
327592,MiniCPM-v2.6-Q5_K,0.7692307691715977,0.5661385170269343,0.38769860539453266,0.2762935070819686,0.36648079610905987,0.657935285053929,0.9330659411416067,0.24390243902439024,0.3333333333333333,0.14285714285714288,A woman in a black shirt is eating a piece of chocolate cake.,2.135191716995905,22.421471184999973,1.983243622998998,15.644656821001263,1.1459945079986937,3.1747887919991626,15,5184.87,996.02,630.02
328354,MiniCPM-v2.6-Q5_K,0.6666666665185187,0.40824829037030635,2.8768479126408824e-06,7.936880924121685e-09,0.17867057472832104,0.4756335282651072,0.47848030655737606,0.10256410256410256,0.36363636363636365,0.0,An old refrigerator sits in a run down room.,2.135191716995905,20.49073988499731,1.7594392190003418,14.122738541002036,1.0661726780017489,1.770904627002892,11,5184.87,996.02,630.02
329494,MiniCPM-v2.6-Q5_K,0.6191984996446447,0.5180586331363808,0.35967914108828075,5.635220630781876e-05,0.27876162646895597,0.6112224448897796,1.0053870122519257,0.1818181818181818,0.1818181818181818,0.0,Two giraffes stand together in a savanna.,2.135191716995905,20.623322557999927,1.7687829290007357,14.136621468001977,1.0553117039962672,1.8137889459976577,12,5184.87,996.02,630.02
330091,MiniCPM-v2.6-Q5_K,0.866666666608889,0.5563486402257724,0.28768479131177505,3.753119268471762e-05,0.264875556345835,0.5707602339181287,0.4137453914377825,0.14634146341463414,0.375,0.0,A man wearing red and black ski gear is skiing down a snow covered hill.,2.135191716995905,20.449497042005532,1.7657668859974365,14.127373670999077,1.0777260130053037,2.6228928199998336,17,5184.87,996.02,630.02
330835,MiniCPM-v2.6-Q5_K,0.6191984996446447,0.42299310267594614,0.3142086712278531,5.091996652758037e-05,0.24697278815472187,0.6112224448897796,0.6955199807746609,0.2608695652173913,0.3076923076923077,0.2857142857142857,A skateboarder standing on a red skateboard.,2.135191716995905,20.479136596004537,1.7777514920016984,14.087601475002884,1.0594728459982434,1.5248755510037881,10,5184.87,996.02,630.02
332987,MiniCPM-v2.6-Q5_K,0.636363636247934,0.504524979015488,0.38387009253436954,5.156626917220543e-05,0.23120057629285892,0.4314002828854314,0.9762222852032137,0.1818181818181818,0.28571428571428575,0.0,A skateboarder wearing a red shirt rides through a parking lot.,2.135191716995905,23.106542617999366,1.9833243169996422,15.610269532997336,1.2196265029997448,2.7858424549995107,14,5184.87,996.02,630.02
333956,MiniCPM-v2.6-Q5_K,0.7165313103349458,0.7165313103230035,0.6510118996839961,0.5066641484344341,0.40280482420912195,0.7721518987341772,2.262860067758637,0.22222222222222218,0.30769230769230765,0.16666666666666669,A parking meter near the water.,2.135191716995905,22.515326445995015,2.008826395001961,15.71631685399916,1.1733651449976605,1.7117165739982738,8,5184.87,996.02,630.02
337065,MiniCPM-v2.6-Q5_K,0.5999999998800002,0.4472135954080309,0.29240177375928683,4.3472087184946525e-05,0.2617632057484603,0.31881533101045295,0.5914104616637493,0.21428571428571425,0.5,0.0,"A plate with cooked beef, carrots, green peppers, and potatoes.",2.135191716995905,20.57441465100419,1.7611395359999733,14.156174846997601,1.0587131889988086,2.2649755950042163,15,5184.87,996.02,630.02
338419,MiniCPM-v2.6-Q5_K,0.7788007828767051,0.7788007828697514,0.7788007828612525,0.7788007828505132,0.4159580270745641,0.7624999999999998,3.8928529285360773,0.3225806451612903,0.5,0.0,A teddy bear with a red bow tie.,2.135191716995905,6.766309327002091,1.7625784370029578,4.7383995709969895,1.0720582700014347,1.6518454770048265,11,5184.87,996.02,630.02
338774,MiniCPM-v2.6-Q5_K,0.18393972049375146,0.15018615287369194,1.6068614649454243e-06,6.250434468381108e-09,0.1157987059448062,0.31443298969072164,0.5395369512602868,0.06896551724137931,0.15384615384615385,0.0,A zebra with stripes.,2.135191716995905,20.743068992996996,1.7964190920029068,14.149922360993514,1.0599126309971325,1.0769809220000752,7,5184.87,996.02,630.02
342971,MiniCPM-v2.6-Q5_K,0.7777777776049386,0.6972166886186177,0.6524779400398905,0.6104735834296803,0.3772553226133984,0.6256410256410255,2.081251918022567,0.375,0.4,0.0,A man catching a green frisbee in the air.,2.135191716995905,6.279611951998959,1.7716682809987105,4.718489753999165,1.067523921999964,1.9537798460005433,13,5184.87,996.02,630.02
343198,MiniCPM-v2.6-Q5_K,0.7333333332355557,0.6055300707373193,0.3835182407604394,4.656334879867909e-05,0.2958716320884327,0.580952380952381,0.9398271890684639,0.2222222222222222,0.4285714285714285,0.0,"A large, old umbrella and a red suitcase are placed by a car's tire.",2.135191716995905,7.501075118001609,1.9912256780007738,5.134562315004587,1.1803064580017235,3.6525211990010575,18,5184.87,996.02,630.02
349152,MiniCPM-v2.6-Q5_K,0.8999999998200003,0.5477225573925789,0.33471647497011275,4.8109772899216365e-05,0.322519306969059,0.6,1.0169825819446507,0.3333333333333333,0.75,0.28571428571428575,A variety of doughnuts are in boxes on a table.,2.135191716995905,20.579619144999015,1.807245295996836,14.045420226000715,1.055448945997341,1.9772621500014793,13,5184.87,996.02,630.02
350000,MiniCPM-v2.6-Q5_K,0.5367694949004131,0.44909357984071563,0.31179789841055805,4.885048225041087e-05,0.20326368596694702,0.45607476635514016,1.1262156217694648,0.1176470588235294,0.28571428571428575,0.0,People sit under umbrellas on a beach.,2.135191716995905,20.490530297996884,1.7798833950000699,14.235543114999018,1.067946645001939,1.5275945309986128,10,5184.87,996.02,630.02
350157,MiniCPM-v2.6-Q5_K,0.19999999998666673,3.7796447298312975e-09,1.0319362512278992e-11,5.501034141770605e-13,0.11883100456649151,0.2489795918367347,0.11734422684515247,0.05405405405405406,0.11764705882352941,0.0,A couple walking on a sidewalk next to a street with lots of parked cars.,2.135191716995905,20.690087019000202,1.7627369210022152,14.174308198998915,1.0685870369998156,2.6035549549997086,17,5184.87,996.02,630.02
351081,MiniCPM-v2.6-Q5_K,0.6191984996446447,0.2991012912972992,2.493875876223122e-06,7.614310988684265e-09,0.1943069997638359,0.45607476635514016,0.5121771651944366,0.2162162162162162,0.33333333333333337,0.2222222222222222,A fueling station with several trucks parked.,2.135191716995905,20.680945680003788,1.8065097260041512,14.085262303997297,1.066310166999756,1.5125401409968617,10,5184.87,996.02,630.02
351463,MiniCPM-v2.6-Q5_K,0.9230769230059173,0.8770580192367523,0.8239824905652956,0.7611606002681659,0.4614869824659638,0.8863936591809777,2.4289689134360377,0.43243243243243246,0.5333333333333333,0.4615384615384615,A person with a black jacket and hat is holding a baseball bat.,2.135191716995905,20.680690534005407,1.7691655820017331,14.159048356996209,1.0666400530026294,2.2971939650014974,15,5184.87,996.02,630.02
351823,MiniCPM-v2.6-Q5_K,0.4545454545041323,0.21320071633525958,1.715714163827573e-06,5.01257871520395e-09,0.2080920376201958,0.4073455759599332,0.45236498771853284,0.2857142857142857,0.4,0.0,A young tennis player waits for the ball to be served.,2.135191716995905,21.119745688003604,2.0200620850009727,15.720561756999814,1.1724840809984016,2.7422565410015523,13,5184.87,996.02,630.02
352761,MiniCPM-v2.6-Q5_K,0.6618726767729786,0.577729836515835,0.4613322791191417,0.3628241433602024,0.4157046516265999,0.6535714285714286,1.3913652961788818,0.4210526315789474,0.4444444444444445,0.4,"A man sits on a park bench, relaxing.",2.135191716995905,6.972648937000486,1.7561865999959991,4.682127028994728,1.0701091360024293,1.6527794760040706,11,5184.87,996.02,630.02
356351,MiniCPM-v2.6-Q5_K,0.9999999997500004,0.8451542545096824,0.7808966654083622,0.7311104455016595,0.4330443609938043,0.875,1.4096801291745187,0.24999999999999997,0.36363636363636365,0.33333333333333337,A filthy toilet and sink in a bathroom.,2.135191716995905,20.708198933003587,1.776435305000632,14.176276602003782,1.0751575029935339,1.5601337219995912,10,5184.87,996.02,630.02
356827,MiniCPM-v2.6-Q5_K,0.7788007828767051,0.6582067952282701,0.482699241010876,6.469512491026359e-05,0.285785267876605,0.6535714285714286,1.1211133809354437,0.1935483870967742,0.42857142857142855,0.0,A person skiing down a snow covered hill.,2.135191716995905,20.53122159600025,1.7677961590015911,14.155412528998568,1.078059461004159,1.526910640001006,10,5184.87,996.02,630.02
358502,MiniCPM-v2.6-Q5_K,0.999999999818182,0.9999999998136365,0.8220706912859959,0.5133450479387008,0.43867622022458463,0.8146911519198664,2.287733493172087,0.3809523809523809,0.6666666666666666,0.0,A young girl wearing a hat is sitting on a bed.,2.135191716995905,22.873171637002088,2.0122353909973754,15.705107076995773,1.1463682419998804,2.663802413000667,13,5184.87,996.02,630.02
360449,MiniCPM-v2.6-Q5_K,0.7272727272066117,0.6030226890979661,0.5447052937073253,0.49616829998106793,0.39657658769277837,0.768503937007874,1.6490177530010022,0.2285714285714286,0.4615384615384615,0.0,A red light is lit on a busy street at dusk.,2.135191716995905,20.651861108999583,1.7692054369981633,14.1099151610033,1.0623819590036874,2.0111450840049656,13,5184.87,996.02,630.02
363432,MiniCPM-v2.6-Q5_K,0.7999999998400004,0.516397779388174,3.218297948003038e-06,8.307018472587394e-09,0.2776921155238593,0.5366568914956013,0.31887050265676886,0.2,0.42857142857142855,0.0,A man and a woman stand in a subway station.,2.135191716995905,20.53948232300172,1.7569293449996621,14.167576075000397,1.0596831100046984,1.8494462520029629,12,5184.87,996.02,630.02
363736,MiniCPM-v2.6-Q5_K,0.818181818033058,0.7006490496147952,0.6020134377934564,0.4832697829950971,0.32118952346219104,0.6363636363636364,1.6117033111188894,0.3870967741935484,0.5714285714285715,0.2857142857142857,"A cozy living room with a couch, chairs, and a TV.",2.135191716995905,20.528306306005106,1.7688957670034142,14.081264248998195,1.0995782440004405,2.275082950000069,15,5184.87,996.02,630.02
368905,MiniCPM-v2.6-Q5_K,0.37225088991138877,0.20103845768654688,1.739752057837663e-06,5.411516284063921e-09,0.14233975771888607,0.32049036777583184,0.0549840883215596,0.07407407407407407,0.2,0.0,Two photos of dogs in a car.,2.135191716995905,6.780972972999734,1.7656526919963653,4.710248789997422,1.0721648410035414,1.3547761510053533,9,5184.87,996.02,630.02
370207,MiniCPM-v2.6-Q5_K,0.6618726767729786,0.40851668509414246,0.29062112472909196,4.562272069571923e-05,0.2299447524060212,0.465648854961832,0.9896117453571622,0.17142857142857143,0.2857142857142857,0.0,A newlywed couple is feeding each other cake.,2.135191716995905,22.82112792800035,1.9737133779999567,15.52342477899947,1.1654328490039916,2.333248122005898,11,5184.87,996.02,630.02
371999,MiniCPM-v2.6-Q5_K,0.44444444441975317,0.22866478017693462,1.4839736555818711e-06,3.841906830017814e-09,0.18874773139745918,0.3986928104575163,0.41247432791935335,0.2162162162162162,0.3333333333333333,0.0,"A tall, decorative clock tower with a white clock face, in a busy, festive city street, at night.",2.135191716995905,20.538927620000322,1.756117782999354,14.129698693002865,1.0626643979994697,3.7661263100017095,24,5184.87,996.02,630.02
372260,MiniCPM-v2.6-Q5_K,0.4412484511819858,0.2358572181075568,2.015054333953781e-06,6.164542726677392e-09,0.17259475218658893,0.465648854961832,0.44188946577373267,0.07692307692307691,0.2,0.0,"A large, green clock in a town square.",2.135191716995905,22.846977907996916,2.0570183240051847,15.71858790999977,1.1688383619984961,2.238071719999425,11,5184.87,996.02,630.02
373381,MiniCPM-v2.6-Q5_K,0.7499999998125003,0.46291004976641537,3.2931687791531186e-06,9.193227149641706e-09,0.19771631449143304,0.4178082191780822,0.3940382419086324,0.10810810810810813,0.2857142857142857,0.0,A bed and nightstand in a hotel room.,2.135191716995905,20.653198596002767,1.7629188909995719,14.226205374005076,1.0644188700025552,1.6614019170010579,11,5184.87,996.02,630.02
374707,MiniCPM-v2.6-Q5_K,0.7499999999375001,0.6396021490111085,0.4341268110319349,0.3087818953665974,0.3477841770894245,0.48878205128205127,1.5564632703065975,0.14814814814814817,0.22222222222222224,0.22222222222222224,A white toilet is in a bathroom with a glass shower door.,2.135191716995905,20.681313078006497,1.7692265829973621,14.267351467999106,1.0677482450046227,2.113777261998621,14,5184.87,996.02,630.02
375198,MiniCPM-v2.6-Q5_K,0.3333333332962964,6.454972242916984e-09,1.812300621442555e-11,9.980099402512292e-13,0.16918926564802297,0.2378167641325536,0.452180845986374,0.11111111111111112,0.28571428571428575,0.0,A market stand is piled high with ripe bananas.,2.135191716995905,20.468349461996695,1.7559805199998664,14.164984096001717,1.0592131329976837,1.6716267910014722,11,5184.87,996.02,630.02
376093,MiniCPM-v2.6-Q5_K,0.818181818033058,0.5720775534407411,0.41741280440467754,5.491004866675751e-05,0.3475545578123479,0.6363636363636364,0.9309491711243694,0.20512820512820512,0.5000000000000001,0.0,A group of friends getting food and drinks at a party.,2.135191716995905,22.815428542002337,1.8925317469984293,15.559692293005355,1.1541429520002566,2.6633488969964674,13,5184.87,996.02,630.02
376679,MiniCPM-v2.6-Q5_K,0.8888888886913584,0.6666666665138892,0.5026316273000944,0.3814165615421597,0.2784307807788049,0.5962854349951124,0.7878213117682755,0.16,0.36363636363636365,0.0,A man playing a game on a Nintendo Wii.,2.135191716995905,20.611912824999308,1.768795809999574,14.19217195600504,1.0635914879967459,1.6766622379946057,11,5184.87,996.02,630.02
377588,MiniCPM-v2.6-Q5_K,0.33203662404227063,0.17412147460524838,1.4543210235451372e-06,4.328649144449854e-09,0.205258403849982,0.25884016973125884,0.3024083721191771,0.1875,0.25,0.0,A baseball player wearing number 22 is standing on the mound.,2.135191716995905,20.562957881003967,1.7630731520039262,14.181779776001349,1.0632749780052109,2.2834416679979768,15,5184.87,996.02,630.02
380495,MiniCPM-v2.6-Q5_K,0.9230769230059173,0.7337993856465449,0.46089005033204256,5.593684915441997e-05,0.2924508134830564,0.507628294036061,1.371265051604487,0.28571428571428575,0.5714285714285714,0.0,A sandy beach with surfboards on the sand and people in the water.,2.135191716995905,20.62127007699746,1.769987958999991,14.11216226399847,1.0564583350060275,2.5239047829963965,16,5184.87,996.02,630.02
381246,MiniCPM-v2.6-Q5_K,0.6666666665185187,0.4999999998854169,3.2931687792598418e-06,8.783602617539847e-09,0.1961959835985276,0.3929146537842191,0.4481369141307461,0.14285714285714285,0.30769230769230765,0.0,A man gives a thumbs up over a pizza.,2.135191716995905,20.551671470006113,1.8086247699975502,14.172329537999758,1.0632678469992243,1.685667582998576,11,5184.87,996.02,630.02
381610,MiniCPM-v2.6-Q5_K,0.8461538460887575,0.6504436355358721,0.48683594404296043,0.3897574951631811,0.46520186568405714,0.7519260400616331,1.9712161012361902,0.26086956521739124,0.6,0.0,A woman with an apron is taking a pizza out of the oven.,2.135191716995905,20.749190552000073,1.7775142729951767,14.19209640900226,1.0657266349953716,2.44471747600619,16,5184.87,996.02,630.02
382172,MiniCPM-v2.6-Q5_K,0.7272727271404961,0.6605782589527088,0.6235319076442863,0.5491004866675752,0.3103946365368139,0.6724409448818898,2.1524213906635152,0.35714285714285715,0.5454545454545454,0.4444444444444445,A brown and white horse in a field wearing a blanket.,2.135191716995905,20.503898630006006,1.7632993360020919,14.176346712003578,1.0646560599998338,2.0330647959999624,13,5184.87,996.02,630.02
383053,MiniCPM-v2.6-Q5_K,0.636363636247934,0.43693144867122347,0.2768182380057799,4.035278636666363e-05,0.1508430511649449,0.4073455759599332,0.39122649697353384,0.125,0.28571428571428575,0.0,A group of people walk on a bridge in the rain.,2.135191716995905,20.50540010700206,1.780746217998967,14.207909527998709,1.0675866890014731,1.9684448600019095,13,5184.87,996.02,630.02
384010,MiniCPM-v2.6-Q5_K,0.7315493268057968,0.45779348706775136,0.2533449857044029,3.425159536829874e-05,0.26922759273782704,0.6753954305799649,0.9533524795687196,0.28571428571428575,0.4444444444444444,0.18181818181818182,A piece of grilled chicken is served on a bed of rice and broccoli.,2.135191716995905,20.61011938199954,1.7716370679991087,14.100902849000704,1.0654821240023011,2.554202682003961,16,5184.87,996.02,630.02
384015,MiniCPM-v2.6-Q5_K,0.6666666665925927,0.4082482904156672,0.28768479129605307,4.463236137244506e-05,0.22081193288779888,0.4756335282651072,0.8058913292590887,0.17142857142857143,0.36363636363636365,0.0,Two men in casual clothing playing a video game.,2.135191716995905,20.499350489997596,1.7694994019984733,14.165028796996921,1.057636541001557,1.66250134800066,11,5184.87,996.02,630.02
384554,MiniCPM-v2.6-Q5_K,0.7499999998125003,0.5669467093670424,0.4749571256683354,0.38260294151932694,0.2965576615659671,0.5,1.8390423690550222,0.2,0.18181818181818182,0.0,A man standing near a stainless steel refrigerator.,2.135191716995905,20.628050444996916,1.8104585549954209,14.139710760995513,1.065427975001512,1.529370846998063,10,5184.87,996.02,630.02
385514,MiniCPM-v2.6-Q5_K,0.5971094252791215,0.5066641484618783,0.3582656551535405,5.7568161774596786e-05,0.4072880946758505,0.6434599156118143,1.242870499859415,0.4,0.4444444444444445,0.2857142857142857,A baseball player hits the ball.,2.135191716995905,20.455699847996584,1.76237686600507,14.109608587001276,1.0575334070017561,1.2233402749989182,8,5184.87,996.02,630.02
386424,MiniCPM-v2.6-Q5_K,0.7777777776049386,0.6236095643194133,0.4807498566549901,0.3688939731421322,0.3135462642055609,0.5213675213675214,0.9094408884626937,0.36363636363636365,0.4,0.22222222222222224,Two people sit at a table in a restaurant.,2.135191716995905,23.33808079400478,1.9712213229940971,15.774457817002258,1.1317935639963252,2.220239706999564,11,5184.87,996.02,630.02
388564,MiniCPM-v2.6-Q5_K,0.4294155959203306,0.2319109274149018,2.006917073718257e-06,6.2425357546009905e-09,0.2125232809916955,0.3667334669338677,0.7963125046750918,0.17142857142857143,0.3076923076923077,0.0,Two men on opposing teams playing soccer.,2.135191716995905,20.89527631699457,1.770779714002856,14.134866726999462,1.0676388420033618,1.4246532379984274,9,5184.87,996.02,630.02
389429,MiniCPM-v2.6-Q5_K,0.6666666666388888,0.5897678245944807,0.39841268169836247,0.2785816719766813,0.34604787934347,0.5885964912280701,0.44804553961011084,0.32653061224489793,0.5555555555555556,0.0,"A cozy room with a black leather couch, a table with a wine bottle and glass, a lamp, and a bookshelf in the background.",2.135191716995905,20.532040417994722,1.7584652459991048,14.106346305001352,1.061060747000738,4.668170126002224,30,5184.87,996.02,630.02
390137,MiniCPM-v2.6-Q5_K,0.35294117646020773,0.23124864502453574,0.14951317712512502,1.8120458368313502e-05,0.2844794380004147,0.4033057851239669,0.0001331268203182809,0.1951219512195122,0.47058823529411764,0.0,"A man in a dark coat and jeans is standing with a blue bike on a path. In the background, two people sit on a bench and a woman is walking on the path.",2.135191716995905,8.29327795199788,1.970418887998676,5.299144759002957,1.1871254700017744,7.6265283370012185,38,5184.87,996.02,630.02
394009,MiniCPM-v2.6-Q5_K,0.999999999909091,0.7745966691675447,0.6436595896722872,0.5081327481003691,0.44312101764532064,0.4803149606299213,1.6659325484674072,0.4,0.6666666666666666,0.25,A white and red bathtub in a bathroom with stone walls.,2.135191716995905,20.58979324399843,1.7708973879998666,14.117161812995619,1.0687728120028623,1.9768184320055298,13,5184.87,996.02,630.02
394458,MiniCPM-v2.6-Q5_K,0.47768754022329724,0.2616402412150957,2.306011246130165e-06,7.356555998002494e-09,0.13062434301490158,0.4178082191780822,0.801999453164048,0.16000000000000003,0.18181818181818182,0.0,Two elephants interacting in the wild.,2.135191716995905,20.487097661003645,1.7511388899947633,14.050267059996258,1.0594446530012647,1.208376415001112,8,5184.87,996.02,630.02
396729,MiniCPM-v2.6-Q5_K,0.6798309969927308,0.5830623656442369,0.43195160775201014,0.2674674548336154,0.2762635931268065,0.5684995340167754,0.7517379661751593,0.15789473684210525,0.3333333333333333,0.0,"A collection of electronics including a remote, a phone, and a camera on top of a book.",2.135191716995905,20.460175241001707,1.766995872996631,14.059177217997785,1.0575899179966655,3.2833443799972883,21,5184.87,996.02,630.02
400238,MiniCPM-v2.6-Q5_K,0.5454545454049587,0.4045199174393321,0.26295358940645724,3.882726777107734e-05,0.2675885427363582,0.4698331193838254,0.4363541814021754,0.1875,0.3333333333333333,0.0,A group of friends dressed in costumes play video games together.,2.135191716995905,20.616324000999157,1.7589981970013469,14.102536682999926,1.066749671997968,2.0811686560045928,13,5184.87,996.02,630.02
400547,MiniCPM-v2.6-Q5_K,0.5999999999400001,0.36514837163156744,2.554364774358996e-06,6.985342055743659e-09,0.20660758024625542,0.42508710801393734,0.8288891606317405,0.1764705882352941,0.3333333333333333,0.0,Several small boats with outboard motors are in the water.,2.135191716995905,20.670998115005204,1.7626557500043418,14.130538147997868,1.0569326859986177,2.0620198780015926,13,5184.87,996.02,630.02
401028,MiniCPM-v2.6-Q5_K,0.7999999999200001,0.5163977794398137,3.2182979483248667e-06,8.307018473418093e-09,0.28241406634853955,0.4535315985130111,0.793382116493144,0.0,0.0,0.0,A girl playing frisbee with a castle in the background.,2.135191716995905,20.358024531997216,1.7590135509963147,14.138924316997873,1.0657148630052689,2.254138835000049,14,5184.87,996.02,630.02
401240,MiniCPM-v2.6-Q5_K,0.5488116358745021,0.27440581793039104,2.397155619453189e-06,7.840982782237241e-09,0.2050588047066717,0.44309927360774815,0.8357527919605023,0.23076923076923075,0.3636363636363636,0.0,Entrance to the Waterloo Station.,2.135191716995905,20.635780001000967,1.7722783529970911,14.045464839997294,1.0801431229992886,1.2507027230021777,8,5184.87,996.02,630.02
401828,MiniCPM-v2.6-Q5_K,0.7667036787299856,0.5662481937231346,0.3089874337999201,4.167227246945333e-05,0.40029336687832023,0.7280477408354645,1.6566751372999344,0.13793103448275862,0.3333333333333333,0.0,A woman is walking on a sidewalk while talking on her phone.,2.135191716995905,20.67523020200315,1.7532955200003926,14.129671833004977,1.0575733259975095,2.125949478999246,14,5184.87,996.02,630.02
402528,MiniCPM-v2.6-Q5_K,0.7777777776049386,0.5400617247435577,0.3466806370930039,5.133450479131077e-05,0.2608673010866939,0.4911433172302737,1.4088795364281201,0.24242424242424246,0.4285714285714285,0.13333333333333333,A sandwich on a plate with French's mustard.,2.135191716995905,20.542058031001943,1.768459458995494,14.154276539993589,1.0631566279989784,1.6729800310058636,11,5184.87,996.02,630.02
402723,MiniCPM-v2.6-Q5_K,0.6666666665185187,0.4999999998854169,0.4149132665846075,0.33031643171962105,0.24008023967926223,0.5555555555555556,0.5876723108314161,0.14285714285714288,0.36363636363636365,0.0,A young man performs a trick on a skateboard.,2.135191716995905,20.10746491700411,1.7827414820058038,14.123625759995775,1.0826247709992458,1.661723224002344,11,5184.87,996.02,630.02
403907,MiniCPM-v2.6-Q5_K,0.7777777776049386,0.6972166886186177,0.5928155506075895,0.4316700105783786,0.36559047260524236,0.6256410256410255,1.7313164855476484,0.3225806451612903,0.3333333333333333,0.22222222222222224,A red bench on a city street at night.,2.135191716995905,22.657450197999424,1.900621737993788,15.470117217002553,1.217943342999206,2.210622146005335,11,5184.87,996.02,630.02
405574,MiniCPM-v2.6-Q5_K,0.6666666665185187,0.4999999998854169,3.2931687792598418e-06,8.783602617539847e-09,0.2669330464242408,0.4444444444444444,0.9904141344255419,0.25,0.5,0.0,A woman playing with a bird in a park.,2.135191716995905,23.72631000199908,2.0346606169987353,15.621794277001754,1.1891551160006202,2.268862008000724,11,5184.87,996.02,630.02
408138,MiniCPM-v2.6-Q5_K,0.4482758620535078,0.2829297811792259,0.180998309910211,2.185307482215997e-05,0.2687155691993147,0.3809099018733274,0.0042504861318573275,0.33333333333333326,0.37499999999999994,0.0,"A blue, white and orange double decker bus with the number 300 and the words connect on the side is parked in front of a black and yellow fence.",2.135191716995905,20.463074111001333,1.759521763997327,14.16532981799537,1.0647784539978602,5.495175141004438,36,5184.87,996.02,630.02
408307,MiniCPM-v2.6-Q5_K,0.833333333263889,0.674199862404505,0.5147142491530372,0.35084396953006897,0.19720804633078665,0.5666135881104034,0.9538730422178487,0.20512820512820512,0.47058823529411764,0.0,A white car with a ramp and a dog in the trunk.,2.135191716995905,22.889995498000644,1.9420566010012408,15.807553798003937,1.194325750999269,2.8855935579995275,14,5184.87,996.02,630.02
409241,MiniCPM-v2.6-Q5_K,0.4999999998750002,0.26726124184322303,2.2833557013653306e-06,6.985342054598842e-09,0.13150684931506848,0.375,0.4840735322867463,0.125,0.28571428571428575,0.0,A train with the number 45379 on it.,2.135191716995905,20.512367701994663,1.780207515002985,14.104629260000365,1.0705717590026325,2.3706971610008623,15,5184.87,996.02,630.02
412019,MiniCPM-v2.6-Q5_K,0.4999999999583334,0.3692744729058266,0.23890919113701245,3.50843969530069e-05,0.23778250096447806,0.5187074829931972,0.5965318959884744,0.2608695652173913,0.5,0.0,A commercial plane with red tail fins flying in a blue sky.,2.135191716995905,22.936667911999393,1.938435821000894,15.803531634999672,1.187195963000704,2.8968701970006805,14,5184.87,996.02,630.02
413275,MiniCPM-v2.6-Q5_K,0.23884377011164867,5.85045365006396e-09,1.830282338978762e-11,1.1000617045598687e-12,0.1313927215032245,0.23921568627450981,0.2227084865458242,0.0,0.0,0.0,Two semi-trailers parked side by side.,2.135191716995905,20.704885284998454,1.764719585000421,14.081653928005835,1.0608049419970484,1.774823360996379,11,5184.87,996.02,630.02
413435,MiniCPM-v2.6-Q5_K,0.636363636247934,0.25226248950774416,1.91935046267185e-06,5.452469118553107e-09,0.19795749397969017,0.384251968503937,0.6604666704671609,0.10810810810810811,0.15384615384615383,0.0,A large bathroom mirror is reflecting a lamp and a plant.,2.135191716995905,20.513017463003052,1.8093585249953321,14.110627312998986,1.062577707998571,1.967192611999053,13,5184.87,996.02,630.02
415672,MiniCPM-v2.6-Q5_K,0.4666666666355556,0.31622776599500324,1.9740230336070894e-06,5.03174762615483e-09,0.19447110922028518,0.36802413273001505,0.34355232257411816,0.2285714285714286,0.39999999999999997,0.14285714285714288,A motorcycle with two people on it is passing a restaurant called Le Saint Gervais.,2.135191716995905,20.477107391001482,1.7707022019967553,14.084781702993496,1.0568759969974053,2.87014705499314,19,5184.87,996.02,630.02
415770,MiniCPM-v2.6-Q5_K,0.6666666666222223,0.5345224837879413,0.44464785150936803,0.3479159474868944,0.389295230945594,0.6329442282749675,1.1139108029457259,0.23529411764705882,0.30769230769230765,0.0,A girl wearing a blue shirt and a black skirt is holding a tennis racket.,2.135191716995905,20.5651633929956,1.7950794889984536,14.106055946998822,1.0696551709988853,2.574788088997593,17,5184.87,996.02,630.02
415961,MiniCPM-v2.6-Q5_K,0.5833333332847223,0.23028309321585674,1.7438456254661345e-06,4.926862020644611e-09,0.21207651576256725,0.46212121212121204,0.4655229678374259,0.07692307692307691,0.2222222222222222,0.0,A brown dog is running with a white object in its mouth.,2.135191716995905,20.55081188100303,1.7655376239999896,14.204493097997329,1.0655710529972566,2.1367358560019056,14,5184.87,996.02,630.02
416749,MiniCPM-v2.6-Q5_K,0.6363636363057852,0.43693144871094447,0.2768182380309452,4.035278637033206e-05,0.31190544301556494,0.4803149606299213,1.172162722130591,0.21428571428571425,0.36363636363636365,0.0,A couple of deer in the middle of a parking lot.,2.135191716995905,20.514462464001554,1.7604513320038677,14.101004859003297,1.1135059099979117,1.9613537909972365,13,5184.87,996.02,630.02
416837,MiniCPM-v2.6-Q5_K,0.6618726767729786,0.40851668509414246,0.29062112472909196,4.562272069571923e-05,0.25340565624526556,0.465648854961832,0.9874925226030193,0.26666666666666666,0.5454545454545454,0.0,A brown cow eating grass in the mountains.,2.135191716995905,20.499234761999105,1.7593920989966136,14.13975856199977,1.0773662900028285,1.5328820799986715,10,5184.87,996.02,630.02
418711,MiniCPM-v2.6-Q5_K,0.6814506850171169,0.6156960793476649,0.5284976412041222,0.46307771606775977,0.3571499884484984,0.7624999999999998,1.7170757426438148,0.3076923076923077,0.5454545454545454,0.18181818181818182,A person with a bike full of bananas.,2.135191716995905,20.639846205005597,1.8028222049979377,14.068582856998546,1.058112416001677,1.5103650439996272,10,5184.87,996.02,630.02
419653,MiniCPM-v2.6-Q5_K,0.6999999998600002,8.819171035069142e-09,2.1342986078599438e-11,1.0855926038158344e-12,0.24192832149147192,0.4,0.6582086143074319,0.2,0.5,0.0,A cluttered kitchen table with various food items and containers.,2.135191716995905,22.929619464004645,1.9492199489977793,15.71810214099969,1.1484533330003615,2.5780962289936724,13,5184.87,996.02,630.02
422706,MiniCPM-v2.6-Q5_K,0.4444444443950618,0.23570226036769004,1.9946949350432784e-06,6.030725359585126e-09,0.09061567000222383,0.2785388127853881,0.11151623894431492,0.1818181818181818,0.4,0.0,People looking down at a lifeboat in the water.,2.135191716995905,20.481124389996694,1.7720420280020335,14.136853390002216,1.0600578610028606,1.8377761480005574,12,5184.87,996.02,630.02
423944,MiniCPM-v2.6-Q5_K,0.6666666665185187,0.5773502690573166,0.3624601242482373,5.307712169758682e-05,0.19130888123138268,0.4841269841269841,0.9509972102209194,0.26666666666666666,0.4,0.0,Two mannequins on a stage with a pink background.,2.135191716995905,20.92388310199749,1.7668747729985625,14.130252039001789,1.056803644001775,2.2411069270019652,14,5184.87,996.02,630.02
424271,MiniCPM-v2.6-Q5_K,0.916666666590278,0.816496580856592,0.6933612742872518,0.5773502691340049,0.4957809789727655,0.8318181818181818,1.736012459449774,0.29411764705882354,0.6153846153846154,0.0,A group of young people wearing helmets and knee pads on skateboards.,2.135191716995905,20.496602737999638,1.7558910200023092,14.156353166006738,1.0687120660004439,2.267652697999438,15,5184.87,996.02,630.02
425226,MiniCPM-v2.6-Q5_K,0.3032653297552284,0.1918018354745145,1.7735064071095558e-06,5.795053468391787e-09,0.15005897602194218,0.3860759493670886,0.4723652913818339,0.0,0.0,0.0,A woman opens a refrigerator door.,2.135191716995905,20.622111256001517,1.7713613279993297,14.08600980900519,1.0624820579978405,1.313274255997385,8,5184.87,996.02,630.02
426372,MiniCPM-v2.6-Q5_K,0.6666666665555557,0.3481553118520511,2.2971111882075526e-06,6.057952802530838e-09,0.3106472223898004,0.3696969696969697,0.7554271711763543,0.30769230769230765,0.5,0.0,A red vintage car is being transported on a white tow truck.,2.135191716995905,20.547459035995416,1.7759149660050753,14.158725317996868,1.0985652469971683,2.129252382001141,14,5184.87,996.02,630.02
428830,MiniCPM-v2.6-Q5_K,0.6923076922011837,0.5883484053221515,0.45533661740057985,0.311709065175664,0.287975034968812,0.563944530046225,0.9890488781801998,0.30303030303030304,0.5,0.0,A person is performing a trick on a skateboard in a skate park.,2.135191716995905,22.9107012079985,1.9593643970001722,15.679539974000363,1.185592606998398,3.198514087998774,15,5184.87,996.02,630.02
430359,MiniCPM-v2.6-Q5_K,0.9999999997777782,0.790569414860923,0.6446159945415957,0.45966135749868425,0.29439298562286836,0.6797198344476282,2.1679486610939027,0.3125,0.5714285714285715,0.1818181818181818,A baseball player with a bat on the field.,2.135191716995905,35.86302156199963,1.9876170339994133,26.556446900998708,1.2081006789958337,2.2432139790034853,11,5184.87,996.02,630.02
430690,MiniCPM-v2.6-Q5_K,0.6249999998437503,0.29880715225622895,2.4596703663517755e-06,7.386099953835683e-09,0.2449420865666999,0.4178082191780822,0.44544518366130725,0.13793103448275862,0.3636363636363636,0.0,A green light at a one way street.,2.135191716995905,23.147135150000395,2.008350126998266,15.660952124999312,1.2002479789953213,2.0523732349975035,10,5184.87,996.02,630.02
432258,MiniCPM-v2.6-Q5_K,0.5714285713877553,0.4193139346576645,0.24469914284217967,3.397239497851277e-05,0.25544724689984305,0.3824451410658307,0.6727823871274672,0.15384615384615383,0.3333333333333333,0.0,A laptop sits on a desk with a bottle of water and some pens.,2.135191716995905,6.970585172006395,1.777994440002658,4.701155161004863,1.070408610998129,2.510528352999245,16,5184.87,996.02,630.02
432820,MiniCPM-v2.6-Q5_K,0.5971094252791215,0.4136895448977815,0.31297387752808453,5.201870632366134e-05,0.20007106262715202,0.47843137254901963,0.8171124953338939,0.22222222222222218,0.2666666666666667,0.0,A baseball player hits the ball.,2.135191716995905,20.44721924100304,1.7696069160010666,14.173405329005618,1.0576783370051999,1.2476038379973033,8,5184.87,996.02,630.02
433192,MiniCPM-v2.6-Q5_K,0.6640732480845413,0.6515029016526984,0.5564032071401896,0.37445479184546065,0.40522871370204155,0.7128547579298832,1.8002628181173095,0.3157894736842105,0.5714285714285715,0.0,A laptop computer sitting on a bed with a striped comforter.,2.135191716995905,6.793915333000768,1.7629094700023415,4.729939973003638,1.0675235829985468,2.1070577399950707,14,5184.87,996.02,630.02
433483,MiniCPM-v2.6-Q5_K,0.7788007828767051,0.6582067952282701,0.5525526960548331,0.4787974948056658,0.2721204106781391,0.716442953020134,1.3276262365724547,0.19999999999999998,0.5,0.0,A streetlight and the moon in the sky.,2.135191716995905,20.59320672699687,1.7795154159975937,14.11000429699925,1.0679304700024659,1.7431442259985488,11,5184.87,996.02,630.02
434089,MiniCPM-v2.6-Q5_K,0.6666666665925927,0.49999999994097233,0.3293168779625747,4.939382736441597e-05,0.3064431015469261,0.6414300736067298,1.8833606215327796,0.14285714285714288,0.36363636363636365,0.0,A ram with big horns eating from a trough.,2.135191716995905,20.5353382300018,1.7486472340024193,14.179397215004428,1.0614582800044445,1.6831156150001334,11,5184.87,996.02,630.02
435205,MiniCPM-v2.6-Q5_K,0.5384615383786985,0.36689969279504947,0.23044502514829485,3.326024950007662e-05,0.27748532567507933,0.2860492379835873,0.9556382343527341,0.25,0.5,0.19999999999999998,A teddy bear being held next to a person's stomach with stitches.,2.135191716995905,6.977324724997743,1.7746830120013328,4.71896652400028,1.0700467589995242,2.5244548629998462,16,5184.87,996.02,630.02
435682,MiniCPM-v2.6-Q5_K,0.9999999998000004,0.816496580759891,0.6299605248138619,7.73055175524073e-05,0.39173586824770334,0.4972826086956521,1.5666268273161261,0.22222222222222218,0.4615384615384615,0.0,A man is eating a sandwich and holding a phone.,2.135191716995905,22.924130747000163,1.9243937770006596,15.502731706001214,1.1948226780004916,2.546884814000805,12,5184.87,996.02,630.02
436875,MiniCPM-v2.6-Q5_K,0.7999999999200001,0.5962847939370028,0.3542195230211848,5.019724248194722e-05,0.21205375641048094,0.44721407624633425,0.6132217370145188,0.125,0.36363636363636365,0.0,A white toilet and toilet paper dispenser in a bathroom.,2.135191716995905,23.22239479899872,1.9547009710004204,15.512362160006887,1.155296584001917,2.39678457500122,12,5184.87,996.02,630.02
438364,MiniCPM-v2.6-Q5_K,0.7430381995735735,0.6552980968898172,0.4206832754429204,6.33783487450775e-05,0.3842654433189227,0.7334669338677354,0.9398509623722915,0.3478260869565218,0.4444444444444445,0.4,A red double-decker bus on a street.,2.135191716995905,20.64674796399777,1.7806834669972886,14.155918820004445,1.0624544489983236,1.665567217998614,11,5184.87,996.02,630.02
441156,MiniCPM-v2.6-Q5_K,0.7272727271404961,0.46709936640986355,0.28941787399229946,4.1722614477868014e-05,0.2735382029402041,0.4073455759599332,0.9695030469714463,0.1875,0.28571428571428575,0.0,A group of people in the wild with a large elephant.,2.135191716995905,20.642850987998827,1.7694479339988902,14.213675991995842,1.0678544729962596,1.9705420489990502,13,5184.87,996.02,630.02
441245,MiniCPM-v2.6-Q5_K,0.5054422162587139,0.4288819423302449,0.30326532974343484,4.8730396877742594e-05,0.27621857646284576,0.3860759493670886,1.4945772220028977,0.09999999999999999,0.25,0.0,A parking lot full of motorcycles.,2.135191716995905,22.518013705004705,1.9559161549987039,15.704493676996208,1.2460168260004139,1.647187449001649,8,5184.87,996.02,630.02
443556,MiniCPM-v2.6-Q5_K,0.555555555432099,0.37267799616455977,0.2707217535406251,4.264366796762506e-05,0.20076369928814158,0.5555555555555556,0.7180759247105972,0.16666666666666666,0.4444444444444444,0.0,A shirtless skateboarder does a trick on a bench.,2.135191716995905,20.52224567400117,1.7713179029960884,14.157267049995426,1.0615534809985547,2.0810044839963666,13,5184.87,996.02,630.02
445792,MiniCPM-v2.6-Q5_K,0.44444444441975317,0.39605901716801933,0.36597937473843345,0.33813072927653787,0.30233625428341887,0.5768321513002365,0.8308182279982821,0.16666666666666669,0.22222222222222224,0.0,A girl with red hair and a black shirt is playing a video game on a white console.,2.135191716995905,6.807640047998575,1.756122527003754,4.697590298004798,1.0626147590010078,3.1114194840047276,20,5184.87,996.02,630.02
445933,MiniCPM-v2.6-Q5_K,0.28650479671693785,0.23393018692902587,1.9865133093715335e-06,6.884169955693695e-09,0.21811400092343633,0.5304347826086957,0.6713177137843591,0.08695652173913042,0.19999999999999998,0.0,A man playing tennis.,2.135191716995905,20.51054218399804,1.765166755001701,14.217286227998557,1.0582579909969354,0.9429451679970953,6,5184.87,996.02,630.02
447194,MiniCPM-v2.6-Q5_K,0.47768754022329724,0.37001517758895625,0.2905392110293701,4.919625501680315e-05,0.18914552386935782,0.3860759493670886,0.9793359394437785,0.13333333333333333,0.2666666666666667,0.0,A zebra walks through an enclosure.,2.135191716995905,20.032802006004204,1.7635330550037907,14.20986538300349,1.0689490170043427,1.3616171300018323,9,5184.87,996.02,630.02
447279,MiniCPM-v2.6-Q5_K,0.5515605639774822,0.26369638633624565,2.170651479684559e-06,6.518210331440214e-09,0.1362530413625304,0.34923664122137404,0.6574570491905449,0.11428571428571428,0.30769230769230765,0.0,Mounted police and their officers on Robson Street.,2.135191716995905,20.485160439995525,1.764759220997803,14.15657321299659,1.0657279880033457,1.6581724339994253,11,5184.87,996.02,630.02
448786,MiniCPM-v2.6-Q5_K,0.555555555432099,0.37267799616455977,2.707217535406252e-06,7.583235671536399e-09,0.20187876321756845,0.5555555555555556,0.6268506566928983,0.16,0.5,0.0,A high speed train is parked at a station.,2.135191716995905,23.04841467600636,1.9917375899967737,15.786534476996167,1.2257465919974493,2.1820391839937656,11,5184.87,996.02,630.02
448974,MiniCPM-v2.6-Q5_K,0.7430381995735735,0.5675047989581782,0.3822161214337029,5.898019930403657e-05,0.30247542496488866,0.5700934579439253,1.0815269368811882,0.24,0.25,0.0,A person holding an LG cell phone.,2.135191716995905,6.958011342998361,1.7569130490010139,4.697615230004885,1.086070681005367,1.3517846920003649,9,5184.87,996.02,630.02
449433,MiniCPM-v2.6-Q5_K,0.8461538460887575,0.7025594234729492,0.5125051479399761,0.4050710194517295,0.4213541190441578,0.6233576642335765,1.4848002820090795,0.37037037037037035,0.7272727272727273,0.1818181818181818,A man taking a photo of a cake with a sparkler on it.,2.135191716995905,20.634051070002897,1.7795841530023608,14.09135973299999,1.0622825350001222,2.4402406760054873,16,5184.87,996.02,630.02
450458,MiniCPM-v2.6-Q5_K,0.8461538460887575,0.7510676161386293,0.5897597461675591,0.45005318950227374,0.39983745808412247,0.7124087591240876,1.807872614155372,0.26666666666666666,0.4444444444444445,0.0,An old train car sits on the street next to a blue car.,2.135191716995905,19.281537281000055,1.7505836489945068,14.200690605997806,1.065883897994354,2.300341203001153,15,5184.87,996.02,630.02
451234,MiniCPM-v2.6-Q5_K,0.38461538458579886,0.17902871849551308,1.4282938742524094e-06,4.131551590743584e-09,0.13112967658920494,0.2671532846715329,0.17214893803902875,0.052631578947368425,0.11764705882352941,0.0,"A restaurant has a sign that says ""Tong Palace"" and ""Fine Chinese Cuisine"".",2.135191716995905,20.627296402002685,1.763539062005293,14.090944611998566,1.0575529359994107,2.9872966449984233,19,5184.87,996.02,630.02
452700,MiniCPM-v2.6-Q5_K,0.7999999998400004,0.6666666665296299,0.5503212080324162,0.4671379776255505,0.2764560335700595,0.56656346749226,1.522872792525205,0.31578947368421056,0.6666666666666666,0.0,A busy city street with lots of cars and buses.,2.135191716995905,22.98791205899761,2.0201641829989967,15.880928425998718,1.1877490389961167,2.431245987994771,12,5184.87,996.02,630.02
455225,MiniCPM-v2.6-Q5_K,0.7777777776049386,0.5400617247435577,0.3466806370930039,5.133450479131077e-05,0.19393939393939397,0.35672514619883033,0.7369824213311906,0.1764705882352941,0.26666666666666666,0.0,Two meals on blue trays with fruit and vegetables.,2.135191716995905,20.683520389000478,1.7866188659972977,14.171891981000954,1.0638378350049607,1.664851235000242,11,5184.87,996.02,630.02
458487,MiniCPM-v2.6-Q5_K,0.8333333331944446,0.6154574547917563,0.4231314986617932,0.30289764012654197,0.26402704268378363,0.5833333333333334,0.9665622063777215,0.14814814814814814,0.30769230769230765,0.0,A batter prepares to swing at a pitch during a baseball game.,2.135191716995905,23.166907667997293,1.9202782810025383,15.79558874200302,1.2344614409958012,2.8770214979958837,14,5184.87,996.02,630.02
460378,MiniCPM-v2.6-Q5_K,0.545454545355372,0.3302891294763544,2.297111188168881e-06,6.2389860708842774e-09,0.13997645773547998,0.3055091819699499,0.40797312462516133,0.13793103448275862,0.30769230769230765,0.0,A kitchen with white cabinets and a black and white backsplash.,2.135191716995905,20.61743643400405,1.7619810969990795,14.167584734997945,1.0680374260045937,2.1188463259968557,14,5184.87,996.02,630.02
460621,MiniCPM-v2.6-Q5_K,0.7272727271404961,0.5393598898700768,0.31854558815077505,4.483386699498255e-05,0.3371143444401537,0.5091819699499166,0.8444774042106726,0.21428571428571427,0.3333333333333333,0.16666666666666669,A white bathtub and toilet in a bathroom with blue tiles.,2.135191716995905,22.487500333001663,1.9599318239997956,15.783657272004348,1.2213204029976623,2.6281174210016616,13,5184.87,996.02,630.02
462386,MiniCPM-v2.6-Q5_K,0.692307692254438,0.4160251471355866,0.25058139742168917,3.5416987658331314e-05,0.26051622844687,0.3562043795620438,1.2999184373173813,0.17647058823529413,0.46153846153846156,0.0,"A meal consisting of a chicken sandwich, salad, and a side of meat.",2.135191716995905,6.794615472004807,1.7563328089963761,4.701832970000396,1.0647858809970785,2.584927570002037,17,5184.87,996.02,630.02
464207,MiniCPM-v2.6-Q5_K,0.6666666665925927,0.49999999994097233,0.3293168779625747,4.939382736441597e-05,0.2539541068235232,0.594541910331384,0.6515730580029723,0.15,0.28571428571428575,0.0,A skier in a silhouette against a snowy mountain.,2.135191716995905,31.896398891003628,1.7681174489989644,23.874965170994983,1.0712965640050243,1.8407816489998368,12,5184.87,996.02,630.02
464786,MiniCPM-v2.6-Q5_K,0.6618726767729786,0.40851668509414246,2.9062112472909207e-06,8.112994484315413e-09,0.2630480950332445,0.465648854961832,1.2693989662385587,0.2857142857142857,0.6,0.0,A hotdog in a bun covered in mustard.,2.135191716995905,22.726185229999828,1.898877931998868,15.528682262003713,1.2374765610002214,2.2368799460018636,11,5184.87,996.02,630.02
465346,MiniCPM-v2.6-Q5_K,0.7777777776049386,0.6236095643194133,0.4807498566549901,6.55996556926105e-05,0.3158146525767441,0.41709401709401706,1.2407812773989095,0.25,0.6,0.0,A plate with a burger and sweet potato fries.,2.135191716995905,31.785290218998853,1.7625785830023233,23.782021444996644,1.0733084099992993,1.6762340900022537,11,5184.87,996.02,630.02
467457,MiniCPM-v2.6-Q5_K,0.6703200457675116,0.33516002287537694,2.9278924853392754e-06,9.576997996910966e-09,0.20319595536964485,0.5292841648590022,0.840233074008039,0.14814814814814814,0.4,0.0,A bowl full of oranges.,2.135191716995905,18.910644875999424,1.7690466179992654,14.183772659001988,1.0673212030014838,1.0581974039960187,7,5184.87,996.02,630.02
467479,MiniCPM-v2.6-Q5_K,0.772184789568475,0.44124845117804606,0.30594458841071526,4.741523180879238e-05,0.3948219776748272,0.5820610687022901,0.7853005430098188,0.21428571428571427,0.5,0.0,Two people with surfboards are in the water.,2.135191716995905,23.15180234699801,1.9177858920011204,15.529198095995525,1.183085807999305,2.364436885000032,11,5184.87,996.02,630.02
467755,MiniCPM-v2.6-Q5_K,0.6666666666111113,0.4264014326740724,2.629535894088921e-06,6.704226837517456e-09,0.3570537073162563,0.5187074829931972,1.0371717968841627,0.15999999999999998,0.3333333333333333,0.0,A giraffe standing by a tree with a fence in the background.,2.135191716995905,6.854451703999075,1.761520323001605,4.699240218003979,1.064948960003676,2.3139504339997075,15,5184.87,996.02,630.02
468545,MiniCPM-v2.6-Q5_K,0.4166666666319445,0.2752409412576109,1.964002439502088e-06,5.386366368312952e-09,0.187049685359812,0.2629310344827586,0.19397999897008505,0.23999999999999996,0.4615384615384615,0.0,A shirtless skateboarder jumps over a ramp while a man watches him.,2.135191716995905,20.48171731000184,1.7825855249975575,14.149594425005489,1.062082205004117,2.416591424997023,16,5184.87,996.02,630.02
471789,MiniCPM-v2.6-Q5_K,0.8749999997812503,0.6123724355372341,0.39685026288496356,5.9460355733271294e-05,0.24595587374970396,0.5198863636363635,0.9208943151094198,0.23076923076923075,0.5,0.0,People enjoying a kite flying in a park.,2.135191716995905,23.081386304998887,1.966816453001229,15.650343331006297,1.133803776006971,1.9899976340020658,10,5184.87,996.02,630.02
474095,MiniCPM-v2.6-Q5_K,0.7999999999466668,0.4780914437007465,0.3276193381526571,4.137441201743279e-05,0.3892980198769447,0.38364779874213834,1.1346412553443699,0.15384615384615383,0.3333333333333333,0.0,A person in the bathroom is smoking a cigarette and drinking a can of soda.,2.135191716995905,6.917559781999444,1.7785861129959812,4.725608859000204,1.069737260004331,2.5509703540010378,17,5184.87,996.02,630.02
475301,MiniCPM-v2.6-Q5_K,0.5454545454049587,0.3302891295063807,0.22971111883777084,3.508439695264144e-05,0.14774133357076497,0.32504440497335696,0.24670704474675398,0.06896551724137931,0.15384615384615383,0.0,Snowboarders flying over a hill with a Toyota sign on it.,2.135191716995905,20.8705055620012,1.7904455799944117,14.0451036739978,1.0625613919983152,2.262962439999683,15,5184.87,996.02,630.02
475893,MiniCPM-v2.6-Q5_K,0.7499999998750001,0.4522670167895546,2.7348275374864424e-06,6.9045730820340085e-09,0.14578772828796008,0.39102564102564097,0.5455521478811534,0.16666666666666666,0.28571428571428575,0.0,A view of a tree with a parking meter and potted plants.,2.135191716995905,20.661153316003038,1.8066270439958316,14.180716430004395,1.0683016379989567,2.2732209140012856,15,5184.87,996.02,630.02
479334,MiniCPM-v2.6-Q5_K,0.5999999999400001,0.36514837163156744,0.25543647743589953,3.9281465085347674e-05,0.23236313026387917,0.5313588850174217,0.9448963421384435,0.10256410256410256,0.26666666666666666,0.0,A stop sign on the corner of NE 27th Avenue.,2.135191716995905,6.975405908997345,1.7604852040021797,4.706709972000681,1.0628483789987513,2.2786739570001373,15,5184.87,996.02,630.02
479909,MiniCPM-v2.6-Q5_K,0.7165313103349458,0.5550227663834344,0.47966966888511153,0.40293516656558953,0.29170666383042776,0.7721518987341772,1.1064945213531359,0.23076923076923075,0.4444444444444445,0.25,A white oven in a kitchen.,2.135191716995905,23.002966218002257,1.957585766002012,15.643292635999387,1.200730165001005,1.733194446998823,8,5184.87,996.02,630.02
481064,MiniCPM-v2.6-Q5_K,0.7430381995735735,0.3276490484449088,2.650138570346293e-06,7.969405443016395e-09,0.24070775648977405,0.2634989200863931,0.721164603419894,0.16666666666666669,0.375,0.0,Two boys play Frisbee on the grass.,2.135191716995905,20.882082980999257,1.7681081690025167,14.159875797995483,1.058783250999113,1.6622170970003936,11,5184.87,996.02,630.02
481239,MiniCPM-v2.6-Q5_K,0.9285714285051022,0.7071067811340974,0.499999999961386,0.3264971028364739,0.38451434566176107,0.6263548203080435,1.6020145381571926,0.42105263157894735,0.7499999999999999,0.25,"A group of people at the beach with towels, a surfboard, and a cooler.",2.135191716995905,22.725421230999928,2.0153763300040737,15.684233491003397,1.1828343829984078,3.876702720997855,19,5184.87,996.02,630.02
481398,MiniCPM-v2.6-Q5_K,0.692307692254438,0.48038446137676916,0.27580051473758976,3.8058030013408304e-05,0.35946195537186076,0.5343065693430658,1.2678966613453695,0.18181818181818182,0.5,0.0,A black fluffy tail is reflected in a mirror on a wooden floor.,2.135191716995905,20.46586227499938,1.7697712770022918,14.122765138999966,1.057140935001371,2.291790489005507,15,5184.87,996.02,630.02
485943,MiniCPM-v2.6-Q5_K,0.9999999997500004,0.8451542545096824,0.7094917057937421,0.6147881527768917,0.4581915942552156,0.8714285714285713,1.375438380609928,0.4210526315789473,0.6,0.2857142857142857,A man surfing a wave in the ocean.,2.135191716995905,23.28459521199693,2.0543294140006765,15.685557719996723,1.1793031949928263,2.029997687001014,10,5184.87,996.02,630.02
486122,MiniCPM-v2.6-Q5_K,0.6191984996446447,0.5180586331363808,0.45316732106523283,0.37684991632384973,0.3013453873235881,0.6587473002159828,1.1924589570001363,0.32000000000000006,0.4,0.25,"A silver, modern refrigerator in a kitchen.",2.135191716995905,22.59219351199863,1.9355999190011062,15.81678960499994,1.2045487919967854,2.0240698600027827,10,5184.87,996.02,630.02
486383,MiniCPM-v2.6-Q5_K,0.4999999999687501,0.2581988897304859,1.6823908656274826e-06,4.374811430921123e-09,0.20999555808810927,0.4212707182320442,0.21063181107594797,0.1111111111111111,0.14285714285714288,0.0,"A caption could be: ""A cluttered computer workstation with multiple monitors, keyboards, and various electronic devices.""",2.135191716995905,21.91068817699852,2.0498295899960794,15.562077851005597,1.1678841059983824,4.77869246800401,23,5184.87,996.02,630.02
486479,MiniCPM-v2.6-Q5_K,0.7499999998125003,0.5669467093670424,3.769737204628542e-06,1.0173978270206596e-08,0.22526943712936384,0.5446428571428571,0.9477594078971714,0.1739130434782609,0.4444444444444445,0.0,A dog looks out from behind a curtain.,2.135191716995905,6.811017867999908,1.771445105994644,4.6912731069969595,1.1028319530014414,1.5047552489995724,10,5184.87,996.02,630.02
487236,MiniCPM-v2.6-Q5_K,0.5054422162587139,0.4288819423302449,0.38209037264706325,0.3258798046964367,0.15244776447521025,0.47843137254901963,0.9959639713500388,0.058823529411764705,0.16666666666666669,0.0,A giraffe in a dry savanna.,2.135191716995905,20.662647536002623,1.7716412839945406,14.11767455899826,1.0589705410020542,1.5292074739991222,10,5184.87,996.02,630.02
487351,MiniCPM-v2.6-Q5_K,0.6618726767729786,0.2888649182579176,2.3066613955957108e-06,6.822187978833989e-09,0.1827089562515842,0.34923664122137404,0.6158834645505828,0.13333333333333333,0.3333333333333333,0.0,People are flying kites on a clear day.,2.135191716995905,6.818772441001784,1.8051267500050017,4.721377605004818,1.064141547998588,1.655483432004985,11,5184.87,996.02,630.02
487385,MiniCPM-v2.6-Q5_K,0.5294117646747406,0.4812667109106165,0.3137401698408325,3.853856917780375e-05,0.3352067803665443,0.5439490445859871,0.5788178848113298,0.15789473684210525,0.3529411764705882,0.0,A healthy salad on a plate with a book and a knife and fork on a table.,2.135191716995905,23.287243438993755,1.9891021279981942,15.708979966999323,1.1817256650028867,3.8725836490048096,19,5184.87,996.02,630.02
488287,MiniCPM-v2.6-Q5_K,0.5833333332847223,0.5149286504995761,0.43006931372929474,0.3066148709997289,0.4099828269763827,0.7261904761904763,1.4147506123562792,0.26086956521739124,0.36363636363636365,0.25,A baby in pink is laying on a bed with a banana.,2.135191716995905,22.868632475001505,2.014879773996654,15.608022524000262,1.2159960659992066,2.747453133997624,14,5184.87,996.02,630.02
490871,MiniCPM-v2.6-Q5_K,0.22062422559099293,5.273927726724911e-09,1.599349684745656e-11,9.218141453123176e-13,0.07901234567901234,0.232824427480916,0.10965388537290202,0.07142857142857142,0.14285714285714288,0.0,A healthy breakfast is ready to be eaten.,2.135191716995905,20.57432007600437,1.7706367089995183,14.101898777997121,1.0631582900023204,1.6049854020020575,10,5184.87,996.02,630.02
492366,MiniCPM-v2.6-Q5_K,0.5338249351592445,0.32689967577634604,0.23035997261546998,3.5738801127445153e-05,0.17023995875116657,0.2946859903381642,0.6080615804589411,0.12903225806451613,0.26666666666666666,0.0,A horse and buggy on a street with people.,2.135191716995905,21.807415871000558,1.9480472340001143,15.604099224998208,1.2038828389995615,2.220070533003309,11,5184.87,996.02,630.02
493799,MiniCPM-v2.6-Q5_K,0.7999999999200001,0.7302967432631348,0.6436595896649729,0.5814307368985977,0.3231072198532796,0.7155425219941348,1.5036652159126067,0.24242424242424243,0.46153846153846156,0.18181818181818182,"A plate of food with meat, vegetables, and a donut.",2.135191716995905,20.665800843002216,1.7651087349950103,14.10805827799777,1.0806080869951984,2.3222586029951344,15,5184.87,996.02,630.02
493846,MiniCPM-v2.6-Q5_K,0.5833333332361111,0.46056618639333274,2.7681823801044015e-06,6.967635088955882e-09,0.24300401758741746,0.35672514619883033,0.5184562277505702,0.25,0.4,0.3333333333333333,A man wearing a blue shirt and shorts is riding a bicycle.,2.135191716995905,22.793070897998405,1.983919247999438,15.792986936001398,1.1556083709947416,2.893523675003962,14,5184.87,996.02,630.02
494014,MiniCPM-v2.6-Q5_K,0.7777777776049386,0.6972166886186177,0.5928155506075895,0.4316700105783786,0.356728524329735,0.6876006441223833,1.0759328481255535,0.14285714285714285,0.28571428571428575,0.0,A woman is walking by a McDonald's restaurant.,2.135191716995905,20.49644159700256,1.7635096790036187,14.173811073997058,1.0971612829962396,1.683651731997088,11,5184.87,996.02,630.02
497014,MiniCPM-v2.6-Q5_K,0.9999999997500004,0.9258200995328305,0.8298265331423224,0.6914415690877681,0.3329984916316827,0.6792873051224945,1.1667078390735013,0.1904761904761905,0.4444444444444445,0.0,A dog jumping up to catch a Frisbee.,2.135191716995905,7.426264262001496,1.9748466800010647,5.132502381995437,1.1765826100017875,2.60432333600329,12,5184.87,996.02,630.02
497444,MiniCPM-v2.6-Q5_K,0.636363636247934,0.35675303393985225,2.418230050045727e-06,6.48411507011597e-09,0.16595096239273283,0.34512022630834516,0.7180554676166674,0.14285714285714288,0.28571428571428575,0.0,A waiter at a fancy restaurant is giving a wine tasting.,2.135191716995905,22.887694466997345,1.9513690750027308,15.67811779800104,1.1386124170021503,2.7228616749998764,13,5184.87,996.02,630.02
497514,MiniCPM-v2.6-Q5_K,0.3422780792409688,0.26512746013000815,2.0818044165194934e-06,6.268551768017434e-09,0.16365555872285242,0.4468864468864468,0.0700441783755141,0.08,0.15384615384615385,0.0,A person snowboarding down a ramp.,2.135191716995905,22.640270520998456,1.9677885960045387,15.43287468899507,1.213099376000173,1.9342701670029783,9,5184.87,996.02,630.02
498557,MiniCPM-v2.6-Q5_K,0.7999999998400004,0.5962847938773745,0.3542195229857629,5.019724247692751e-05,0.33267148013053294,0.6609907120743034,1.0285196041843694,0.13333333333333333,0.30769230769230765,0.0,A train passes on a bridge over a dirt path.,2.135191716995905,20.609142221001093,1.7748728910009959,14.107891421001113,1.0702913519999129,1.89848121599789,12,5184.87,996.02,630.02
498666,MiniCPM-v2.6-Q5_K,0.4999999998750002,0.26726124184322303,2.2833557013653306e-06,6.985342054598842e-09,0.10838687330576471,0.5,0.008071034921898472,0.0,0.0,0.0,A line of commercial airliners on the tarmac.,2.135191716995905,20.723977049005043,1.7859759910061257,14.145187080997857,1.0725762129950454,1.8147642059993814,12,5184.87,996.02,630.02
500495,MiniCPM-v2.6-Q5_K,0.818181818033058,0.5720775534407411,0.33130076240849077,4.6173663085283404e-05,0.3262959752086373,0.603960396039604,1.1952121895712022,0.35714285714285715,0.6666666666666666,0.0,Four giraffes stand next to a wall in a zoo enclosure.,2.135191716995905,23.398307575000217,1.9965065370051889,15.65577339399897,1.1747218029995565,3.0515775520034367,15,5184.87,996.02,630.02
501506,MiniCPM-v2.6-Q5_K,0.36787944098750286,0.3678794409721745,0.3678794409466274,0.36787944088786895,0.3245744226469528,0.6288659793814433,1.8307315154612445,0.14814814814814814,0.18181818181818182,0.0,A man playing tennis.,2.135191716995905,20.638708122001844,1.7725689759972738,14.119633595000778,1.0677409329946386,0.937299584998982,6,5184.87,996.02,630.02
502141,MiniCPM-v2.6-Q5_K,0.5515605639774822,0.26369638633624565,2.170651479684559e-06,6.518210331440214e-09,0.22347118691102946,0.465648854961832,0.32472861576528655,0.1176470588235294,0.3636363636363636,0.0,A multi colored umbrella next to a building.,2.135191716995905,20.55120469299436,1.7647015140028088,14.214636775002873,1.0622496049982146,1.5044721540034516,10,5184.87,996.02,630.02
503431,MiniCPM-v2.6-Q5_K,0.999999999909091,0.8366600264542127,0.6156382500872996,0.4132584091455728,0.39657658769277837,0.768503937007874,1.4312390818908436,0.30769230769230765,0.47058823529411764,0.16666666666666666,A group of sheep and goats standing on a rocky hillside.,2.135191716995905,20.71687452900369,1.7687350359992706,14.193929218003177,1.0905169719990226,2.114570546000323,14,5184.87,996.02,630.02
504248,MiniCPM-v2.6-Q5_K,0.7777777776049386,0.5400617247435577,0.3466806370930039,5.133450479131077e-05,0.37058502746316435,0.6620155038759691,0.9157678894189527,0.2962962962962963,0.5,0.28571428571428575,"A white bathroom with a bathtub, toilet, and sink.",2.135191716995905,20.61441818300227,1.7758635119971586,14.103065358001913,1.0920796879945556,1.9696463139989646,13,5184.87,996.02,630.02
504500,MiniCPM-v2.6-Q5_K,0.9999999997777782,0.8660254035859749,0.7539474409501415,0.6147881527990924,0.36466893557372987,0.7777777777777778,1.906973064507229,0.22222222222222224,0.6153846153846153,0.0,Four surfers standing with their boards on the beach.,2.135191716995905,22.930184960001498,1.9902089609968243,16.218491881001682,1.2376918099980685,2.643129637996026,12,5184.87,996.02,630.02
505565,MiniCPM-v2.6-Q5_K,0.3715190997867868,0.23168286400471463,2.103416377214603e-06,6.701444468735928e-09,0.08212045093951534,0.2846034214618974,0.008371460815696619,0.0,0.0,0.0,Three white storks stand in a garden.,2.135191716995905,20.512180892001197,1.770629797996662,14.183432740996068,1.0567059439999866,1.6288441619981313,10,5184.87,996.02,630.02
506707,MiniCPM-v2.6-Q5_K,0.4999999999000002,0.33333333326481496,0.24037492833359989,3.753119267926982e-05,0.20881733858899476,0.34014869888475835,0.6406862423688495,0.09523809523809523,0.125,0.0,A baseball game in progress with a runner on third.,2.135191716995905,20.473741602996597,1.7913321189989801,14.143991119999555,1.0613237029974698,1.8405952760003856,12,5184.87,996.02,630.02
507249,MiniCPM-v2.6-Q5_K,0.5515605639774822,0.3729230059054938,2.7348494912400285e-06,7.751502103232945e-09,0.20763468919827638,0.4093959731543625,0.37313420029279426,0.13333333333333333,0.1818181818181818,0.0,Two bikes are chained to a metal railing.,2.135191716995905,20.69356767100544,1.7657505980023416,14.05835605700122,1.0618262580028386,1.5084959420055384,10,5184.87,996.02,630.02
510182,MiniCPM-v2.6-Q5_K,0.38461538458579886,0.25318484175062944,1.7995375176065113e-06,4.913270547713079e-09,0.1474236950121307,0.30310559006211174,0.4704373621247294,0.18181818181818182,0.3076923076923077,0.0,A tennis player looks at the ball as she prepares to hit it.,2.135191716995905,20.508745893996092,1.7731854140001815,14.156588653000654,1.068265830996097,2.3766584570039413,15,5184.87,996.02,630.02
512576,MiniCPM-v2.6-Q5_K,0.4999999999000002,0.23570226034706615,1.907857070517686e-06,5.612222323072491e-09,0.15789473684210525,0.4,0.08045916636003647,0.08333333333333333,0.16666666666666666,0.0,A yellow room with a red tablecloth and white cabinets.,2.135191716995905,20.58238456500112,1.7640254910002113,14.092266609004582,1.0606755200060434,2.067637805004779,13,5184.87,996.02,630.02
512836,MiniCPM-v2.6-Q5_K,0.7999999999200001,0.6666666665962965,0.4807498567152745,6.311969077470083e-05,0.3537019467442261,0.67966573816156,1.3094550219061243,0.2962962962962963,0.6666666666666666,0.0,A woman holding a red umbrella stands in the snow.,2.135191716995905,20.658217883996258,1.7693579339975258,14.122169702000974,1.0572051319977618,1.8940135090015247,12,5184.87,996.02,630.02
513513,MiniCPM-v2.6-Q5_K,0.7272727271404961,0.5393598898700768,0.4013422918623043,5.331675362351891e-05,0.22170484025357984,0.42068965517241375,0.7286933139262957,0.2285714285714286,0.3529411764705882,0.0,A remote control and a cut up pumpkin on a counter.,2.135191716995905,20.64931754900317,1.755716517996916,14.166707231001055,1.0676553480006987,1.960988302998885,13,5184.87,996.02,630.02
513688,MiniCPM-v2.6-Q5_K,0.9999999997777782,0.8660254035859749,0.7539474409501415,0.6803749331487142,0.3655759052544696,0.6921985815602837,1.9171642616074331,0.27586206896551724,0.42857142857142855,0.15384615384615383,A desk with a laptop and mouse on it.,2.135191716995905,20.721242608000466,1.7658480099998997,14.163086787004431,1.061553929001093,1.6764838390008663,11,5184.87,996.02,630.02
514018,MiniCPM-v2.6-Q5_K,0.4545454545041323,0.3015113445489831,0.2161664390609139,3.352113418723811e-05,0.12446339518365326,0.42068965517241375,0.2741589937661513,0.04878048780487805,0.13333333333333333,0.0,A well-equipped modern kitchen with a variety of appliances and decor.,2.135191716995905,20.64905416699912,1.774100026996166,14.091695950999565,1.077716337997117,2.1135682789972634,14,5184.87,996.02,630.02
514294,MiniCPM-v2.6-Q5_K,0.7142857141836737,0.5741692516796132,0.38016856538197863,4.727526605592615e-05,0.31144937559300684,0.5154929577464789,0.7014808723039999,0.14634146341463417,0.26666666666666666,0.0,A kitchen with an open drawer and a cabinet with a note on it.,2.135191716995905,20.656239524003468,1.7740653450018726,14.079880400000548,1.088926172000356,2.4353034050000133,16,5184.87,996.02,630.02
514417,MiniCPM-v2.6-Q5_K,0.6441233938804958,0.5680634379421358,0.4594693115817484,0.36741454929931416,0.21756509389522646,0.48897795591182364,0.6843568956273514,0.20689655172413793,0.33333333333333337,0.0,A view of a busy city street.,2.135191716995905,20.7094020059958,1.7638492359983502,14.20636293899588,1.069328855999629,1.4706893660040805,9,5184.87,996.02,630.02
515716,MiniCPM-v2.6-Q5_K,0.6923076922011837,0.5883484053221515,0.45533661740057985,0.311709065175664,0.293950561244508,0.4834874504623514,0.8070780091738722,0.047619047619047616,0.11111111111111112,0.0,A group of friends having a good time at a wine tasting event.,2.135191716995905,20.628645412994956,1.8176766620017588,14.102030533998914,1.0562640380012454,2.268403346002742,15,5184.87,996.02,630.02
519055,MiniCPM-v2.6-Q5_K,0.8999999998200003,0.7071067810411981,0.39685026290790326,5.4663255684442885e-05,0.21535845820109242,0.47631441957313897,0.7330480754686629,0.10526315789473684,0.2222222222222222,0.0,A man wearing a baseball uniform is throwing a baseball.,2.135191716995905,23.1523054079953,1.9220243870004197,15.734219637000933,1.1719774270022754,2.3688671839991002,12,5184.87,996.02,630.02
519359,MiniCPM-v2.6-Q5_K,0.6249999998437503,0.42257712725484126,3.0989904703692355e-06,8.783602617222663e-09,0.2141881350532016,0.43571428571428567,1.4803059494370798,0.1875,0.3333333333333333,0.0,A blender is half covered in duct tape.,2.135191716995905,6.810386104996724,1.8134985430006054,4.697124669000914,1.0631996040028753,1.4954417640037718,10,5184.87,996.02,630.02
519461,MiniCPM-v2.6-Q5_K,0.5515605639774822,0.3729230059054938,0.2734849491240028,4.358989964947794e-05,0.33313946491356095,0.465648854961832,0.9426055471294781,0.13793103448275865,0.2222222222222222,0.0,A baby elephant walks behind a larger elephant.,2.135191716995905,23.151615028997185,2.003009715997905,15.681398593005724,1.1894696909948834,2.069516374998784,10,5184.87,996.02,630.02
521587,MiniCPM-v2.6-Q5_K,0.6618726767729786,0.40851668509414246,2.9062112472909207e-06,8.112994484315413e-09,0.2442288399695472,0.3860759493670886,0.9294470958944778,0.17391304347826086,0.4,0.0,"A toilet, sink, and mirror in a bathroom.",2.135191716995905,20.663392453003325,1.780938566000259,14.208373566994851,1.0660390499979258,1.816619985998841,12,5184.87,996.02,630.02
522106,MiniCPM-v2.6-Q5_K,0.5134171188614531,0.4592142314268659,0.37828896755064656,5.517025983729121e-05,0.33086493379395415,0.7176470588235294,2.1644791676474338,0.31578947368421056,0.5,0.0,A black dog in a boat.,2.135191716995905,20.491123805993993,1.7688584189963876,14.149049740000919,1.0595580890003475,1.2075830150060938,8,5184.87,996.02,630.02
524280,MiniCPM-v2.6-Q5_K,0.35826565516747294,7.1653131032300366e-09,2.095150261322814e-11,1.2174183989911234e-12,0.138823704359992,0.33516483516483514,0.31591536035075685,0.06451612903225806,0.16666666666666669,0.0,A curious-looking cat is looking up.,2.135191716995905,35.344632530002855,1.9710726799967233,26.411727906001033,1.3160452579977573,1.8310839109981316,9,5184.87,996.02,630.02
524459,MiniCPM-v2.6-Q5_K,0.49893705861700466,0.31625908344816656,0.19307671421333647,2.736931144710146e-05,0.24761307331785498,0.4149659863945578,0.2894537821250659,0.18181818181818182,0.3636363636363636,0.0,A man sitting in front of a computer with posters on the wall behind him.,2.135191716995905,20.554813107999507,1.7510920319982688,14.197235339001054,1.0629355650016805,2.577979743000469,17,5184.87,996.02,630.02
526654,MiniCPM-v2.6-Q5_K,0.5367694949004131,0.36668337245653715,0.27238055299729663,4.4141393638778416e-05,0.28539077742323415,0.48897795591182364,0.4908528010742796,0.1935483870967742,0.36363636363636365,0.0,A man eating a pile of hotdogs.,2.135191716995905,19.886485258000903,1.7542041349952342,14.120752246999473,1.0638625030042022,1.539348175007035,10,5184.87,996.02,630.02
527215,MiniCPM-v2.6-Q5_K,0.6814506850171169,0.6156960793476649,0.5284976412041222,0.46307771606775977,0.36036875982660493,0.6535714285714286,1.7447693677872005,0.20689655172413793,0.3333333333333333,0.1818181818181818,A person flies a kite on a beach.,2.135191716995905,22.84213205499691,1.9787028149949037,15.689096345995495,1.204314920003526,2.0877283129957505,10,5184.87,996.02,630.02
529522,MiniCPM-v2.6-Q5_K,0.7777777776913581,0.6236095643887031,0.48074985670840664,0.36889397318312034,0.23661655084697242,0.5213675213675214,1.1744087889259076,0.27027027027027023,0.4,0.14285714285714285,Two surfers are catching a wave in a pool.,2.135191716995905,20.472272619997966,1.75591475499823,14.124845913996978,1.0633268550009234,1.814566761997412,12,5184.87,996.02,630.02
531510,MiniCPM-v2.6-Q5_K,0.5971094252791215,0.5066641484618783,3.582656551535406e-06,1.023722767575552e-08,0.2124737045041935,0.47843137254901963,0.7909812167684334,0.17647058823529413,0.25,0.0,Two soldiers work at a pharmacy.,2.135191716995905,22.809121578000486,2.012844455995946,15.770486982000875,1.175527293999039,1.599151788999734,8,5184.87,996.02,630.02
533039,MiniCPM-v2.6-Q5_K,0.6666666666388888,0.48154341232257636,0.3480455356348906,0.2785816719766813,0.24872523124070176,0.45692883895131087,0.16423262098936425,0.1764705882352941,0.3333333333333333,0.0,"A row of park benches, one of which is broken, are located by a river, with a trashcan and soccer goal in the foreground.",2.135191716995905,23.15447809300531,1.9651861870006542,15.804599771996436,1.1786034919932717,6.003619943003287,30,5184.87,996.02,630.02
534894,MiniCPM-v2.6-Q5_K,0.818181818033058,0.6396021489476329,0.44964431293646534,0.32649710279826866,0.24280259331701545,0.5454545454545454,1.0928364188279243,0.1764705882352941,0.4285714285714285,0.0,A ride with a circular platform and a clock on top.,2.135191716995905,31.82727136000176,1.7946357550026732,23.624053902000014,1.0632235099983518,1.9766089070035378,13,5184.87,996.02,630.02
535135,MiniCPM-v2.6-Q5_K,0.7777777776049386,0.7637626156509446,0.5503212080184399,0.40824829036281374,0.3103190379727405,0.594541910331384,1.7491089176847048,0.3478260869565218,0.5454545454545454,0.0,A surfer riding a wave on a white surfboard.,2.135191716995905,20.88156411900127,1.7556719000058365,14.175751496994053,1.0577725929979351,2.070982997996907,13,5184.87,996.02,630.02
536343,MiniCPM-v2.6-Q5_K,0.5384615384201185,0.21182963641710745,1.5978165631687675e-06,4.494125427688112e-09,0.1658011085194127,0.30310559006211174,0.17820671854862705,0.058823529411764705,0.15384615384615383,0.0,A small room with a white bathtub and wooden boards on the wall.,2.135191716995905,7.832160428995849,1.9611355960005312,5.229699723000522,1.216027522998047,3.028869683999801,15,5184.87,996.02,630.02
537069,MiniCPM-v2.6-Q5_K,0.4390493086996017,0.4251076651787314,0.3209469916273196,5.488116358081875e-05,0.24314348880778935,0.5030927835051546,0.7140724168980962,0.1904761904761905,0.36363636363636365,0.0,A boy swings a stick.,2.135191716995905,18.983424290992843,1.760686685993278,14.201971777001745,1.060319978001644,1.0822891960051493,7,5184.87,996.02,630.02
538451,MiniCPM-v2.6-Q5_K,0.3032653297552284,6.0653065950034785e-09,1.7735064071095562e-11,1.0305224262915758e-12,0.0837696335078534,0.23921568627450981,0.14292385818337625,0.07692307692307693,0.18181818181818182,0.0,"A colorful, fraying umbrella is open.",2.135191716995905,7.5403261609972105,2.0690560059956624,5.271067816996947,1.1935402379967854,2.0102800479944563,10,5184.87,996.02,630.02
538925,MiniCPM-v2.6-Q5_K,0.6999999999300001,0.27888667548192064,2.134298608073372e-06,6.104735835076852e-09,0.2,0.44721407624633425,0.33266746348439136,0.1142857142857143,0.3333333333333333,0.0,A simple bedroom with a large bed and a window.,2.135191716995905,20.703387001994997,1.763564991997555,14.114171531000466,1.105121219996363,1.812073913999484,12,5184.87,996.02,630.02
540209,MiniCPM-v2.6-Q5_K,0.5366925751109899,0.36697077144614565,0.23139674609817282,3.3547449408137626e-05,0.20622024199644093,0.4149659863945578,0.5782551050939136,0.125,0.30769230769230765,0.0,A chef standing in the kitchen with a smile on his face.,2.135191716995905,20.476194529997883,1.7536332119998406,14.109547037995071,1.0566822039982071,2.2911544989983668,14,5184.87,996.02,630.02
542676,MiniCPM-v2.6-Q5_K,0.5971094252791215,0.5066641484618783,0.3582656551535405,5.7568161774596786e-05,0.22091592011366057,0.5980392156862745,0.921265816980942,0.24999999999999997,0.36363636363636365,0.0,A woman pets a white horse.,2.135191716995905,20.830795711000974,1.803836801998841,14.145001513999887,1.0640822690038476,1.2453751170032774,8,5184.87,996.02,630.02
542934,MiniCPM-v2.6-Q5_K,0.5999999999400001,0.4472135954527522,2.9240177378852703e-06,7.730551756013783e-09,0.2423761740733107,0.42508710801393734,0.6649285312211538,0.19354838709677416,0.30769230769230765,0.16666666666666669,A home kitchen with wood cabinets and a toaster oven.,2.135191716995905,23.984500862003188,2.215379249995749,15.341366092005046,1.1324591579978005,2.3414979559966014,12,5184.87,996.02,630.02
546091,MiniCPM-v2.6-Q5_K,0.4390493086996017,0.3470989551446028,2.8037302210151096e-06,8.818617297116e-09,0.12172622700571212,0.2953995157384988,0.4248717294114909,0.07407407407407408,0.14285714285714285,0.0,People at a pizza place.,2.135191716995905,7.641072928003268,1.924924070997804,5.161029407005117,1.1755476249963976,1.3843456479953602,7,5184.87,996.02,630.02
546687,MiniCPM-v2.6-Q5_K,0.7499999998125003,0.5669467093670424,0.3769737204628541,5.721248422925795e-05,0.24882259127517153,0.511744966442953,0.7652542970391687,0.23076923076923073,0.4,0.0,A city train passes through a busy intersection.,2.135191716995905,6.94163628500246,1.7638897979995818,4.666663577998406,1.059890145996178,1.4984660670015728,10,5184.87,996.02,630.02
547738,MiniCPM-v2.6-Q5_K,0.3749999999765626,0.22360679773553777,0.15285535435621933,2.2894156859081535e-05,0.1595971195980486,0.4013157894736842,0.345484508456077,0.07407407407407407,0.16666666666666666,0.0,A man peers out the window of a train as it travels through a tropical forest.,2.135191716995905,20.505173041994567,1.7864890130003914,14.105348347002291,1.0606812340047327,2.759044949998497,18,5184.87,996.02,630.02
551304,MiniCPM-v2.6-Q5_K,0.9999999997500004,0.9258200995328305,0.8298265331423224,0.6914415690877681,0.26090752754254204,0.5446428571428571,1.3241288409226364,0.21428571428571427,0.2857142857142857,0.25,A white and gold toilet in a bathroom.,2.135191716995905,20.622527784005797,1.7523347149981419,14.158152126001369,1.0587947579988395,1.5093162589982967,10,5184.87,996.02,630.02
551494,MiniCPM-v2.6-Q5_K,0.7857142856581634,0.549725206037499,0.36930060319871505,0.26012784401940037,0.26005378559473963,0.543026706231454,1.157800134381488,0.25,0.5454545454545454,0.0,A mother holds her baby while sitting in a chair with a teddy bear.,2.135191716995905,20.567474812,1.7790033600031165,14.150749366002856,1.0586737080011517,2.590668060001917,17,5184.87,996.02,630.02
551896,MiniCPM-v2.6-Q5_K,0.7499999998125003,0.32732683526923456,2.6137897921682463e-06,7.730551754746834e-09,0.22598870056497178,0.5398230088495575,0.7606477020187662,0.1142857142857143,0.2857142857142857,0.0,A brown and orange butterfly on a orange.,2.135191716995905,20.500967543994193,1.7532803470021463,14.098358939998434,1.0818571760028135,1.527244721997704,10,5184.87,996.02,630.02
552612,MiniCPM-v2.6-Q5_K,0.9999999998000004,0.9999999997944449,0.9999999997879634,0.9999999997802583,1.0,1.0,3.691209200047755,0.5161290322580645,0.5,0.4444444444444445,A herd of sheep grazing on a lush green field.,2.135191716995905,20.645197034995363,1.755239395002718,14.202428024997062,1.0976520460026222,1.8181465309971827,12,5184.87,996.02,630.02
553353,MiniCPM-v2.6-Q5_K,0.9090909090082646,0.7385489458054987,0.5665163348856718,0.38827267771077334,0.29037669423849577,0.6296077853140667,1.2927440003743882,0.3125,0.5333333333333333,0.16666666666666669,A man is in a shower and drinking from a bottle.,2.135191716995905,20.453874437997,1.7711521290038945,14.199050296003406,1.0605908230063505,1.9653694509979687,13,5184.87,996.02,630.02
553931,MiniCPM-v2.6-Q5_K,0.5999999999400001,0.4472135954527522,0.29240177378852694,4.347208718929372e-05,0.21386014026138508,0.34014869888475835,0.41647535027451804,0.26666666666666666,0.5,0.0,A variety of doughnuts are on display in a bakery.,2.135191716995905,20.48817436099489,1.7579230600022129,14.11722141700011,1.0571871749998536,1.9662680420005927,13,5184.87,996.02,630.02
554711,MiniCPM-v2.6-Q5_K,0.8824969023639716,0.8170333701882847,0.7323193451806126,0.6752918216211221,0.46725617055178775,0.8148854961832059,2.007425848956373,0.21428571428571427,0.5,0.0,A woman on her bed with a laptop.,2.135191716995905,22.879161094002484,2.007384959004412,15.42274036299932,1.201092855000752,2.132696713000769,10,5184.87,996.02,630.02
555012,MiniCPM-v2.6-Q5_K,0.6999999998600002,0.6236095643341374,0.4598206959660213,0.3432945239090836,0.4281202167558368,0.5669144981412639,1.472068568404783,0.3809523809523809,0.5714285714285715,0.0,A bathroom with a white toilet and a white bathtub.,2.135191716995905,20.512272330000997,1.784148863000155,14.214743444004853,1.088707484996121,1.8176455020002322,12,5184.87,996.02,630.02
555705,MiniCPM-v2.6-Q5_K,0.4545454545041323,0.21320071633525958,1.715714163827573e-06,5.01257871520395e-09,0.17739550805091853,0.384251968503937,0.6623047904121646,0.2,0.36363636363636365,0.0,"Two cats sit together, one with a shoe on its paws.",2.135191716995905,19.78406365999399,1.7785102289999486,14.226413777003472,1.0659966040038853,2.288397509000788,15,5184.87,996.02,630.02
556183,MiniCPM-v2.6-Q5_K,0.6999999999300001,0.3944053188316762,0.2689047743072968,4.082482904149787e-05,0.314080312800432,0.6075697211155379,1.1607145081037105,0.25806451612903225,0.5,0.0,"A dish with noodles, broccoli, mushrooms and a creamy sauce.",2.135191716995905,20.65230813499511,1.7694553770052153,14.12944194800366,1.0727302109953598,2.19366332100617,14,5184.87,996.02,630.02
557923,MiniCPM-v2.6-Q5_K,0.8888888887901236,0.6666666665879631,0.5026316273559422,0.38141656158453924,0.4794456610938516,0.7611408199643495,1.5085472159426607,0.3448275862068965,0.5454545454545454,0.0,Two people ride their bicycles in a parking lot.,2.135191716995905,20.658965192000323,1.800074783997843,14.062076032998448,1.0653006709981128,1.6780967960003181,11,5184.87,996.02,630.02
558539,MiniCPM-v2.6-Q5_K,0.714285714234694,0.4688072309037214,0.3321078320482429,0.24022110862454196,0.3019581342342519,0.49061662198391426,1.0495745014316715,0.2727272727272727,0.2,0.0,A blue and white bus that is parked on the side of the street.,2.135191716995905,20.654861784001696,1.757556269003544,14.152134850999573,1.063479838994681,2.423685965994082,16,5184.87,996.02,630.02
560677,MiniCPM-v2.6-Q5_K,0.916666666590278,0.5773502691393264,0.4054801330011602,0.29337057890286844,0.30957831260181096,0.5930555555555556,1.3017463220109085,0.22857142857142856,0.4285714285714285,0.0,A tennis player stands on a court with a racket in hand.,2.135191716995905,20.52553858000465,1.784101871002349,14.119159385001694,1.0675119700026698,2.212162335003086,14,5184.87,996.02,630.02
562054,MiniCPM-v2.6-Q5_K,0.7999999998400004,0.5962847938773745,0.3542195229857629,5.019724247692751e-05,0.23020224675774723,0.43571428571428567,0.892204750898036,0.1875,0.30769230769230765,0.0,Two zebras are standing in a field of dry grass.,2.135191716995905,20.596288235996326,1.7679668019991368,14.131858303000627,1.0671613829981652,2.047431452003366,13,5184.87,996.02,630.02
563015,MiniCPM-v2.6-Q5_K,0.9999999998000004,0.6666666665296299,3.8157141410353705e-06,9.438595266157063e-09,0.2849472659820329,0.5313588850174217,1.2330260637312027,0.25,0.4,0.0,A man is moving a luggage cart full of suitcases.,2.135191716995905,20.62402717799705,1.7682238179986598,14.225648644998728,1.0627667000007932,1.9804281149990857,13,5184.87,996.02,630.02
563195,MiniCPM-v2.6-Q5_K,0.6999999998600002,0.48304589144035537,3.0781912500937016e-06,8.03428418768105e-09,0.21315456956984874,0.5,0.4186124209092934,0.10810810810810813,0.30769230769230765,0.0,A train traveling on a track through a grassy hill.,2.135191716995905,22.95931837700482,2.0274494429977494,15.585565034001775,1.1729238359985175,2.6030194720005966,13,5184.87,996.02,630.02
564120,MiniCPM-v2.6-Q5_K,0.5515605639774822,0.3729230059054938,2.7348494912400285e-06,7.751502103232945e-09,0.15217259230057145,0.3652694610778443,0.5355481500621373,0.1714285714285714,0.42857142857142855,0.0,A giraffe sticking its head through a tree.,2.135191716995905,20.532173576000787,1.7677081099973293,14.19414982899616,1.0701897830003873,1.7023644260043511,11,5184.87,996.02,630.02
564816,MiniCPM-v2.6-Q5_K,0.6191984996446447,0.5180586331363808,0.45316732106523283,6.701444468735927e-05,0.288505125910411,0.48897795591182364,0.9238633424632441,0.26666666666666666,0.4444444444444445,0.19999999999999998,"A small, dark bathroom with green tiles.",2.135191716995905,20.540537430999393,1.7987173379951855,14.177823747995717,1.0685081780029577,1.5128001589982887,10,5184.87,996.02,630.02
564940,MiniCPM-v2.6-Q5_K,0.818181818033058,0.6396021489476329,3.568829276834319e-06,8.682041010882288e-09,0.3162038607753423,0.5763779527559055,1.3895180133060085,0.2285714285714286,0.42857142857142855,0.0,Two teddy bears in black shirts sitting on a green table.,2.135191716995905,20.625669973000186,1.7651878660035436,14.117980558999989,1.0587440629969933,2.1276479359949008,14,5184.87,996.02,630.02
565031,MiniCPM-v2.6-Q5_K,0.6666666665555557,0.4264014326385389,0.2629535893869792,3.7700638038720986e-05,0.23460932329678602,0.3333333333333333,0.7367563358436419,0.16216216216216217,0.23529411764705882,0.0,A street in the city with a construction site in the background.,2.135191716995905,23.302252106004744,1.9747702329987078,15.810762054999941,1.2272218769940082,2.9006091769988416,14,5184.87,996.02,630.02
565043,MiniCPM-v2.6-Q5_K,0.9090909089256201,0.8528028652635105,0.7392788224786261,0.6238986070884277,0.4689733836854626,0.8645669291338582,2.375895187734058,0.4545454545454545,0.75,0.36363636363636365,A man in a suit is eating a slice of pizza.,2.135191716995905,20.55151282800216,1.7916554880066542,14.057259139000962,1.055942507002328,1.9560014620001311,13,5184.87,996.02,630.02
565239,MiniCPM-v2.6-Q5_K,0.21212121211478424,2.574643252642948e-09,5.979857148051306e-12,2.905613156422152e-13,0.11768953907851495,0.21235857267188862,1.306939626407657e-05,0.09302325581395349,0.1111111111111111,0.0,"Two young boys, one in a white shirt and one in a yellow shirt, are standing on a dirt ground, one holding a green plastic container and the other holding a brown bag.",2.135191716995905,6.804658546003338,1.7987632369986386,4.668336488000932,1.0598786269983975,5.82695530300407,38,5184.87,996.02,630.02
567315,MiniCPM-v2.6-Q5_K,0.6249999998437503,0.42257712725484126,3.0989904703692355e-06,8.783602617222663e-09,0.14082823969035543,0.4178082191780822,0.5491972446281861,0.19999999999999998,0.4444444444444445,0.2222222222222222,A red and yellow train on a track.,2.135191716995905,20.51727580300212,1.7629709540051408,14.157253662000585,1.0828511540021282,1.5377604640016216,10,5184.87,996.02,630.02
567432,MiniCPM-v2.6-Q5_K,0.8999999999100001,0.5477225574473511,3.347164750035844e-06,8.555261857688026e-09,0.29756470748931757,0.5669144981412639,0.7382702770320624,0.12903225806451613,0.3636363636363636,0.0,A red and orange plane is flying in the sky.,2.135191716995905,23.182901157000742,1.9808282119993237,15.559198262999416,1.2133780570002273,2.4946797200027504,12,5184.87,996.02,630.02
570528,MiniCPM-v2.6-Q5_K,0.9999999997777782,0.9999999997708338,0.9999999997625665,0.9999999997524806,0.49568149695642194,0.9384615384615386,3.6020841323598147,0.5454545454545454,0.5714285714285715,0.4,A large orange cat sitting in a white bowl.,2.135191716995905,19.68607272900408,1.8256922680011485,14.179787553999631,1.0658792210015235,1.6670768039984978,11,5184.87,996.02,630.02
571596,MiniCPM-v2.6-Q5_K,0.7999999998400004,0.4216370212691143,0.28114422170763703,4.221068125446984e-05,0.30000000000000004,0.5,0.7706861644122055,0.22222222222222224,0.4,0.2222222222222222,"A white bathroom with a window, toilet, sink, and bathtub.",2.135191716995905,20.693004768996616,1.7986959329937235,14.130368780002755,1.0612510699938866,2.301299407001352,15,5184.87,996.02,630.02
572477,MiniCPM-v2.6-Q5_K,0.4374999999726563,0.1707825127549637,1.2771823872371912e-06,3.5579828676919253e-09,0.1768637532133676,0.4013157894736842,0.22641338023299265,0.125,0.15384615384615385,0.0,A young man wearing a black t-shirt and jeans is playing tennis in a public park.,2.135191716995905,6.826696404998074,1.7683740339998621,4.703134094997949,1.0710011199989822,2.971456307997869,19,5184.87,996.02,630.02
573759,MiniCPM-v2.6-Q5_K,0.636363636247934,0.43693144867122347,0.2768182380057799,4.035278636666363e-05,0.2761096312267778,0.5763779527559055,0.895224425600414,0.3333333333333333,0.6666666666666665,0.2222222222222222,A man with a dog and a bucket in a boat.,2.135191716995905,6.8505823879968375,1.7656512760004262,4.679344192998542,1.0672677330003353,2.08679206600209,13,5184.87,996.02,630.02
577149,MiniCPM-v2.6-Q5_K,0.8888888886913584,0.7453559923291194,0.6197980940939327,0.4463236136748592,0.36466893557372987,0.8197744180465564,1.9503715524467269,0.35714285714285715,0.5454545454545454,0.2,A group of four zebras on a dirt road.,2.135191716995905,19.06564164199517,1.775246844998037,14.180475318004028,1.0619772860009107,1.835051508001925,12,5184.87,996.02,630.02
577826,MiniCPM-v2.6-Q5_K,0.3715190997867868,7.326455450859374e-09,2.1034163772146037e-11,1.1917040716272326e-12,0.21765315329149504,0.2634989200863931,0.40218533329354866,0.08333333333333334,0.18181818181818182,0.0,Two men riding skateboards and taking photos.,2.135191716995905,23.03193350100628,1.9495010940008797,15.744137002999196,1.1841831109995837,2.162374951003585,10,5184.87,996.02,630.02
578227,MiniCPM-v2.6-Q5_K,0.7999999998400004,0.5962847938773745,0.44628863329348356,0.3356891924299591,0.2978578686724702,0.5313588850174217,1.364180297667306,0.14814814814814814,0.36363636363636365,0.0,A young girl in a park playing with a frisbee.,2.135191716995905,20.487276464002207,1.7706132750026882,14.228539992000151,1.0661010519979754,2.1560878840027726,14,5184.87,996.02,630.02
581206,MiniCPM-v2.6-Q5_K,0.7499999999375001,0.4522670168272435,0.3445666782598466,0.25965358890901935,0.17114273336609861,0.3505747126436781,0.6377593230131285,0.15,0.23529411764705882,0.0,Two hotdogs in a box with green onions and chili on them.,2.135191716995905,20.597384777000116,1.7743724829997518,14.19587772199884,1.0652608460004558,2.2893438449973473,15,5184.87,996.02,630.02
74,MiniCPM-v2.6-Q2_K,0.6666666665555557,0.4264014326385389,0.2629535893869792,3.7700638038720986e-05,0.27328430416633775,0.6135057471264368,0.7764131852486834,0.20689655172413793,0.5,0.0,A tired yellow lab dog sleeping on a sidewalk near a bicycle.,4.1831656220019795,20.33555686600448,1.3203510210005334,10.325414241000544,0.7867340340017108,1.7021616429992719,14,2896.54,996.02,630.02
2153,MiniCPM-v2.6-Q2_K,0.6666666665185187,9.128709289660775e-09,2.283355701439329e-11,1.1868405216583314e-12,0.15000000000000002,0.3929146537842191,0.3701257271476409,0.07142857142857142,0.15384615384615383,0.0,"A batter, catcher and umpire ready for a pitch.",4.1831656220019795,20.51831410000159,1.3419308300071862,10.250410111999372,0.7889669830037747,1.4721688380086562,13,2896.54,996.02,630.02
4754,MiniCPM-v2.6-Q2_K,0.5384615384201185,0.36689969282327245,2.304450251660214e-06,5.914601686329329e-09,0.1466805545366654,0.35260115606936415,0.48171766769565927,0.0816326530612245,0.2105263157894737,0.0,Zebras standing together on a grassy field with other animals in the background.,4.1831656220019795,21.29499672599195,1.386601825011894,10.77197576299659,0.8509087540005567,2.074236478001694,17,2896.54,996.02,630.02
5205,MiniCPM-v2.6-Q2_K,0.8461538460236689,0.8397191226277528,0.832477754227068,0.8242367501288419,0.5125441933408279,0.7742520398912057,2.803623457238161,0.35714285714285715,0.6,0.0,A man on a Kawasaki motorcycle with a young girl sitting behind him.,4.1831656220019795,20.488692384999013,1.3194706610083813,10.343165536003653,0.7886261819949141,1.7213385899958666,15,2896.54,996.02,630.02
5804,MiniCPM-v2.6-Q2_K,0.8333333331944446,0.6154574547917563,0.4231314986617932,5.386366367864089e-05,0.3019681631366353,0.5,1.3849999202789698,0.25,0.5,0.0,A white cat sitting next to a laptop on a white chair.,4.1831656220019795,22.099341116001597,1.3979421910044039,10.73732362499868,0.8261983089905698,1.9899026369967032,14,2896.54,996.02,630.02
7722,MiniCPM-v2.6-Q2_K,0.5384615384201185,0.42365927283421473,0.3195633126337532,4.2502814130438406e-05,0.3585164700476276,0.5970636215334422,0.8720450321321507,0.28571428571428575,0.5714285714285715,0.0,A Siamese cat with its paw in its mouth sitting in a sink.,4.1831656220019795,20.83806412400736,1.3366553769883467,10.580590970988851,0.8170258060126798,2.092750492010964,17,2896.54,996.02,630.02
8612,MiniCPM-v2.6-Q2_K,0.555555555432099,8.333333331423613e-09,2.1487199818053214e-11,1.1339582219145234e-12,0.16120906801007556,0.41709401709401706,0.1452572063487734,0.058823529411764705,0.13333333333333333,0.0,A Highland cow in a field near a fence.,4.1831656220019795,21.398118509998312,1.3438104890083196,10.722057797000161,0.8091089600056875,1.3690332630067132,11,2896.54,996.02,630.02
10092,MiniCPM-v2.6-Q2_K,0.8999999998200003,0.6324555319036713,0.4641588832628592,0.34572078456597183,0.31977971131346183,0.5729492798998121,0.9698203916300672,0.15000000000000002,0.33333333333333337,0.0,A large bed covered with green netting in a bedroom,4.1831656220019795,20.344027533006738,1.326807085002656,10.308105581003474,0.7913299549982185,1.3652376149984775,12,2896.54,996.02,630.02
12115,MiniCPM-v2.6-Q2_K,0.5384615384201185,0.42365927283421473,0.2536375693226313,3.574046404048059e-05,0.20119246644799293,0.44525547445255476,0.5667069449479342,0.0625,0.15384615384615383,0.0,A man in glasses wearing a black jacket standing in a market area,4.1831656220019795,20.891622202005237,1.3618373279896332,10.743681432999438,0.8127744530065684,1.7728242790035438,14,2896.54,996.02,630.02
12120,MiniCPM-v2.6-Q2_K,0.4666666666355556,0.2581988897293332,1.7244679590986396e-06,4.546697236652585e-09,0.20191032966983335,0.36802413273001505,0.3330426670179667,0.11764705882352942,0.3333333333333333,0.0,A woman dressed in pink swings her racket at a tennis ball during a match,4.1831656220019795,21.61604786699172,1.4588807630061638,11.328152931004297,0.8661754470085725,2.3007922760007204,16,2896.54,996.02,630.02
12268,MiniCPM-v2.6-Q2_K,0.6999999998600002,0.48304589144035537,0.3078191250093701,4.51801001705643e-05,0.33952279112064687,0.6,1.1079275662586525,0.3125,0.3636363636363636,0.0,A colorful gold bus-shaped purse sits on a cutting board.,4.1831656220019795,6.768882243006374,1.3224637329985853,3.4035837100091157,0.7827338409988442,1.4807811549981125,13,2896.54,996.02,630.02
13031,MiniCPM-v2.6-Q2_K,0.8999999998200003,0.6324555319036713,0.3684031497859238,5.1697315384357014e-05,0.2993230258103345,0.6376306620209059,1.653865262002455,0.20689655172413793,0.3333333333333333,0.0,A person is riding a jet ski on the water.,4.1831656220019795,21.507338511990383,1.3826748059946112,10.716087342007086,0.8233796830027131,1.5390029070113087,12,2896.54,996.02,630.02
13721,MiniCPM-v2.6-Q2_K,0.7333333332844446,0.6473388749254526,0.5051961188532051,0.423721017248729,0.2580693321999035,0.6205267938237964,0.8351958469085285,0.2285714285714286,0.46153846153846156,0.16666666666666666,A woman with bright colored socks sitting on a bench with sunglasses next to her,4.1831656220019795,22.934795085995574,1.3675471960013965,10.571755577999284,0.8736792320123641,2.3277861480019055,16,2896.54,996.02,630.02
14592,MiniCPM-v2.6-Q2_K,0.5134171188614531,0.39769119019501226,0.27279355045097664,4.317306147499054e-05,0.24119564691133655,0.5980392156862745,1.6810938314780943,0.30769230769230765,0.5714285714285715,0.0,A monkey is eating a banana,4.1831656220019795,20.330411766000907,1.3153301089914748,10.279573015999631,0.7911023960041348,0.8100005320011405,7,2896.54,996.02,630.02
14600,MiniCPM-v2.6-Q2_K,0.5999999999400001,0.25819888971990695,2.027400664963992e-06,5.873949093995857e-09,0.17380804024677265,0.38485804416403785,0.6387591275151052,0.1739130434782609,0.4444444444444444,0.0,A man wearing a red shirt holding a green umbrella.,4.1831656220019795,20.48317757100449,1.319693120996817,10.331980950999423,0.7902820979943499,1.380053475004388,12,2896.54,996.02,630.02
16285,MiniCPM-v2.6-Q2_K,0.3999999999200002,0.2981423969386873,0.22314431664674186,3.549481055230085e-05,0.19043308784943208,0.4535315985130111,0.554895050022562,0.08,0.1818181818181818,0.0,A boy balances on a skateboard while it's raining.,4.1831656220019795,6.759142128998064,1.3202273880015127,3.3793385549943196,0.7824890149931889,1.461279855997418,12,2896.54,996.02,630.02
16327,MiniCPM-v2.6-Q2_K,0.49805493606340595,0.21325438302191876,1.6647819888968582e-06,4.790437744888919e-09,0.21206767174763455,0.5176803394625177,0.525682858868351,0.1142857142857143,0.28571428571428575,0.0,People hang out under a Hurley tent at a beach festival.,4.1831656220019795,21.026508434006246,1.3405565800057957,10.349821979005355,0.8193445409997366,1.6276788349932758,14,2896.54,996.02,630.02
17364,MiniCPM-v2.6-Q2_K,0.4999999999642858,0.4385290096209864,0.363618151740488,0.2571200802306769,0.34385656456083724,0.5723860589812332,1.1910373834230632,0.18181818181818182,0.3076923076923077,0.0,Caption: Group of travelers walking down a busy city street with luggage in tow.,4.1831656220019795,21.347143103004782,1.3891047869983595,10.499436630998389,0.823710268989089,2.0487992790003773,17,2896.54,996.02,630.02
18022,MiniCPM-v2.6-Q2_K,0.5624999999648439,0.433012701864254,0.34250335527431924,0.2357831604289596,0.3110467261093701,0.5618421052631578,0.7360813201426019,0.18181818181818182,0.5,0.0,"A caption could be: ""Horses grazing in a field near a farm, with birds flying overhead.""",4.1831656220019795,21.361395517000346,1.3208931499975733,10.535917345012422,0.7938438989949645,2.5346482989989454,22,2896.54,996.02,630.02
18136,MiniCPM-v2.6-Q2_K,0.6191984996446447,0.42299310267594614,0.3142086712278531,5.091996652758037e-05,0.2695716053714938,0.6112224448897796,1.0568478999146476,0.16,0.3076923076923077,0.0,A blue boat cruising down a river.,4.1831656220019795,20.869338675998733,1.33515213400824,10.520736246995511,0.7895921080053085,1.0344630269974004,9,2896.54,996.02,630.02
21147,MiniCPM-v2.6-Q2_K,0.6666666665555557,0.5504818824693483,0.392800487867684,0.28646290153654075,0.26766372009684386,0.5,1.5585989304804646,0.24242424242424243,0.5,0.19999999999999998,A train moving along the tracks with smoke coming out the top.,4.1831656220019795,21.49283562299388,1.5293634440022288,10.874210777998087,0.8120998550002696,1.7833649480016902,14,2896.54,996.02,630.02
21839,MiniCPM-v2.6-Q2_K,0.636363636247934,0.35675303393985225,2.418230050045727e-06,6.48411507011597e-09,0.24126799733782953,0.4803149606299213,0.41747498992816445,0.0,0.0,0.0,A person holding a camera on a street corner at night.,4.1831656220019795,20.6634926800034,1.3746974380046595,10.462350015004631,0.7954711329948623,1.61316962899582,13,2896.54,996.02,630.02
22103,MiniCPM-v2.6-Q2_K,0.6249999998437503,0.42257712725484126,3.0989904703692355e-06,8.783602617222663e-09,0.2577778476364909,0.375,0.6212018798313155,0.1904761904761905,0.36363636363636365,0.0,A giraffe getting a snack from a woman,4.1831656220019795,20.561770672997227,1.329944262994104,10.290030104006291,0.7858925809996435,1.1397439440042945,10,2896.54,996.02,630.02
22192,MiniCPM-v2.6-Q2_K,0.818181818033058,0.756787468523232,0.6337555592874683,0.4223464418373284,0.3886043087350661,0.7584369449378331,1.2348720867550225,0.26666666666666666,0.3333333333333333,0.2,A pit bull dog sits on a bed full of clothes.,4.1831656220019795,20.54225422399759,1.3703822209936334,10.40302299198811,0.8641648979973979,1.6833672560023842,13,2896.54,996.02,630.02
25521,MiniCPM-v2.6-Q2_K,0.7499999999375001,0.4522670168272435,0.2734827537714344,3.8827267771481786e-05,0.21945137157107233,0.43821839080459773,0.5236791845484811,0.23529411764705882,0.5000000000000001,0.0,A plate full of bananas and strawberries on top of chocolate wraps.,4.1831656220019795,20.79204548499547,1.326661735001835,10.274209926996264,0.8156931370031089,1.6338865500001702,14,2896.54,996.02,630.02
27065,MiniCPM-v2.6-Q2_K,0.7272727271404961,0.6605782589527088,0.6235319076442863,0.5491004866675752,0.3854394967327122,0.6363636363636364,1.0660144202769564,0.3076923076923077,0.4444444444444444,0.4,A black-and-white photograph of a bathroom with a toilet and sink.,4.1831656220019795,6.884954957000446,1.3209486039995681,3.4023308619944146,0.7789713859965559,1.7251399810047587,15,2896.54,996.02,630.02
27975,MiniCPM-v2.6-Q2_K,0.7499999998750001,0.5838742080216183,0.5147142491101443,0.41722614478618697,0.2875537261403902,0.465648854961832,1.2523049671466997,0.1,0.2222222222222222,0.0,A busy street scene with cows walking down the middle of it.,4.1831656220019795,20.439519387000473,1.3538073350064224,10.271935461001704,0.7880710620083846,1.5919500269956188,14,2896.54,996.02,630.02
30657,MiniCPM-v2.6-Q2_K,0.7499999998125003,0.5669467093670424,0.3769737204628541,5.721248422925795e-05,0.2618696624284831,0.6140939597315436,1.1434230453513838,0.1739130434782609,0.4444444444444445,0.0,A brown dog sits in a blue truck.,4.1831656220019795,21.57928185298806,1.3702625610021641,10.725570711991168,0.8345516980043612,1.3591052789997775,10,2896.54,996.02,630.02
31471,MiniCPM-v2.6-Q2_K,0.33093633838648934,0.2042583425470713,1.830798362951533e-06,5.736753415588487e-09,0.14561199984066045,0.26676384839650147,0.49774436627117524,0.0909090909090909,0.25,0.0,A cow being held in a show arena,4.1831656220019795,21.261621937999735,1.383265669006505,10.71950847900007,0.8236319349962287,1.1267021670064423,9,2896.54,996.02,630.02
32300,MiniCPM-v2.6-Q2_K,0.7999999998400004,0.5962847938773745,3.5421952298576307e-06,8.926472273745138e-09,0.25259112590845156,0.5,0.8781975545412213,0.25,0.6,0.0,A boy running towards a ball on a baseball field.,4.1831656220019795,20.860347967987764,1.3473625899932813,10.656754871990415,0.7894301659980556,1.3883341860055225,12,2896.54,996.02,630.02
32322,MiniCPM-v2.6-Q2_K,0.6363636363057852,0.43693144871094447,2.7681823803094525e-06,7.175852914006076e-09,0.19569880107825513,0.4073455759599332,0.23975120805672206,0.06666666666666667,0.15384615384615383,0.0,A white fridge and a brown bag sit in a kitchen.,4.1831656220019795,6.706094163004309,1.3544457969983341,3.3947757089918014,0.8127076539967675,1.4714620109880343,13,2896.54,996.02,630.02
32724,MiniCPM-v2.6-Q2_K,0.18393972049375146,0.15018615287369194,1.6068614649454243e-06,6.250434468381108e-09,0.14188207782841353,0.31443298969072164,0.5645464236742086,0.08333333333333334,0.2222222222222222,0.0,Giraffes running on grassland.,4.1831656220019795,6.722438067998155,1.319443593005417,3.410737081998377,0.780816908009001,1.134822381005506,10,2896.54,996.02,630.02
33005,MiniCPM-v2.6-Q2_K,0.7999999998400004,0.516397779388174,0.32182979480030366,4.671379776255505e-05,0.35747986396288794,0.6,1.3629754520588881,0.2222222222222222,0.375,0.0,A young man swings his tennis racket on a court.,4.1831656220019795,20.47937419700611,1.3825568720058072,10.735136149000027,0.8519412270106841,1.5119311289890902,12,2896.54,996.02,630.02
33647,MiniCPM-v2.6-Q2_K,0.5555555554938273,0.26352313831625473,2.148719982044067e-06,6.376715692927575e-09,0.16829830250984573,0.3347050754458162,0.3977110516622052,0.16216216216216214,0.35294117647058826,0.0,A bench overlooking a park filled with yellow trees.,4.1831656220019795,21.58949004500755,1.3786623569903895,10.543279284000164,0.7923255709902151,1.280366948005394,11,2896.54,996.02,630.02
34749,MiniCPM-v2.6-Q2_K,0.5515605639774822,0.3729230059054938,2.7348494912400285e-06,7.751502103232945e-09,0.18752018562149653,0.3860759493670886,0.2871461124944784,0.10810810810810813,0.28571428571428575,0.0,A truck is transporting goods down a road.,4.1831656220019795,20.451164254001924,1.3239295429957565,10.283266682003159,0.7886538439925062,1.1432165810110746,10,2896.54,996.02,630.02
38029,MiniCPM-v2.6-Q2_K,0.44999999997750006,0.21764287502183505,1.3806135595106663e-06,3.527295712509229e-09,0.22148664380547692,0.324468085106383,0.1518547191376164,0.17142857142857143,0.30769230769230765,0.0,"A red fire hydrant float is being pulled down the street by a black trailer that says ""Liberty Jazz Band.""",4.1831656220019795,21.503987678006524,1.3703231240069726,10.642378555014147,0.7981221910013119,3.447778547008056,25,2896.54,996.02,630.02
38645,MiniCPM-v2.6-Q2_K,0.5882352940830451,0.3834824944004226,0.214026036710254,2.8927969314267106e-05,0.21198917530923508,0.4457978075517661,0.3521461689555854,0.12121212121212123,0.36363636363636365,0.0,A patio umbrella with a red flower pot underneath it on a deck with a wooden railing.,4.1831656220019795,21.85064407000027,1.3548532030108618,10.607331056002295,0.821588567996514,2.212302048006677,19,2896.54,996.02,630.02
41478,MiniCPM-v2.6-Q2_K,0.5999999998800002,0.3651483715950527,2.55436477410356e-06,6.985342055045127e-09,0.2052295825907971,0.34014869888475835,0.17127288642141503,0.14814814814814814,0.3333333333333333,0.0,A person trimming some leafy greens on a cutting board.,4.1831656220019795,20.812229303002823,1.3610192449996248,10.657223793998128,0.7905095720052486,1.5419085020112107,13,2896.54,996.02,630.02
42810,MiniCPM-v2.6-Q2_K,0.6666666665555557,0.3481553118520511,2.2971111882075526e-06,6.057952802530838e-09,0.20814049264119688,0.4326241134751773,0.582378688216148,0.14285714285714288,0.25,0.0,A tennis player is preparing to serve the ball during a match.,4.1831656220019795,20.978400909007178,1.3658792359929066,10.620678008010145,0.8112604549969546,1.6817375999962678,14,2896.54,996.02,630.02
46872,MiniCPM-v2.6-Q2_K,0.555555555432099,0.37267799616455977,2.707217535406252e-06,7.583235671536399e-09,0.14214671908952747,0.3333333333333333,0.43851638758500255,0.06896551724137931,0.14285714285714285,0.0,A large pipe is being loaded onto a truck.,4.1831656220019795,21.468065178996767,1.3309611800068524,10.363949861988658,0.7981994450092316,1.3828924659901531,11,2896.54,996.02,630.02
50531,MiniCPM-v2.6-Q2_K,0.21951219511659734,0.1047645443628496,6.553219023848396e-07,1.6496625424549474e-09,0.15600910154361922,0.17617328519855593,4.226204680589252e-07,0.10344827586206896,0.23076923076923078,0.0,"Caption: ""Baked donut muffins fresh from the oven!""

This caption describes the main subject of the image (baked donut muffins) and highlights their freshly baked state, which is indicated by their placement in the baking tray and their coloration.",4.1831656220019795,20.36041542601015,1.3174196710024262,10.270266189007089,0.7858004820009228,6.17517966000014,54,2896.54,996.02,630.02
50655,MiniCPM-v2.6-Q2_K,0.6441233938804958,0.4919573682190146,3.3133470859910884e-06,9.09209923034264e-09,0.31077234999023534,0.3667334669338677,1.396820272912291,0.18181818181818182,0.5,0.0,A toilet and sink in a bathroom,4.1831656220019795,20.967960523994407,1.3661069380032131,10.631925544003025,0.7969220160011901,0.9379074239986949,8,2896.54,996.02,630.02
51324,MiniCPM-v2.6-Q2_K,0.894839316615517,0.7749535804887625,0.6129709367760489,7.655584674923376e-05,0.3616118157509165,0.6876006441223833,1.3169889695351928,0.1935483870967742,0.5454545454545454,0.0,A woman on the phone sitting on a bus,4.1831656220019795,6.748155145003693,1.3228901520051295,3.3759182510111714,0.777165667997906,1.1292896310042124,10,2896.54,996.02,630.02
52412,MiniCPM-v2.6-Q2_K,0.636363636247934,0.43693144867122347,0.2768182380057799,4.035278636666363e-05,0.3557736502124816,0.5763779527559055,0.8856266162192366,0.27586206896551724,0.5454545454545454,0.0,A white plane flies above a parking lot filled with cars.,4.1831656220019795,21.033629762998316,1.3258624020090792,10.556432527999277,0.7980298189941095,1.5960711340012494,13,2896.54,996.02,630.02
52637,MiniCPM-v2.6-Q2_K,0.6999999998600002,0.48304589144035537,0.3878277951595267,0.3021375396692847,0.22012426821305323,0.5366568914956013,0.7023686366520907,0.25,0.4615384615384615,0.16666666666666669,A dog on a lounge chair chewing on a toy,4.1831656220019795,21.835334167000838,1.3801641059981193,10.408511116998852,0.7921372730052099,1.3030043890030356,11,2896.54,996.02,630.02
56302,MiniCPM-v2.6-Q2_K,0.5555555554938273,0.26352313831625473,2.148719982044067e-06,6.376715692927575e-09,0.20767276844553265,0.41709401709401706,0.504026496510441,0.15384615384615385,0.36363636363636365,0.0,A Newcastle bus makes its way down the street.,4.1831656220019795,20.375114673006465,1.5236414710088866,10.67381496199232,0.8693769719975535,1.5346280750090955,11,2896.54,996.02,630.02
57072,MiniCPM-v2.6-Q2_K,0.9166666665138891,0.8164965807885507,0.6933612742294717,0.5216948599306954,0.34318014553060283,0.6135057471264368,2.3191342977284672,0.27586206896551724,0.6,0.0,A knife next to a row of bread on a cutting board.,4.1831656220019795,7.180218601992237,1.3796690610033693,3.475811523006996,0.786530038996716,1.6649274029914523,14,2896.54,996.02,630.02
57283,MiniCPM-v2.6-Q2_K,0.7499999998125003,0.6546536705384689,0.5227579584336488,7.311104455016595e-05,0.19899899720116956,0.43884892086330934,0.6720017605565762,0.05714285714285715,0.13333333333333333,0.0,A toddler girl eating a piece of bread,4.1831656220019795,20.47951935499441,1.315704098000424,10.285982240995509,0.7874061519978568,1.0374237229989376,9,2896.54,996.02,630.02
58001,MiniCPM-v2.6-Q2_K,0.7777777776049386,0.6972166886186177,0.6524779400398905,0.551625153137941,0.40100225076642393,0.6666666666666666,1.8415779709111555,0.25806451612903225,0.4,0.16666666666666669,A cute small dog sleeping on a remote control.,4.1831656220019795,20.464560498992796,1.3131893249956192,10.266691295997589,0.7848132450017147,1.257183690002421,11,2896.54,996.02,630.02
60449,MiniCPM-v2.6-Q2_K,0.7272727271404961,0.5393598898700768,0.31854558815077505,4.483386699498255e-05,0.3322919387981395,0.7272727272727273,1.2451539433155938,0.26666666666666666,0.46153846153846156,0.2222222222222222,A laptop sitting on top of a table overlooking the ocean.,4.1831656220019795,21.2149431489961,1.367335742994328,10.465771054994548,0.8048702070082072,1.5913388690096326,13,2896.54,996.02,630.02
60610,MiniCPM-v2.6-Q2_K,0.8888888886913584,0.7453559923291194,0.54144350708125,7.171781505449112e-05,0.43790449342966076,0.6666666666666666,1.2823247453469788,0.22222222222222218,0.4444444444444445,0.0,A double-decker bus is driving down a busy street.,4.1831656220019795,21.43348020699341,1.3578408780012978,10.758204985002521,0.8071941490052268,1.7591912990028504,13,2896.54,996.02,630.02
60959,MiniCPM-v2.6-Q2_K,0.35826565516747294,0.2265870955445612,2.0951502613228133e-06,6.846046757997816e-09,0.146656554393873,0.33516483516483514,0.846112911818959,0.13333333333333336,0.15384615384615385,0.0,Two zebras stand in the savannah.,4.1831656220019795,7.120292612002231,1.3421444779960439,3.568723617994692,0.8347035729966592,1.2560839999932796,10,2896.54,996.02,630.02
63549,MiniCPM-v2.6-Q2_K,0.8333333331944446,0.6154574547917563,0.48436465299109077,0.3352113418479386,0.3676603455936615,0.6842948717948718,1.5490373273957876,0.39999999999999997,0.7272727272727273,0.0,A man posing with his skis on top of a snowy hill,4.1831656220019795,20.884925856007612,1.3374994850018993,10.496889545000158,0.7952439229993615,1.657527713003219,14,2896.54,996.02,630.02
63855,MiniCPM-v2.6-Q2_K,0.7999999999200001,0.5962847939370028,0.3542195230211848,5.019724248194722e-05,0.3729452138866103,0.5313588850174217,0.9500891819306724,0.20689655172413793,0.36363636363636365,0.0,A subway car has its doors open at a station.,4.1831656220019795,21.382552336988738,1.4888642669975525,10.750449438011856,0.830378953993204,1.6582608790049562,12,2896.54,996.02,630.02
64116,MiniCPM-v2.6-Q2_K,0.5263157894459835,0.38235955643025316,0.20487941509677102,2.70765762660009e-05,0.24384580603299996,0.3652694610778443,0.21402169978949498,0.15384615384615383,0.37499999999999994,0.0,A group of sheep graze in a field near a large stone building with a church adjacent to it.,4.1831656220019795,19.98049254300713,1.3321774399955757,10.304514952993486,0.7965864620055072,2.5746908449946204,22,2896.54,996.02,630.02
65074,MiniCPM-v2.6-Q2_K,0.6666666665185187,0.40824829037030635,0.28768479126408814,4.463236136748592e-05,0.23840725792970263,0.4444444444444444,0.5528098091812581,0.13793103448275862,0.4,0.0,A disheveled bed in a bedroom with yellow curtains.,4.1831656220019795,20.87087141700613,1.3297931010019965,10.35692157500307,0.788339052000083,1.504555610998068,13,2896.54,996.02,630.02
65239,MiniCPM-v2.6-Q2_K,0.4412484511819858,0.2358572181075568,2.015054333953781e-06,6.164542726677392e-09,0.13360306635094235,0.232824427480916,0.3168517279078676,0.07407407407407407,0.15384615384615385,0.0,A large ram looks over a snowy hillside.,4.1831656220019795,21.75503352600208,1.3844775079924148,10.681843386002583,0.890240681997966,1.3644160070107318,11,2896.54,996.02,630.02
66685,MiniCPM-v2.6-Q2_K,0.16666666666388893,1.6807316136037866e-09,3.651933955437214e-12,1.7097140167198047e-13,0.12220221675336845,0.13118279569892471,2.1510432758771763e-16,0.11764705882352941,0.2857142857142857,0.0,"Caption: Surfer's Paradise: Resting after a day's surf.

This caption captures the essence of the image by highlighting the key elements: the surfboards and the sandy beach, suggesting a post-day surfing scenario. It also adds a touch of humor and liveliness by using ""Paradise"" in quotation marks, implying that this beach might be called such by many visitors.",4.1831656220019795,20.955861233000178,1.3780387909937417,10.50268369501282,0.7969839270081138,9.444157243997324,78,2896.54,996.02,630.02
67569,MiniCPM-v2.6-Q2_K,0.6133629429839885,0.3203183500930099,2.113444318492887e-06,5.573585640056553e-09,0.2882549837006481,0.5187074829931972,0.5921806958699991,0.19354838709677416,0.30769230769230765,0.0,A small plane with a propeller on top sits behind a fence.,4.1831656220019795,21.272911227002623,1.3646291000040947,10.504997181007639,0.7948128260031808,1.8432496469904436,15,2896.54,996.02,630.02
67832,MiniCPM-v2.6-Q2_K,0.7499999998125003,0.46291004976641537,3.2931687791531186e-06,9.193227149641706e-09,0.1494991355941582,0.375,0.3454740971130047,0.13333333333333333,0.36363636363636365,0.0,A plate with vegetables and meat on it,4.1831656220019795,20.48425644899544,1.3547061900026165,10.28788549300225,0.80431914399378,1.0262754470022628,9,2896.54,996.02,630.02
67867,MiniCPM-v2.6-Q2_K,0.6999999998600002,0.48304589144035537,3.0781912500937016e-06,8.03428418768105e-09,0.17590726587159364,0.3,0.39366203231407026,0.0,0.0,0.0,A small orange lifeboat is attached to a larger ship.,4.1831656220019795,20.524730272998568,1.3668516439938685,10.682854255996062,0.8140476670087082,1.572732119995635,13,2896.54,996.02,630.02
68743,MiniCPM-v2.6-Q2_K,0.5999999998800002,0.3651483715950527,2.55436477410356e-06,6.985342055045127e-09,0.16041574162328062,0.3,0.31284710033508356,0.06666666666666667,0.15384615384615383,0.0,A baby is sitting on a table eating a doughnut,4.1831656220019795,20.84190412099997,1.3632544610009063,10.487894438003423,0.7893484279920813,1.4154377800005022,12,2896.54,996.02,630.02
69577,MiniCPM-v2.6-Q2_K,0.772184789568475,0.5404167775897939,0.4412484511732309,0.35091197732702883,0.24174036423514286,0.5041322314049587,0.5724385597202385,0.1935483870967742,0.36363636363636365,0.2222222222222222,A table filled with lots of different foods.,4.1831656220019795,20.373074376999284,1.3193324280000525,10.298805252998136,0.7901164649956627,1.1381842239934485,10,2896.54,996.02,630.02
70134,MiniCPM-v2.6-Q2_K,0.692307692254438,0.48038446137676916,0.3474868740897304,0.254509385979685,0.3148360469073346,0.563944530046225,1.0655809809714374,0.25000000000000006,0.39999999999999997,0.0,A baseball player standing on a field wearing a Cardinals jersey and sunglasses.,4.1831656220019795,20.6366909280041,1.3155640579934698,10.428597256002831,0.8008413909992669,1.707773600006476,15,2896.54,996.02,630.02
70589,MiniCPM-v2.6-Q2_K,0.8124999999492188,0.4031128873888932,2.264166931576577e-06,5.466325569266217e-09,0.29797380849144,0.43990384615384615,0.6803814173895124,0.2222222222222222,0.39999999999999997,0.0,"A white clutch purse with a camera, phone, flask, and wallet sitting on top of it.",4.1831656220019795,20.393343071991694,1.3239066490059486,10.326764266996179,0.7948531129950425,2.4085949290019926,21,2896.54,996.02,630.02
72852,MiniCPM-v2.6-Q2_K,0.5367694949004131,0.36668337245653715,0.27238055299729663,4.4141393638778416e-05,0.22809905069895633,0.48897795591182364,1.0159155735601917,0.21428571428571427,0.4444444444444445,0.0,A street sign showing a pedestrian zone,4.1831656220019795,20.999725112997112,1.4252606939990073,10.625865744994371,0.8049692319909809,0.9872472119895974,8,2896.54,996.02,630.02
74256,MiniCPM-v2.6-Q2_K,0.7777777776913581,0.6236095643887031,0.48074985670840664,0.36889397318312034,0.3273821450171757,0.6069651741293532,2.013632860807441,0.25,0.3333333333333333,0.0,Two women checking their cellphones at a train station.,4.1831656220019795,20.54412302399578,1.3307011339929886,10.243999654005165,0.7835704540048027,1.4567607229982968,12,2896.54,996.02,630.02
75234,MiniCPM-v2.6-Q2_K,0.7692307691715977,0.5661385170269343,0.38769860539453266,4.913270547713079e-05,0.351862903411871,0.6233576642335765,1.1310921557886129,0.28571428571428575,0.46153846153846156,0.0,A man hits a tennis ball towards the net on a blue court.,4.1831656220019795,20.655750763995457,1.3603843789896928,10.462421931995777,0.8079436299885856,1.8547366190032335,15,2896.54,996.02,630.02
76547,MiniCPM-v2.6-Q2_K,0.8571428570204084,0.7262730390968146,0.5602211878640546,0.35556702351279623,0.4259405536659292,0.7020460358056267,1.0106049831663118,0.34285714285714286,0.5714285714285715,0.14285714285714285,A man working on his laptop at a picnic table near a train station.,4.1831656220019795,20.433355667992146,1.315810298998258,10.274199664010666,0.7878563029953511,1.8149572980037192,16,2896.54,996.02,630.02
77178,MiniCPM-v2.6-Q2_K,0.4999999999500001,0.23570226037063632,1.9078570707084714e-06,5.612222323633712e-09,0.12009012180402244,0.34014869888475835,0.3999976045948994,0.06896551724137931,0.18181818181818182,0.0,An old collection of clay pottery with drawings on them.,4.1831656220019795,31.684947050991468,1.3586344929935876,17.41097443200124,0.8227203030110104,1.4261601040052483,12,2896.54,996.02,630.02
77891,MiniCPM-v2.6-Q2_K,0.3749999999062502,0.23145502488320774,2.0745663328558076e-06,6.500593258499926e-09,0.11884042961444255,0.375,0.0824783935686409,0.0,0.0,0.0,A crowd browses goods at a market stall,4.1831656220019795,6.344658820002223,1.3266372450016206,3.429630406986689,0.8146695949981222,1.1646281749999616,10,2896.54,996.02,630.02
77980,MiniCPM-v2.6-Q2_K,0.3749999999062502,7.319250545218839e-09,2.0745663328558084e-11,1.1559871144628244e-12,0.1901778687123729,0.21785714285714283,0.20533364203788618,0.09090909090909091,0.16666666666666666,0.0,An open fridge door with various items inside.,4.1831656220019795,20.401565249994746,1.3449438840034418,10.339334552001674,0.7984937910077861,1.1392076460033422,10,2896.54,996.02,630.02
78312,MiniCPM-v2.6-Q2_K,0.1947001957191763,4.654224883289751e-09,1.4114211429376907e-11,8.134981279967864e-13,0.14942763082606478,0.10892857142857142,0.2855048833456419,0.058823529411764705,0.15384615384615383,0.0,Large black clock on wall with roman numerals,4.1831656220019795,20.82760740201047,1.3703147340129362,10.626645985001232,0.8063528349885019,1.2346318189956946,10,2896.54,996.02,630.02
79992,MiniCPM-v2.6-Q2_K,0.6153846153372783,0.3922322702449393,0.2409339418389741,3.4389312173559354e-05,0.26051622844687,0.44525547445255476,1.226750439500301,0.12121212121212122,0.28571428571428575,0.0,"A basket with two coconuts, bananas and a small bottle of something green.",4.1831656220019795,20.8861162430112,1.3227892049908405,10.365611403001822,0.7910270160064101,2.2113813510077307,18,2896.54,996.02,630.02
80470,MiniCPM-v2.6-Q2_K,0.47058823526643606,0.29704426287498314,0.18051655058649957,2.5459845315085614e-05,0.2625138972990484,0.40720961281708945,0.5721177563439658,0.12903225806451613,0.26666666666666666,0.0,A man in yellow and brown riding a horse while another man tries to get him down.,4.1831656220019795,21.12489347200608,1.3840468130074441,10.455406339999172,0.7935093760024756,2.2589136120077455,19,2896.54,996.02,630.02
85160,MiniCPM-v2.6-Q2_K,0.8571428570204084,0.5741692516796132,0.38016856538197863,4.727526605592615e-05,0.3810485987027993,0.543026706231454,0.9030660900899976,0.20689655172413793,0.46153846153846156,0.0,A man wearing a blue shirt sitting at a desk working on a computer.,4.1831656220019795,20.408817043004092,1.3379027909977594,10.548725729007856,0.8462039580044802,2.0611420339992037,16,2896.54,996.02,630.02
86483,MiniCPM-v2.6-Q2_K,0.9230769230059173,0.620173672896349,0.47161224628233017,0.32002861009893324,0.2873200974570379,0.5343065693430658,1.2730409437148311,0.18181818181818182,0.5,0.0,The Abbey Road NW8 sign sits in front of a red brick building,4.1831656220019795,7.038202126001124,1.3683492580021266,3.505010899010813,0.7961854190070881,1.8746390370070003,15,2896.54,996.02,630.02
87409,MiniCPM-v2.6-Q2_K,0.4545454545041323,0.3015113445489831,2.1616643906091397e-06,5.9609942726317346e-09,0.20655985384749212,0.4073455759599332,0.5888505450284939,0.11764705882352941,0.15384615384615383,0.0,Caption: Three women paddleboarding on a calm day near a pier.,4.1831656220019795,20.964484911004547,1.413411740999436,10.888009158996283,0.8766642180125928,2.0110457679984393,15,2896.54,996.02,630.02
87885,MiniCPM-v2.6-Q2_K,0.357142857117347,0.16574838602065456,1.3179708049006483e-06,3.7982292265213524e-09,0.12747050476391494,0.3270777479892761,0.056278769994743856,0.0,0.0,0.0,A young toddler wearing green pajamas holds a remote control in his right hand.,4.1831656220019795,6.739247311008512,1.3601001869974425,3.477689115999965,0.7889766170119401,2.057751640008064,17,2896.54,996.02,630.02
88092,MiniCPM-v2.6-Q2_K,0.8888888886913584,0.7453559923291194,0.6197980940939327,0.4463236136748592,0.30191310466422383,0.6256410256410255,0.94900346717333,0.2777777777777778,0.33333333333333337,0.19999999999999998,A smiling young man holding a Wii remote controller.,4.1831656220019795,22.612918705010088,1.5154592120088637,10.432631357005448,0.827620833995752,1.4112695419898955,11,2896.54,996.02,630.02
88432,MiniCPM-v2.6-Q2_K,0.340909090901343,0.19909945244613453,0.09809125257770394,1.2317618414994371e-05,0.16876173189510119,0.24465240641711228,6.327070682953157e-07,0.20689655172413793,0.4347826086956522,0.0,"A street scene showing a fire hydrant spraying water onto the street, a yellow bus stop sign, a white SUV driving away from the viewpoint, and various street signs including a green street sign reading Bitmore Ave./Short Coxe Ave./Jack Anderson.",4.1831656220019795,20.7819800379948,1.3380140219960595,10.587135369001771,0.8011949969950365,7.076423443999374,52,2896.54,996.02,630.02
89109,MiniCPM-v2.6-Q2_K,0.35826565516747294,0.2265870955445612,2.0951502613228133e-06,6.846046757997816e-09,0.14227237360221767,0.4178082191780822,0.44779504071240106,0.1,0.2222222222222222,0.0,A dog hiding under a table.,4.1831656220019795,20.499673004989745,1.3151288689987268,10.302168057998642,0.790404106999631,0.9064647369959857,8,2896.54,996.02,630.02
91136,MiniCPM-v2.6-Q2_K,0.45454545446281003,0.2132007163158777,1.715714163671599e-06,5.012578714748261e-09,0.197624703087886,0.216696269982238,0.3684494697915903,0.21428571428571427,0.3333333333333333,0.0,Caption: Sheep rest under a large tree in a green pasture.,4.1831656220019795,21.795133306994103,1.3363268820103258,10.392849062001915,0.8225623470061691,2.0095033219986362,14,2896.54,996.02,630.02
91353,MiniCPM-v2.6-Q2_K,0.8181818181074382,0.7006490496784906,0.4778183822696005,6.076795807488964e-05,0.44050228198024255,0.6500888099467139,1.392236263783368,0.22222222222222218,0.36363636363636365,0.0,A sushi chef is making sushi rolls in a restaurant kitchen.,4.1831656220019795,21.150930599993444,1.3311755110044032,10.581197264007642,0.8105200710124336,1.9865709750010865,13,2896.54,996.02,630.02
93601,MiniCPM-v2.6-Q2_K,0.7499999998750001,0.5222329677780766,0.30100671890179576,4.17226144786187e-05,0.24185805672016478,0.5313588850174217,0.9495136987386497,0.14285714285714288,0.36363636363636365,0.0,A pan full of cakes on a baking sheet in the oven.,4.1831656220019795,20.89675911499944,1.364290591009194,10.518925292009953,0.8057812080078293,1.6763751300022705,14,2896.54,996.02,630.02
94113,MiniCPM-v2.6-Q2_K,0.8749999997812503,0.6123724355372341,0.39685026288496356,5.9460355733271294e-05,0.2503344283351725,0.5446428571428571,1.161667480053889,0.08695652173913043,0.28571428571428575,0.0,A toilet and sink in a green bathroom,4.1831656220019795,20.02997618399968,1.380180489999475,10.849392890988383,0.808291437002481,1.1046167780004907,9,2896.54,996.02,630.02
95841,MiniCPM-v2.6-Q2_K,0.3977063629402297,6.6697384695928586e-09,1.784931452728886e-11,9.596538469300547e-13,0.11019283746556474,0.31282051282051276,0.2407223355666947,0.0,0.0,0.0,A group of kids playing baseball in a park.,4.1831656220019795,20.3236730399949,1.320904080013861,10.275000808003824,0.7920777170074871,1.2540192940068664,11,2896.54,996.02,630.02
97667,MiniCPM-v2.6-Q2_K,0.4999999999166667,0.3692744728750537,0.3010067189017957,0.23462350316312489,0.18602474372601466,0.39102564102564097,0.35864211308516925,0.05555555555555556,0.15384615384615383,0.0,A spread of breakfast foods laid out on a red checkered tablecloth.,4.1831656220019795,20.433445639995625,1.3138127959973644,10.292545086995233,0.791357769005117,1.9173678899969673,16,2896.54,996.02,630.02
101787,MiniCPM-v2.6-Q2_K,0.7514772928605784,0.6860017745795912,0.5210452534093158,0.4037574516590797,0.2547866033361824,0.48897795591182364,1.4361657032734825,0.3478260869565218,0.5,0.0,An airplane in a cloudy blue sky.,4.1831656220019795,20.717632804007735,1.3271607239876175,10.292316342995036,0.8113618290080922,1.0217958349967375,9,2896.54,996.02,630.02
101913,MiniCPM-v2.6-Q2_K,0.999999999909091,0.9999999999045456,0.9999999998993268,0.9671682100305847,0.5613051214200641,1.0,4.192040762116079,0.46153846153846156,0.5454545454545454,0.28571428571428575,Three people sitting on a bench watching a train go by.,4.1831656220019795,6.699856692997855,1.3597912240074947,3.512756238997099,0.7956043790036347,1.5237386060034623,13,2896.54,996.02,630.02
102904,MiniCPM-v2.6-Q2_K,0.9999999997777782,0.790569414860923,0.6446159945415957,0.45966135749868425,0.33267937400792774,0.5570776255707762,2.098966328621064,0.42424242424242425,0.6153846153846153,0.3636363636363636,A living room with two couches and a rug.,4.1831656220019795,20.508559797002818,1.3532480059948284,10.328258676003315,0.7924340800091159,1.3860036219994072,12,2896.54,996.02,630.02
104544,MiniCPM-v2.6-Q2_K,0.32928698152470126,6.721542363805207e-09,2.02183935325847e-11,1.2271801245099645e-12,0.18006430868167203,0.44309927360774815,0.5740082761705806,0.16666666666666666,0.4,0.0,Caption: Elephants bathing in water,4.1831656220019795,20.860330284995143,1.447475494001992,10.615678928996203,0.8038318719918607,1.178327697009081,8,2896.54,996.02,630.02
104624,MiniCPM-v2.6-Q2_K,0.7857142856581634,0.6021937915518267,0.311480192053436,4.071220775224728e-05,0.31907787162981394,0.5460358056265985,1.8789144583986492,0.23999999999999996,0.6,0.0,A keyboard is sitting on a desk with a mouse sitting next to it.,4.1831656220019795,6.82073900999967,1.3440227679966483,3.433448510011658,0.785932276994572,1.9363827490014955,16,2896.54,996.02,630.02
105658,MiniCPM-v2.6-Q2_K,0.8999999998200003,0.774596669082261,0.6694329499402253,0.5988059641008373,0.33649600370013677,0.6684931506849316,2.41097376302492,0.3076923076923077,0.7499999999999999,0.33333333333333337,A cat laying down next to a bottle of tequila.,4.1831656220019795,20.982356225998956,1.3900283179973485,10.834694193006726,0.8284552919940325,1.5869604970066575,13,2896.54,996.02,630.02
107108,MiniCPM-v2.6-Q2_K,0.6191984996446447,0.42299310267594614,3.142086712278532e-06,9.054992803586728e-09,0.2739667945895073,0.48897795591182364,0.8513475325379015,0.0588235294117647,0.15384615384615385,0.0,"A plate with meatballs, carrots and hummus.",4.1831656220019795,20.45353823500045,1.3211358440021286,10.32328304699331,0.7858481180010131,1.4356801940011792,12,2896.54,996.02,630.02
107800,MiniCPM-v2.6-Q2_K,0.818181818033058,0.8090398348051151,0.7137658553668633,0.5491004866675752,0.3308877369718012,0.6110183639398998,1.6749327791412174,0.45454545454545453,0.6666666666666665,0.28571428571428575,A group of people board a blue train at a station.,4.1831656220019795,20.909754298001644,1.3379554790008115,10.582136278011603,0.7989468169980682,1.6452710890007438,13,2896.54,996.02,630.02
108129,MiniCPM-v2.6-Q2_K,0.5515605639774822,0.3729230059054938,0.2734849491240028,4.358989964947794e-05,0.35887541272148876,0.5820610687022901,0.4740857066582687,0.16216216216216214,0.4444444444444445,0.2222222222222222,A blooming cherry tree in a backyard garden.,4.1831656220019795,20.340453318000073,1.3271274989965605,10.308284697006457,0.7974649910029257,1.2986332569998922,11,2896.54,996.02,630.02
108758,MiniCPM-v2.6-Q2_K,0.3749999999062502,7.319250545218839e-09,2.0745663328558084e-11,1.1559871144628244e-12,0.1549112032190335,0.34923664122137404,0.5183804148839686,0.25806451612903225,0.3636363636363636,0.18181818181818182,Two new toothbrushes are still in their packaging.,4.1831656220019795,21.30499995900027,1.346181627988699,10.629154155001743,0.8135654299985617,1.4905874370015226,12,2896.54,996.02,630.02
109488,MiniCPM-v2.6-Q2_K,0.5714285713877553,0.46880723090372134,0.2635941609801295,3.5921434200531924e-05,0.18064478884294116,0.3824451410658307,0.6463350483559173,0.12500000000000003,0.16666666666666666,0.0,A colorful photo of a phone case with a variety of vegetables on it.,4.1831656220019795,6.9188577640015865,1.3233714499947382,3.3789105680043576,0.7860313300043344,1.8423499680066016,16,2896.54,996.02,630.02
111030,MiniCPM-v2.6-Q2_K,0.46153846150295863,0.2773500980903911,0.19122939636501624,2.891784932978699e-05,0.1636892530482919,0.2985318107667211,0.2946867655708022,0.10526315789473684,0.23529411764705882,0.0,A road with barriers blocking off part of it with signs directing traffic,4.1831656220019795,21.135492782996153,1.3927108479983872,10.318718644994078,0.788427216000855,1.6093878670071717,14,2896.54,996.02,630.02
111806,MiniCPM-v2.6-Q2_K,0.6133629429839885,0.3203183500930099,2.113444318492887e-06,5.573585640056553e-09,0.15280898876404495,0.2785388127853881,0.3591487683620087,0.0930232558139535,0.25,0.0,A child receives gifts from two clowns dressed as Dr. Seuss characters.,4.1831656220019795,19.802746489003766,1.3526477939885808,10.8640097949974,0.8147169500007294,1.9846419009991223,17,2896.54,996.02,630.02
112022,MiniCPM-v2.6-Q2_K,0.6249999998437503,0.5175491693727575,3.547458528968713e-06,9.720654206312743e-09,0.1918494952010272,0.375,0.47217704136117744,0.06896551724137931,0.2,0.0,A crowd waits at a baggage claim area.,4.1831656220019795,20.311465542996302,1.3204972239909694,10.288772063999204,0.786068047003937,1.1478125540015753,10,2896.54,996.02,630.02
112110,MiniCPM-v2.6-Q2_K,0.5333333332977779,0.33806170186806433,0.20638725024557966,2.9256127305132916e-05,0.25260422688996886,0.46003016591251883,0.2884862869863569,0.18181818181818182,0.37499999999999994,0.0,A person in blue jeans and sneakers stepping on a black case on the sidewalk.,4.1831656220019795,21.505483628992806,1.3646046360081527,10.634998178997193,0.8288920289924135,2.246782575995894,17,2896.54,996.02,630.02
113001,MiniCPM-v2.6-Q2_K,0.6874999999570314,0.47871355384725217,0.3661970900603787,0.24791358671576869,0.20450259717837463,0.4212707182320442,0.5246882401932401,0.21428571428571425,0.4444444444444444,0.2,A blue train traveling down a street with a red and white bus next to it.,4.1831656220019795,21.047034301998792,1.3804490129987244,10.41670459699526,0.8128116540028714,2.220214044005843,18,2896.54,996.02,630.02
113905,MiniCPM-v2.6-Q2_K,0.6153846153372783,0.32025630758451284,0.2104751848824394,3.107425138279266e-05,0.21314964145652998,0.4834874504623514,0.519529301391904,0.26666666666666666,0.5,0.16666666666666666,A hotdog plate on a black table with ketchup bottle in the background.,4.1831656220019795,20.72086640399357,1.5629061829968123,10.756427423999412,0.7892442230076995,2.031652246005251,17,2896.54,996.02,630.02
114147,MiniCPM-v2.6-Q2_K,0.37225088991138877,0.20103845768654688,1.739752057837663e-06,5.411516284063921e-09,0.13675213675213674,0.34205607476635513,0.11742592150781894,0.05714285714285715,0.13333333333333333,0.0,"""Riders in motion on a busy street.""",4.1831656220019795,20.622632076992886,1.3308802510000532,10.317460525999195,0.7911004929919727,1.401285051004379,11,2896.54,996.02,630.02
117788,MiniCPM-v2.6-Q2_K,0.555555555432099,0.37267799616455977,0.2707217535406251,4.264366796762506e-05,0.18887899437401293,0.4444444444444444,0.4404758158881199,0.12121212121212122,0.14285714285714288,0.0,A messy kitchen with items strewn across the countertops.,4.1831656220019795,21.111827995991916,1.3883455829927698,10.56795405599405,0.7909931340109324,1.5542953810072504,12,2896.54,996.02,630.02
118034,MiniCPM-v2.6-Q2_K,0.27272727271487607,0.16116459279757603,0.10910293277246602,1.6169214352664708e-05,0.17043163480098575,0.2681318681318681,0.047118006018119635,0.05,0.1111111111111111,0.0,"A cellphone being held vertically showing a video of a man in a red shirt kissing a woman in a white shirt.
",4.1831656220019795,6.8048378309904365,1.345698255012394,3.4549474279920105,0.8063218919996871,2.9605779349949444,24,2896.54,996.02,630.02
119081,MiniCPM-v2.6-Q2_K,0.8571428570816327,0.7703288864625035,0.7021389311107205,0.6591844161967525,0.4791006614866511,0.8994638069705092,3.240691056884902,0.41379310344827586,0.6666666666666666,0.18181818181818182,A tabby cat sitting on a table next to a vase full of flowers.,4.1831656220019795,7.149451042001601,1.3618310849997215,3.4815412480093073,0.794223681994481,2.0570827629999258,17,2896.54,996.02,630.02
120747,MiniCPM-v2.6-Q2_K,0.7272727272066117,0.5393598899191094,0.40134229189878995,0.2998221389022263,0.26233574115642594,0.5763779527559055,0.8008849611746683,0.24242424242424246,0.28571428571428575,0.14285714285714285,A cozy living room with a TV on in the background.,4.1831656220019795,20.552050362995942,1.320971755994833,10.415433649002807,0.7945193339983234,1.5023327469971264,13,2896.54,996.02,630.02
121215,MiniCPM-v2.6-Q2_K,0.6666666666222223,0.43643578044185,2.4469914284353917e-06,5.911245882681416e-09,0.3123658561519925,0.47918303220738423,0.5946491913439571,0.31578947368421056,0.6666666666666667,0.16666666666666666,A bathroom sink and bathtub with towels on the floor and towels on a shelf.,4.1831656220019795,21.630943928001216,1.3797400609910255,10.656446626991965,0.8085839140112512,2.03955254900211,17,2896.54,996.02,630.02
121633,MiniCPM-v2.6-Q2_K,0.38461538458579886,5.661385170269343e-09,1.42829387425241e-11,7.347053125332871e-13,0.149579728120085,0.2538141470180305,0.4736538862812163,0.125,0.30769230769230765,0.0,A small elephant drinks water from a river while larger elephants walk nearby.,4.1831656220019795,20.61439368900028,1.3272684040130116,10.270083848998183,0.7874987390096067,1.7204216990066925,15,2896.54,996.02,630.02
122869,MiniCPM-v2.6-Q2_K,0.7499999999531252,0.4472135954710755,0.3057107087124386,0.21651956744678866,0.2149982186171783,0.4212707182320442,0.3207205889560172,0.21052631578947367,0.42857142857142855,0.0,A small kitchenette with white cabinets and a microwave sits in the middle of the room,4.1831656220019795,20.53195213600702,1.3692193879978731,10.36112519299786,0.8167305329989176,2.1048583179945126,18,2896.54,996.02,630.02
125322,MiniCPM-v2.6-Q2_K,0.4971329536752872,0.333486923479643,0.24225246898508118,3.8159230710608426e-05,0.22724217973464766,0.5213675213675214,0.3122095817431356,0.14285714285714285,0.30769230769230765,0.0,A bald man taking a selfie on a bridge,4.1831656220019795,21.186221718002344,1.3492490649950923,10.514792080997722,0.821410061995266,1.2022257339995122,10,2896.54,996.02,630.02
127788,MiniCPM-v2.6-Q2_K,0.6470588234913496,0.4925921830420076,0.3186431519309258,3.8989389326654895e-05,0.29127530339174473,0.4982497082847141,0.390083687032636,0.3448275862068966,0.6153846153846154,0.0,A long row of bikes are parked in a bike rack on the side of a road.,4.1831656220019795,20.436693324008957,1.3131740109965904,10.222790147003252,0.7851396269979887,2.170996353990631,19,2896.54,996.02,630.02
128119,MiniCPM-v2.6-Q2_K,0.7777777776049386,0.5400617247435577,0.3466806370930039,5.133450479131077e-05,0.3052324143824014,0.41709401709401706,0.9521101739582062,0.20689655172413793,0.5,0.0,A bike rack full of bikes on a bus,4.1831656220019795,20.604854861987405,1.3906922419992043,10.671858230998623,0.8326178209972568,1.2489182599965716,10,2896.54,996.02,630.02
128907,MiniCPM-v2.6-Q2_K,0.6666666665185187,0.4999999998854169,0.329316877925984,4.939382735892778e-05,0.2208877049814222,0.3333333333333333,0.8233218969237366,0.19354838709677416,0.36363636363636365,0.0,A blurred vehicle at a red stoplight at night.,4.1831656220019795,20.463145443005487,1.3561432480055373,10.313396211990039,0.8055736259993864,1.386264045999269,12,2896.54,996.02,630.02
129547,MiniCPM-v2.6-Q2_K,0.36842105261218844,0.2861316917441729,0.21276703089613747,0.15663840572410942,0.2761741526556106,0.3817271589486859,0.5492699457173557,0.1764705882352941,0.36363636363636365,0.0,A red fire hydrant painted to look like a smiling face with a bow tie on it's neck.,4.1831656220019795,21.798916931002168,1.3377128220017767,10.948519431010936,0.813976700999774,2.7261312220070977,22,2896.54,996.02,630.02
129886,MiniCPM-v2.6-Q2_K,0.6191984996446447,0.42299310267594614,0.3142086712278531,5.091996652758037e-05,0.20675130715709578,0.3952483801295896,0.9750642626803021,0.13333333333333333,0.36363636363636365,0.0,People skiing at a ski lift station.,4.1831656220019795,21.08329460398818,1.400231271996745,10.676901351005654,0.8195938329881756,1.1930183920048876,9,2896.54,996.02,630.02
131108,MiniCPM-v2.6-Q2_K,0.6666666665185187,0.5773502690573166,0.3624601242482373,5.307712169758682e-05,0.22505554312894882,0.4756335282651072,0.47811583825459747,0.2608695652173913,0.6666666666666665,0.0,"A street with buildings and a sign saying ""Roma"".",4.1831656220019795,20.39289171299606,1.319816710005398,10.262257682989002,0.7876159540028311,1.5865931220032508,13,2896.54,996.02,630.02
134594,MiniCPM-v2.6-Q2_K,0.5624999999648439,0.47434164899462244,0.4005943544878131,0.3153554052271341,0.32774529770160965,0.5840425531914895,1.1465135644294715,0.26666666666666666,0.4,0.0,A black and white cow looking towards the camera while other cows graze in the background.,4.1831656220019795,21.43898712299415,1.419803979995777,10.602318238001317,0.8076796349923825,2.3320813580066897,19,2896.54,996.02,630.02
136642,MiniCPM-v2.6-Q2_K,0.4666666666355556,0.18257418582244916,1.3687111261793176e-06,3.8233014075451295e-09,0.21282057472425336,0.3779429987608426,0.4315446024301073,0.1111111111111111,0.28571428571428575,0.0,A batter in red and white uniform running toward first base after hitting a baseball.,4.1831656220019795,21.24251800600905,1.38733335598954,10.668978992995108,0.793258824996883,1.998506196992821,17,2896.54,996.02,630.02
137412,MiniCPM-v2.6-Q2_K,0.4210526315567868,0.3058876451442025,0.1765597276631702,2.4218026051494177e-05,0.20086396356225825,0.4528101802757158,0.19839147994178422,0.0,0.0,0.0,"Caption: ""A sleepy black and white cat lounges on a laptop keyboard, nestled between work schedules and photo galleries.""",4.1831656220019795,20.84723051301262,1.3404944779904326,10.577206866000779,0.8440777560026618,2.994478255001013,25,2896.54,996.02,630.02
140294,MiniCPM-v2.6-Q2_K,0.6666666665555557,0.3481553118520511,2.2971111882075526e-06,6.057952802530838e-09,0.22257698230613848,0.4166666666666667,0.9606753034030167,0.16666666666666669,0.4,0.0,A motel room with red and white floral comforters on two beds.,4.1831656220019795,20.87595365899324,1.3570832389959833,10.481217786000343,0.8035482979903463,1.702825988002587,15,2896.54,996.02,630.02
141278,MiniCPM-v2.6-Q2_K,0.8333333331944446,0.6154574547917563,0.33583969304830574,4.529376169980084e-05,0.23409707586600703,0.3696969696969697,1.0962823531678094,0.18604651162790697,0.4285714285714285,0.0,Caption: Office corner with computer setup and printer on a wooden desk.,4.1831656220019795,6.777003568000509,1.3203013029997237,3.4291522549901856,0.7862384750042111,1.7134969970065868,15,2896.54,996.02,630.02
141328,MiniCPM-v2.6-Q2_K,0.5999999998800002,0.2581988896940871,2.0274006647612524e-06,5.873949093408464e-09,0.14578772828796008,0.34014869888475835,0.6192354305371605,0.18181818181818182,0.5,0.0,"A colorful pasta salad with ham, broccoli, and cherry tomatoes.",4.1831656220019795,20.48544520100404,1.334752358001424,10.318648585001938,0.7919222560012713,1.6012428090034518,14,2896.54,996.02,630.02
142177,MiniCPM-v2.6-Q2_K,0.6153846153372783,0.3922322702449393,0.3035577449570705,0.2299751911087547,0.283764155656827,0.5640686922060767,0.8678054460022557,0.25806451612903225,0.42857142857142855,0.16666666666666669,A meal tray containing a plate of food and a bowl of fruit.,4.1831656220019795,20.474626013994566,1.3460105919948546,10.299687042992446,0.7885633780097123,1.8092271109926514,15,2896.54,996.02,630.02
143554,MiniCPM-v2.6-Q2_K,0.6666666666222223,0.4879500364405749,0.38016856541124555,4.6257998900031966e-05,0.3463780405748583,0.580952380952381,0.7383332992334606,0.2857142857142857,0.30769230769230765,0.0,A young man is wearing a blue shirt with a white frisbee near his face.,4.1831656220019795,20.303312948002713,1.3536783049930818,10.25588438900013,0.7873024299915414,2.161086245003389,19,2896.54,996.02,630.02
145426,MiniCPM-v2.6-Q2_K,0.7430381995735735,0.6552980968898172,0.6067302732430649,0.5578002858912754,0.3924454735221665,0.7904967602591793,1.5359349422272008,0.3,0.4444444444444444,0.0,A stork standing on a green bench.,4.1831656220019795,7.8524694809893845,1.5735813589999452,3.517842954999651,0.8119590059941402,1.3236541780061089,10,2896.54,996.02,630.02
147179,MiniCPM-v2.6-Q2_K,0.772184789568475,0.6240195440321152,0.3854660270400832,5.6386531026519244e-05,0.25406744252756214,0.6535714285714286,0.6176631555617048,0.19999999999999998,0.33333333333333337,0.0,Three people on a couch smiling and laughing,4.1831656220019795,20.73824132999289,1.319532707988401,10.261785811002483,0.7829842119972454,1.0192428559967084,9,2896.54,996.02,630.02
147453,MiniCPM-v2.6-Q2_K,0.12499999996875016,4.225771272548414e-09,1.4384239562738269e-11,8.783602617222665e-13,0.06666666666666665,0.125,0.3929525828462237,0.07692307692307693,0.22222222222222224,0.0,Large patio umbrellas are seen in this image.,4.1831656220019795,21.528400199997122,1.378306814993266,10.720743159006815,0.8872800760000246,1.4694022059993586,11,2896.54,996.02,630.02
148568,MiniCPM-v2.6-Q2_K,0.5833333332361111,0.32566947358395304,2.197107811108781e-06,5.859059369098998e-09,0.20338713671955558,0.3505747126436781,0.5908746577404148,0.24,0.46153846153846156,0.0,Caption: Giraffe bending down to reach children's hands at a zoo,4.1831656220019795,7.338694081001449,1.4475283049978316,3.6445593829994323,0.8831519199884497,2.583791266006301,15,2896.54,996.02,630.02
149196,MiniCPM-v2.6-Q2_K,0.6363636363057852,0.3567530339722843,0.2418230050265565,3.646285861547209e-05,0.241095378113424,0.370257966616085,1.1333995950793372,0.1081081081081081,0.14285714285714285,0.0,A colorful carnival prize game with stuffed animals hanging above it.,4.1831656220019795,20.519733850000193,1.3525310900004115,10.330630339012714,0.7920211460004793,1.493600660993252,13,2896.54,996.02,630.02
151657,MiniCPM-v2.6-Q2_K,0.545454545355372,0.40451991740255755,0.3313007624084907,0.2596535888827098,0.26504237975565886,0.4803149606299213,0.4396911393072106,0.19354838709677416,0.5,0.0,A man and woman wearing costumes pose together for a photo.,4.1831656220019795,20.781427344001713,1.3221964869881049,10.307295995997265,0.7905408419901505,1.5934641920030117,13,2896.54,996.02,630.02
153506,MiniCPM-v2.6-Q2_K,0.8333333331944446,0.6741998623483217,0.5147142491101443,0.35084396950083196,0.39070377987446114,0.646969696969697,1.9467804043842456,0.29411764705882354,0.5333333333333333,0.15384615384615383,A plate with fries and a sandwich with a cup of sauce.,4.1831656220019795,20.480109526004526,1.3228543269942747,10.30042561198934,0.7924021429935237,1.6314507589995628,14,2896.54,996.02,630.02
155877,MiniCPM-v2.6-Q2_K,0.6470588234913496,0.4496730838380355,0.2998546863232126,3.725213100460229e-05,0.3269093338117142,0.40985442329227323,1.067192179196612,0.2962962962962963,0.4,0.0,An adult sheep sitting in the shade of a tree with two baby sheep near its side.,4.1831656220019795,20.808587871011696,1.3269720649986994,10.361607297993032,0.7886673460016027,2.258635197998956,19,2896.54,996.02,630.02
163436,MiniCPM-v2.6-Q2_K,0.7777777776049386,0.6972166886186177,0.517872084202683,6.936319082096155e-05,0.30537035118846684,0.594541910331384,1.267911915596616,0.25,0.36363636363636365,0.2,A surfer is riding a wave towards the shore.,4.1831656220019795,21.449468520004302,1.3810320560005493,10.612911374002579,0.801154522006982,1.5166031510016182,12,2896.54,996.02,630.02
165543,MiniCPM-v2.6-Q2_K,0.4999999999000002,0.33333333326481496,2.403749283336e-06,6.674094717574906e-09,0.24078556374789295,0.42508710801393734,1.470856995640155,0.16666666666666666,0.36363636363636365,0.0,A giraffe is looking at a statue of a dinosaur.,4.1831656220019795,6.920126947996323,1.3243381299980683,3.4019371689937543,0.781740570004331,1.5952662880008575,13,2896.54,996.02,630.02
166003,MiniCPM-v2.6-Q2_K,0.4999999999687501,0.2581988897304859,1.6823908656274826e-06,4.374811430921123e-09,0.1327659574468085,0.36658653846153844,0.13070338235658488,0.10526315789473684,0.26666666666666666,0.0,A living area decorated for Christmas with a red tablecloth on a table and a radiator,4.1831656220019795,21.92593680799473,1.4011887840024428,10.739707800996257,0.8474180710036308,2.578316309998627,18,2896.54,996.02,630.02
166482,MiniCPM-v2.6-Q2_K,0.6999999998600002,0.5577733509080639,0.42685972157198826,5.773502690627579e-05,0.21537574737252507,0.5,0.5923587538087175,0.1875,0.46153846153846156,0.0,A black chair and table with a laptop on top,4.1831656220019795,21.630436545005068,1.366908816009527,11.31286638599704,0.7887578920053784,1.2821080470021116,11,2896.54,996.02,630.02
169872,MiniCPM-v2.6-Q2_K,0.6618726767729786,0.40851668509414246,0.29062112472909196,4.562272069571923e-05,0.16854912434360708,0.43323863636363635,0.17347883201741435,0.12121212121212122,0.36363636363636365,0.0,A workspace with computer equipment on a desk.,4.1831656220019795,6.810459678003099,1.3201730590080842,3.388465500989696,0.7816665569989709,1.1631695539981592,10,2896.54,996.02,630.02
169885,MiniCPM-v2.6-Q2_K,0.6191984996446447,0.5180586331363808,0.35967914108828075,5.635220630781876e-05,0.28159329059578714,0.5700934579439253,1.3764038461006654,0.26666666666666666,0.5,0.0,Two men enjoying pizza and beer together,4.1831656220019795,7.049732952989871,1.364635095000267,3.502648476991453,0.8104915099975187,0.9458070260006934,8,2896.54,996.02,630.02
172201,MiniCPM-v2.6-Q2_K,0.4444444443456792,0.23570226034150096,1.994694934821646e-06,6.030725358915047e-09,0.16994289266649967,0.31282051282051276,0.540162353836736,0.13333333333333333,0.36363636363636365,0.0,Log trucks transporting tree trunks down a rural road.,4.1831656220019795,6.938123555999482,1.3623528160096612,3.535595712994109,0.8084781649959041,1.4940366369992262,12,2896.54,996.02,630.02
174544,MiniCPM-v2.6-Q2_K,0.6666666666222223,0.21821789022092508,1.5415080047990375e-06,4.179882048905089e-09,0.24490116776821994,0.4979591836734694,0.7944540566456542,0.32,0.6666666666666666,0.0,A passenger train is pulling into a station where people are waiting on the platform.,4.1831656220019795,20.296799521005596,1.3148502270050813,10.225804029993014,0.7833814520126907,1.9588579190021846,17,2896.54,996.02,630.02
176288,MiniCPM-v2.6-Q2_K,0.833333333263889,0.6154574548430444,0.3358396930762924,4.529376170357532e-05,0.2878611899192922,0.6354166666666667,0.9546463163721006,0.2857142857142857,0.5,0.0,A goalie trying to save a ball from going into the net.,4.1831656220019795,20.42137592099607,1.3222862599941436,10.320365537991165,0.7877676969947061,1.6106868470087647,14,2896.54,996.02,630.02
181576,MiniCPM-v2.6-Q2_K,0.46153846150295863,6.20173672896349e-09,1.517788724785354e-11,7.689683971953974e-13,0.193729577635694,0.34414668547249644,0.011522651490690788,0.08333333333333333,0.14285714285714288,0.0,A man holds up a tortilla with a bite taken out of it.,4.1831656220019795,20.307403072991292,1.32418933500594,10.339056365002762,0.7887004639924271,1.9229633909999393,16,2896.54,996.02,630.02
182681,MiniCPM-v2.6-Q2_K,0.6428571428112246,0.5447047793615183,0.46245240143714167,0.40525876968785907,0.32226557097213343,0.6014084507042253,1.207740963046075,0.2,0.4,0.0,A young girl in a blue dress swinging a tennis racket on a court,4.1831656220019795,21.257691605002037,1.3835262960055843,10.751180726001621,0.8317911290068878,2.11239974500495,15,2896.54,996.02,630.02
183469,MiniCPM-v2.6-Q2_K,0.695986135145402,0.48326846480711544,0.31022346444907406,4.5936133196460516e-05,0.2343529196647677,0.5213675213675214,0.6384420311379719,0.20689655172413793,0.3333333333333333,0.0,Three green and gray parrots sit on a branch.,4.1831656220019795,7.132311627006857,1.3867002589977346,3.432655533993966,0.7949667339998996,1.4525977000012062,12,2896.54,996.02,630.02
184295,MiniCPM-v2.6-Q2_K,0.27590958074062716,0.2601300473705409,0.23174952573610696,4.625839070654737e-05,0.18795877636491298,0.3978260869565217,0.9243611421085342,0.08695652173913042,0.2,0.0,A baby eating food,4.1831656220019795,22.104021091989125,1.4098705329961376,10.498154708999209,0.7909141699929023,0.6113477500039153,5,2896.54,996.02,630.02
185993,MiniCPM-v2.6-Q2_K,0.5833333332361111,0.32566947358395304,2.197107811108781e-06,5.859059369098998e-09,0.30617270108564737,0.3112244897959184,0.6141781345864188,0.17142857142857143,0.28571428571428575,0.0,A street clock sits outside a large building in a city center.,4.1831656220019795,20.988978444001987,1.35736401900067,10.769012353994185,0.8679852679924807,1.7929374630039092,14,2896.54,996.02,630.02
187240,MiniCPM-v2.6-Q2_K,0.704559797022037,0.42011829342705237,0.2279417692183521,3.0415590100957867e-05,0.310061521539713,0.3831658291457286,1.0163565819834053,0.23529411764705882,0.5,0.0,A red bus on the side of the road with a recovery van parked behind it,4.1831656220019795,20.52299964799022,1.3203925309935585,10.311052834003931,0.7894216330023482,1.9720381489896681,17,2896.54,996.02,630.02
187278,MiniCPM-v2.6-Q2_K,0.33333333327777787,5.5048188246934825e-09,1.4470893699858605e-11,7.617472369343701e-13,0.07874015748031496,0.2074829931972789,0.05051877556852727,0.08333333333333333,0.15384615384615383,0.0,Two guys are on a beach trying to get on their boards.,4.1831656220019795,20.312246942994534,1.347573591992841,10.31393632099207,0.7909306100045796,1.6017273330071475,14,2896.54,996.02,630.02
187592,MiniCPM-v2.6-Q2_K,0.6666666665185187,0.4999999998854169,3.2931687792598418e-06,8.783602617539847e-09,0.31213554306172964,0.594541910331384,1.6307813216820684,0.5454545454545454,0.8571428571428571,0.0,A man pulling out a turkey from an oven.,4.1831656220019795,21.259278207013267,1.414686136005912,10.68981230899226,0.8192188700049883,1.3495132609969005,11,2896.54,996.02,630.02
188891,MiniCPM-v2.6-Q2_K,0.22222222217283966,5.270462765739487e-09,1.5831904189457608e-11,9.018037815333522e-13,0.12571563199434563,0.2378167641325536,0.19200852644175828,0.10526315789473684,0.22222222222222224,0.0,A passenger plane takes off from Madrid Barajas airport,4.1831656220019795,22.406814810005017,1.3898262820002856,10.866027426993242,0.8087776960019255,1.344108375007636,11,2896.54,996.02,630.02
189588,MiniCPM-v2.6-Q2_K,0.4999999998750002,0.37796447291136165,0.2876847912547651,4.6713797759570566e-05,0.26586884601832184,0.375,0.78624649589909,0.13333333333333333,0.16666666666666666,0.0,Caption: Employees playing video games during a break,4.1831656220019795,20.49812716100132,1.352455813990673,10.380666014010785,0.8017322019877611,1.149165584007278,10,2896.54,996.02,630.02
190395,MiniCPM-v2.6-Q2_K,0.555555555432099,0.37267799616455977,0.2707217535406251,4.264366796762506e-05,0.09917017204615755,0.3713850837138508,0.14702492233272033,0.0,0.0,0.0,A grey fridge with a black stripe on it,4.1831656220019795,20.53267236800457,1.3318575089942897,10.301604020991363,0.7874636440101312,1.1762512429995695,10,2896.54,996.02,630.02
191296,MiniCPM-v2.6-Q2_K,0.7165313103349458,0.6408850871556931,0.527944783386671,7.699630012415168e-05,0.2886221522793508,0.5570776255707762,1.475336187065882,0.23076923076923075,0.4,0.0,A fire hydrant surrounded by grass.,4.1831656220019795,20.303084483995917,1.3264243169978727,10.227352930000052,0.7855450740025844,1.0212696410017088,9,2896.54,996.02,630.02
192079,MiniCPM-v2.6-Q2_K,0.4999999998750002,8.451542545096823e-09,2.2833557013653313e-11,1.2421889947772103e-12,0.15555555555555559,0.375,0.20290549558776605,0.1142857142857143,0.2222222222222222,0.0,A smiling woman baking something in her kitchen,4.1831656220019795,20.471841050006333,1.3358128609979758,10.250846836992423,0.7972184599930188,1.0336180689919274,9,2896.54,996.02,630.02
193889,MiniCPM-v2.6-Q2_K,0.8749999997812503,0.6123724355372341,0.39685026288496356,5.9460355733271294e-05,0.22866069827480595,0.5446428571428571,0.7349020908153754,0.27586206896551724,0.5,0.25,A small herd of zebras in a field.,4.1831656220019795,20.834580266993726,1.3767444160039304,10.501599477996933,0.7928645570063964,1.2855484299943782,11,2896.54,996.02,630.02
194559,MiniCPM-v2.6-Q2_K,0.6618726767729786,0.40851668509414246,2.9062112472909207e-06,8.112994484315413e-09,0.22281966741566206,0.5820610687022901,0.854735582398559,0.14814814814814814,0.36363636363636365,0.0,A bed made with towels shaped into flowers.,4.1831656220019795,20.32382422599767,1.319029481994221,10.326184820005437,0.7894261170004029,1.1636196369945537,10,2896.54,996.02,630.02
196521,MiniCPM-v2.6-Q2_K,0.8888888886913584,0.6666666665138892,0.39893898696432895,5.7035079043965714e-05,0.2589769583251962,0.6666666666666666,1.0440774706720484,0.19999999999999998,0.5,0.0,A sink sitting under a mirror in a bathroom.,4.1831656220019795,21.379545477990177,1.3585200819943566,10.599263446012628,0.8100188329990488,1.348186157993041,11,2896.54,996.02,630.02
196865,MiniCPM-v2.6-Q2_K,0.5333333332977779,0.19518001457623005,1.4310092683999854e-06,3.95308837437499e-09,0.2743111203312933,0.4535315985130111,0.45024588077817274,0.1818181818181818,0.28571428571428575,0.0,A stack of two computer programming books sits on a desk near a computer cord.,4.1831656220019795,6.754545111005427,1.3546147830056725,3.3715114340011496,0.780619936005678,1.9488541149912635,17,2896.54,996.02,630.02
197090,MiniCPM-v2.6-Q2_K,0.4999999998750002,0.4629100497664153,0.41491326657116123,0.34572078454388416,0.24181154325804016,0.4093959731543625,1.388740975563342,0.07407407407407407,0.2,0.0,A red stop sign saying stop all way.,4.1831656220019795,6.857806336003705,1.3881620239990298,3.445954838010948,0.7809851850033738,1.1573968540033093,10,2896.54,996.02,630.02
198209,MiniCPM-v2.6-Q2_K,0.6363636363057852,0.43693144871094447,0.2768182380309452,4.035278637033206e-05,0.2531748105128682,0.384251968503937,0.778266343535329,0.18181818181818182,0.2,0.0,A machine glazing doughnuts as they travel along a conveyor belt.,4.1831656220019795,6.727031778005767,1.3196108569973148,3.409328210997046,0.7893990599986864,1.6965034239983652,15,2896.54,996.02,630.02
198223,MiniCPM-v2.6-Q2_K,0.5515605639774822,0.3729230059054938,0.2734849491240028,4.358989964947794e-05,0.24049245260547264,0.465648854961832,0.6510157819035413,0.06896551724137932,0.2,0.0,"Caption: ""Family enjoying a day at the beach.""",4.1831656220019795,22.005863190002856,1.4172774180042325,11.597922455999651,0.9073227769986261,1.6515561050036922,12,2896.54,996.02,630.02
198650,MiniCPM-v2.6-Q2_K,0.5263157894459835,0.2961744388635251,0.17280199114053302,2.3830412563888828e-05,0.20841212672131337,0.35017221584385766,0.2562240583376701,0.13333333333333333,0.3333333333333333,0.0,A white delivery van with a colorful design on the back parked in a gravel lot near a building.,4.1831656220019795,21.34739190498658,1.3869309069996234,10.63903723700787,0.8112674540025182,2.679821912999614,21,2896.54,996.02,630.02
200681,MiniCPM-v2.6-Q2_K,0.7083333333038194,0.632741905366233,0.5260659193231281,0.4080752916256572,0.32574545068040517,0.5756127450980392,0.6799705563521213,0.2105263157894737,0.4615384615384615,0.0,A dog in black and white jumps to catch a blue frisbee in a green field with another dog and a man watching nearby.,4.1831656220019795,20.47388083599799,1.3302870870102197,10.359227170993108,0.7889060690067708,3.259118133006268,28,2896.54,996.02,630.02
201301,MiniCPM-v2.6-Q2_K,0.5624999999648439,0.38729833459572877,0.27775661212534003,0.20149416155666633,0.30606987404118047,0.4048672566371681,0.6297250491751252,0.26666666666666666,0.5714285714285714,0.0,A hamburger being held in someone's hand next to a laptop and some french fries.,4.1831656220019795,21.303950530011207,1.3527806019992568,10.57567581400508,0.8250782569957664,2.0989907080074772,18,2896.54,996.02,630.02
203102,MiniCPM-v2.6-Q2_K,0.6428571428112246,0.49724515806196345,0.2741489750528534,3.699489496413855e-05,0.2898161325485434,0.5261644623346751,0.8398453471449472,0.21052631578947367,0.39999999999999997,0.0,A woman hits a tennis ball on a clay court while a crowd watches.,4.1831656220019795,20.7345315059938,1.3779371229902608,10.487953851989005,0.8030529700045008,2.006248069999856,16,2896.54,996.02,630.02
204256,MiniCPM-v2.6-Q2_K,0.7499999998125003,0.46291004976641537,0.3293168779153118,5.169731538105413e-05,0.2,0.5,0.6021920959039956,0.0625,0.13333333333333333,0.0,A collection of school supplies on a couch.,4.1831656220019795,7.103581738992943,1.3797273819945985,3.525630044998252,0.7874963940121233,1.2223560249985894,10,2896.54,996.02,630.02
206800,MiniCPM-v2.6-Q2_K,0.6249999998437503,0.29880715225622895,2.4596703663517755e-06,7.386099953835683e-09,0.1511271247076284,0.4093959731543625,0.02807483955459241,0.0,0.0,0.0,A person riding a kiteboard on a hillside.,4.1831656220019795,20.95239585399395,1.341108399006771,10.274647350001032,0.7835953999892808,1.3873651350004366,12,2896.54,996.02,630.02
207093,MiniCPM-v2.6-Q2_K,0.47768754022329724,0.2616402412150957,2.306011246130165e-06,7.356555998002494e-09,0.19322450951445516,0.5147679324894514,0.6164884183678039,0.2222222222222222,0.4444444444444445,0.0,A cat peering into a backpack,4.1831656220019795,6.96834118400875,1.3532200490008108,3.5617669280036353,0.848296490003122,0.9436389239999698,8,2896.54,996.02,630.02
207832,MiniCPM-v2.6-Q2_K,0.5555555555246915,0.4428074427447238,0.332514329194519,0.26460159521982235,0.32189737750361896,0.5785907859078591,0.657666643120709,0.2777777777777778,0.42857142857142855,0.0,A man dressed in red shirt and white shorts swinging a tennis racket on a blue tennis court.,4.1831656220019795,20.56747583199467,1.352298192010494,10.313451813010033,0.7967589300096733,2.376305762998527,20,2896.54,996.02,630.02
211097,MiniCPM-v2.6-Q2_K,0.5999999998800002,0.4472135954080309,2.924017737592869e-06,7.73055175524073e-09,0.20971870662499772,0.47213622291021673,0.1632753079449586,0.1739130434782609,0.3333333333333333,0.0,A man skateboarding on a rail while a crowd watches.,4.1831656220019795,20.24457115000405,1.3160196079988964,10.278790967000532,0.7916964510077378,1.5260755969939055,13,2896.54,996.02,630.02
211423,MiniCPM-v2.6-Q2_K,0.6666666665555557,0.5504818824693483,0.4496443129440351,0.3170233137953831,0.32182504834592524,0.7393939393939394,0.9919552007938697,0.05714285714285714,0.16666666666666666,0.0,A rusty saw with hair on it sits on a wooden bench,4.1831656220019795,20.365495680001914,1.3350168670003768,10.295759786997223,0.7929922240000451,1.5123872370022582,13,2896.54,996.02,630.02
212605,MiniCPM-v2.6-Q2_K,0.47058823526643606,0.34299717026421095,0.25032637111207223,3.253478519850143e-05,0.37583381345827843,0.6216560509554141,0.5006546345551725,0.23529411764705885,0.4,0.30769230769230765,A tan colored cat rests its paw on a laptop keyboard while being petted by a person.,4.1831656220019795,20.481232848993386,1.3179330240091076,10.207276235989411,0.7846107030054554,2.2651254259981215,20,2896.54,996.02,630.02
212766,MiniCPM-v2.6-Q2_K,0.6618726767729786,0.40851668509414246,0.29062112472909196,4.562272069571923e-05,0.17099296091754415,0.35465116279069764,0.06638407888946776,0.12121212121212122,0.3333333333333333,0.0,A couple of pizzas sit on a table.,4.1831656220019795,21.27967956000066,1.5050163120031357,11.269998564996058,0.8073252330068499,1.2427762970037293,10,2896.54,996.02,630.02
213457,MiniCPM-v2.6-Q2_K,0.6666666665185187,0.4999999998854169,3.2931687792598418e-06,8.783602617539847e-09,0.22646381147803293,0.4642313546423136,0.9124114083971766,0.1818181818181818,0.4,0.0,A skier performing a jump off a small hill,4.1831656220019795,21.113187623996055,1.3565510350017576,10.355635814994457,0.7965614089916926,1.3683514470030786,11,2896.54,996.02,630.02
214692,MiniCPM-v2.6-Q2_K,0.6191984996446447,0.5180586331363808,3.5967914108828082e-06,1.0020996818745959e-08,0.25543832193707244,0.48897795591182364,0.5448456932086341,0.1875,0.3076923076923077,0.0,A baseball player getting ready to bat.,4.1831656220019795,20.445974415997625,1.3235423150035786,10.32811637200939,0.7903034729970386,1.0267605340050068,9,2896.54,996.02,630.02
215482,MiniCPM-v2.6-Q2_K,0.823529411716263,0.641688947880822,0.4788571211705363,0.3538995029676992,0.490872142128967,0.6830907054871221,1.0550259930502532,0.23529411764705882,0.375,0.0,A baseball game with a batter ready to swing and a catcher ready to catch the ball,4.1831656220019795,20.471975767999538,1.345948337999289,10.276596057999996,0.8093637499987381,2.0685238399892114,18,2896.54,996.02,630.02
216326,MiniCPM-v2.6-Q2_K,0.5714285714013606,0.41403933558520356,0.330468344971579,0.27848998801566877,0.39769117593891423,0.574793875147232,0.4631037810948616,0.3888888888888889,0.8333333333333333,0.26666666666666666,A baby in a white sleeper is sleeping with a pacifier in his mouth while being covered by a white blanket.,4.1831656220019795,20.4729454920016,1.3144132930028718,10.234491930998047,0.7833538929990027,2.748983354002121,24,2896.54,996.02,630.02
218365,MiniCPM-v2.6-Q2_K,0.7238699342839938,0.6032249452333104,0.34526009313377426,4.802616575495893e-05,0.2738054777131711,0.5669144981412639,1.3826990993539134,0.27586206896551724,0.4,0.0,An orange flower is displayed in a small silver cup.,4.1831656220019795,21.54709015399567,1.432852546000504,10.702195480989758,0.83558698600973,1.6579767780058319,12,2896.54,996.02,630.02
218678,MiniCPM-v2.6-Q2_K,0.9999999997777782,0.8660254035859749,0.685006710431798,0.4810977289787999,0.4591873937236889,0.8341880341880341,2.3027314512205197,0.3333333333333333,0.6,0.22222222222222224,A man on a surfboard is riding a wave.,4.1831656220019795,21.87482830299996,1.350195523002185,10.553265561000444,0.8031160999962594,1.4678816969972104,12,2896.54,996.02,630.02
219315,MiniCPM-v2.6-Q2_K,0.46002220723799137,0.33974891623388076,0.2198070668909005,3.227920345456212e-05,0.2053559042116087,0.48878205128205127,0.532221329439084,0.0625,0.13333333333333333,0.0,A bottle of 1664 sits next to a dessert on a napkin.,4.1831656220019795,21.421951737007475,1.3622011310071684,10.837131496009533,0.8377986550040077,2.3315007199998945,19,2896.54,996.02,630.02
219525,MiniCPM-v2.6-Q2_K,0.5624999999648439,0.5123475382648909,0.42171633262267666,0.32774568050702035,0.41493037044558434,0.6130653266331658,1.0905282644043839,0.3846153846153846,0.5454545454545454,0.2222222222222222,A woman in a pink blouse holds a pink umbrella as she walks past a train.,4.1831656220019795,20.31458407000173,1.3147125940013211,10.280375761998584,0.7862758440023754,2.074707341991598,18,2896.54,996.02,630.02
220872,MiniCPM-v2.6-Q2_K,0.5454545454049587,0.3302891295063807,2.2971111883777093e-06,6.238986071451458e-09,0.17412742730386646,0.384251968503937,0.5796097967572789,0.125,0.36363636363636365,0.0,A train waits at the station as a man walks past.,4.1831656220019795,20.97137613099767,1.3179785989923403,10.36863697100489,0.7910248370026238,1.50565774498682,13,2896.54,996.02,630.02
222771,MiniCPM-v2.6-Q2_K,0.6666666666111113,0.4264014326740724,0.33130076244167656,0.25211936181920963,0.23019948498021345,0.39102564102564097,0.9388025142409596,0.2222222222222222,0.4,0.0,Four men in neon green safety vests riding motorcycles on a runway,4.1831656220019795,21.448531504007406,1.3483051989896921,10.506109990004916,0.8246885900007328,1.7309637540020049,13,2896.54,996.02,630.02
222842,MiniCPM-v2.6-Q2_K,0.5366925751109899,0.36697077144614565,0.29154163128626726,0.22434531548379047,0.2071027707911298,0.39713541666666663,0.49724356589965546,0.10256410256410255,0.3076923076923077,0.0,A chocolate and cream layered cake on a plate with a fork.,4.1831656220019795,20.50294568100071,1.347184265992837,10.776246403998812,0.7891421899985289,1.6132715599960648,14,2896.54,996.02,630.02
223545,MiniCPM-v2.6-Q2_K,0.4999999999166667,0.3015113445263697,2.0870640220585245e-06,5.63756031424638e-09,0.22409194020800458,0.46212121212121204,0.7930333287011254,0.16216216216216217,0.25,0.0,A group of birds sits on a rope near a large ship.,4.1831656220019795,7.459330584999407,1.3444806820043596,3.402230678999331,0.7828152290021535,1.6452054429973941,14,2896.54,996.02,630.02
224861,MiniCPM-v2.6-Q2_K,0.5999999998800002,0.3651483715950527,0.25543647741035597,3.9281465081419535e-05,0.18747479828108435,0.5,0.9801084612438551,0.13793103448275862,0.3333333333333333,0.0,A ginger cat with white markings sits in a suitcase.,4.1831656220019795,6.792415504998644,1.4726983010041295,3.573405704999459,0.8515466270036995,1.6728035230044043,12,2896.54,996.02,630.02
227657,MiniCPM-v2.6-Q2_K,0.7999999999200001,0.5163977794398137,0.3218297948324866,4.671379776722642e-05,0.28821629232965373,0.6802973977695167,0.6611997089254931,0.1875,0.4615384615384615,0.0,A delivery truck loaded with crates parked on a street.,4.1831656220019795,21.50844775501173,1.350450258993078,10.449680083009298,0.8542056239966769,1.7705484180041822,12,2896.54,996.02,630.02
228749,MiniCPM-v2.6-Q2_K,0.8749999997812503,0.35355339050172896,2.7516060400030293e-06,8.034284187167751e-09,0.34851320028554383,0.625,1.2424944340862085,0.2285714285714286,0.4615384615384615,0.14285714285714285,"A plate full of broccoli, fries and steak",4.1831656220019795,20.547252208998543,1.3295990149927093,10.550882677998743,0.7986308020044817,1.2003335610061185,10,2896.54,996.02,630.02
229304,MiniCPM-v2.6-Q2_K,0.5294117646747406,0.2572478776981582,1.6401017070887658e-06,4.2132873222835864e-09,0.21540009811445165,0.30160692212608153,0.2055001700127647,0.2325581395348837,0.35294117647058826,0.0,A baseball player with the number seven on his jersey swings his bat at a baseball game.,4.1831656220019795,32.33655940600147,1.3549594990035985,17.448047954996582,0.8434204730001511,2.386485802999232,19,2896.54,996.02,630.02
231806,MiniCPM-v2.6-Q2_K,0.5624999999648439,0.47434164899462244,0.3639641254560516,0.24677894098187533,0.3948219776748272,0.505524861878453,0.9316431166583574,0.2,0.2857142857142857,0.0,A groom in a black suit cutting a wedding cake with a bride figurine on top.,4.1831656220019795,21.580149797999184,1.4209063340094872,10.446001595002599,0.8151190460048383,2.268478115001926,19,2896.54,996.02,630.02
233023,MiniCPM-v2.6-Q2_K,0.4999999999000002,0.33333333326481496,2.403749283336e-06,6.674094717574906e-09,0.2522922290021161,0.5669144981412639,0.6333324948173116,0.26086956521739124,0.5,0.0,A man leads a large elephant down a dirt road.,4.1831656220019795,20.793612228997517,1.3747160909988452,10.603821195007185,0.8156172729941318,1.5812861190061085,12,2896.54,996.02,630.02
234643,MiniCPM-v2.6-Q2_K,0.7333333332844446,0.5606119105426793,0.36430944266850274,0.25194602424418966,0.33081056152504856,0.6205267938237964,1.1998217172875205,0.18181818181818185,0.4444444444444445,0.0,A man standing near a field with a kite flying in the sky above him.,4.1831656220019795,6.738418017004733,1.3293505010078661,3.427458573001786,0.7844405610085232,1.9270663269999204,17,2896.54,996.02,630.02
234779,MiniCPM-v2.6-Q2_K,0.7272727272066117,0.46709936645232714,0.36464367169186945,0.2790159393287965,0.356090269878198,0.6500888099467139,2.0689961186979384,0.36363636363636365,0.4,0.0,Two sloppy joe sandwiches sit on white plates with blue trim.,4.1831656220019795,20.66154658400046,1.3262640570028452,10.31922060000943,0.824591105003492,1.5319164309912594,13,2896.54,996.02,630.02
235057,MiniCPM-v2.6-Q2_K,0.5971094252791215,0.5066641484618783,3.582656551535406e-06,1.023722767575552e-08,0.22347118691102946,0.5570776255707762,1.2117268671143138,0.35294117647058826,0.5714285714285715,0.25,A giraffe sticking its tongue out.,4.1831656220019795,21.824359019010444,1.3437011180067202,10.576513929001521,0.8141896110028028,1.1245987139991485,9,2896.54,996.02,630.02
235093,MiniCPM-v2.6-Q2_K,0.4999999999000002,0.33333333326481496,2.403749283336e-06,6.674094717574906e-09,0.1421430350807611,0.4,0.36307457380014735,0.06896551724137931,0.15384615384615383,0.0,A kite soars over a bay near a city shoreline.,4.1831656220019795,21.073101642992697,1.4246971789980307,10.698768503003521,0.8215827170060948,1.5338639260007767,13,2896.54,996.02,630.02
235131,MiniCPM-v2.6-Q2_K,0.47058823526643606,0.17149858513210553,1.2516318555603621e-06,3.4401346931106828e-09,0.20454455122569756,0.30160692212608153,0.3452476900620185,0.14285714285714285,0.3157894736842105,0.0,"A group of people stand near a building near a waterfront, while boats travel in the water.",4.1831656220019795,6.871713405009359,1.318927041007555,3.4010357609950006,0.8113426890049595,2.3538122450117953,20,2896.54,996.02,630.02
235486,MiniCPM-v2.6-Q2_K,0.32928698152470126,0.21255383258936583,2.0218393532584693e-06,6.900940974641912e-09,0.17277053987716814,0.40757238307349664,0.46237918104399234,0.10526315789473684,0.22222222222222224,0.0,A family eating pizza together,4.1831656220019795,20.230780628990033,1.3666928570019081,10.453686409004149,0.8297921960038366,0.8235006390023045,6,2896.54,996.02,630.02
235864,MiniCPM-v2.6-Q2_K,0.7777777776049386,0.5400617247435577,0.3466806370930039,5.133450479131077e-05,0.25480468598401484,0.6876006441223833,0.7150336057183537,0.2285714285714286,0.42857142857142855,0.14285714285714285,A couple relaxing on a bench checking their phones,4.1831656220019795,20.755767291004304,1.343989737011725,10.27022862699232,0.7838570379972225,1.144416770999669,10,2896.54,996.02,630.02
236671,MiniCPM-v2.6-Q2_K,0.3870967741810615,0.2540002539920509,0.16447507755428037,1.9965747160296885e-05,0.23121152972682288,0.35732217573221753,0.004265035480818345,0.16666666666666666,0.4,0.0,A woman wearing glasses smiles while sitting at a table with a cake decorated with raspberries and a red cloth runner. Another woman wearing yellow is behind her with a cake.,4.1831656220019795,20.470949939001002,1.3107936400047038,10.385573772000498,0.8375770179991378,4.816197075997479,35,2896.54,996.02,630.02
236721,MiniCPM-v2.6-Q2_K,0.4867504892979407,0.3291033976141351,2.413496205054382e-06,6.840676596481051e-09,0.20112406821992654,0.4093959731543625,0.7629918539106567,0.13333333333333333,0.30769230769230765,0.0,A tray with food and drinks on it.,4.1831656220019795,20.898044908986776,1.36011836900434,10.623977505005314,0.8123329149966594,1.2173731749935541,10,2896.54,996.02,630.02
237780,MiniCPM-v2.6-Q2_K,0.7777777776049386,0.5400617247435577,0.3466806370930039,5.133450479131077e-05,0.2065979106740547,0.4911433172302737,0.9685844371347765,0.25806451612903225,0.42857142857142855,0.0,Cows graze behind a fence in a green pasture.,4.1831656220019795,21.15242195899191,1.4258721119986149,10.798210506996838,0.8188046440045582,1.6893323270051042,13,2896.54,996.02,630.02
239274,MiniCPM-v2.6-Q2_K,0.636363636247934,0.43693144867122347,2.7681823800578e-06,7.175852913353726e-09,0.1959356561607532,0.4803149606299213,0.46180517462824466,0.1081081081081081,0.28571428571428575,0.0,A boat sits on calm blue water near a rocky shoreline.,4.1831656220019795,20.838469594003982,1.382058893010253,10.889112525008386,0.7955333489953773,1.5308027019927977,13,2896.54,996.02,630.02
240436,MiniCPM-v2.6-Q2_K,0.33203662404227063,0.17412147460524838,1.4543210235451372e-06,4.328649144449854e-09,0.11912940082959024,0.216696269982238,0.19583151195111895,0.0,0.0,0.0,A quiet mountain lake with a swing hanging from a rope,4.1831656220019795,20.955548444995657,1.377871958000469,10.678075654999702,0.8369402770040324,1.4078669900045497,12,2896.54,996.02,630.02
243491,MiniCPM-v2.6-Q2_K,0.5714285713877553,0.3631365195743456,0.2801105939520352,0.21142141712598006,0.23398507428726678,0.45252225519287836,0.7070264662391366,0.2,0.35294117647058826,0.13333333333333333,An aircraft collection with many different types of planes on display inside a hangar.,4.1831656220019795,21.230746044006082,1.4152507039980264,10.599433265990228,0.8309013289981522,2.0659457410074538,17,2896.54,996.02,630.02
245701,MiniCPM-v2.6-Q2_K,0.6666666665185187,0.40824829037030635,2.8768479126408824e-06,7.936880924121685e-09,0.20468712467413674,0.5213675213675214,0.6538729549538492,0.06666666666666668,0.16666666666666666,0.0,A man hitting a tennis ball during a match.,4.1831656220019795,21.088949045006302,1.3738938739988953,10.738898808005615,0.82372726900212,1.448744228007854,11,2896.54,996.02,630.02
246183,MiniCPM-v2.6-Q2_K,0.555555555432099,0.37267799616455977,0.2707217535406251,4.264366796762506e-05,0.2507261739929395,0.4756335282651072,0.991308856401707,0.19047619047619047,0.4,0.0,People watch from behind a fence during a parade.,4.1831656220019795,20.34901801799424,1.3252381710044574,10.296349632000783,0.7831793640070828,1.2612708569940878,11,2896.54,996.02,630.02
246951,MiniCPM-v2.6-Q2_K,0.7514772928605784,9.701530134224684e-09,2.418477830031624e-11,1.2767931695080216e-12,0.2653949201818072,0.474339035769829,0.6437663447943884,0.2857142857142857,0.6,0.0,People on beach watch plane flying overhead.,4.1831656220019795,6.984581317999982,1.358055571996374,3.421217720999266,0.7961698379949667,1.0486766609974438,9,2896.54,996.02,630.02
247037,MiniCPM-v2.6-Q2_K,0.555555555432099,0.37267799616455977,0.2707217535406251,4.264366796762506e-05,0.1508430511649449,0.4444444444444444,0.2718861231587712,0.0,0.0,0.0,A hand showing a small cut on a fingernail.,4.1831656220019795,20.804243563994532,1.330164002996753,10.364774340996519,0.8313349990057759,1.658987522998359,13,2896.54,996.02,630.02
247945,MiniCPM-v2.6-Q2_K,0.357142857117347,0.16574838602065456,1.3179708049006483e-06,3.7982292265213524e-09,0.11777181479743534,0.2237163814180929,0.07102739577990219,0.058823529411764705,0.15384615384615385,0.0,A busy tourist destination in Prague features a large astronomical clock on its facade.,4.1831656220019795,20.514582500996767,1.3964964389888337,10.878950183003326,0.8103635610023048,2.060066984995501,16,2896.54,996.02,630.02
250703,MiniCPM-v2.6-Q2_K,0.6441233938804958,0.4919573682190146,0.33133470859910874,5.112863129953035e-05,0.21425691232123922,0.5700934579439253,1.0680013649049904,0.24,0.5454545454545454,0.0,A horse eating grass on a farm,4.1831656220019795,21.04320836700208,1.3281710800074507,10.567114074001438,0.8160440979991108,0.9713190860056784,8,2896.54,996.02,630.02
250953,MiniCPM-v2.6-Q2_K,0.45454545446281003,0.30151134452157297,0.21616643904126243,3.3521134184190736e-05,0.265095226781442,0.32504440497335696,1.3518436037279984,0.06666666666666667,0.16666666666666666,0.0,The Washington Monument towers above the crowd near the National Mall.,4.1831656220019795,21.13114799199684,1.3571189109934494,10.644567452007323,0.8044835890032118,1.4993475820083404,13,2896.54,996.02,630.02
251065,MiniCPM-v2.6-Q2_K,0.33093633838648934,0.2042583425470713,1.830798362951533e-06,5.736753415588487e-09,0.11935483870967743,0.34923664122137404,0.2970586172868153,0.07142857142857142,0.28571428571428575,0.0,Caption: A grimy toilet in need of cleaning.,4.1831656220019795,21.93909476000408,1.3534934819908813,11.141130849995534,0.833762811991619,1.608425187994726,12,2896.54,996.02,630.02
252559,MiniCPM-v2.6-Q2_K,0.3999999999200002,0.21081851063455723,1.771097614928816e-06,5.307712169906119e-09,0.12584091636928546,0.31881533101045295,0.2972079560068682,0.11764705882352941,0.16666666666666669,0.0,A red brick building with several pipes attached to it.,4.1831656220019795,20.64305604400579,1.3153638460062211,10.240551734998007,0.7854757869936293,1.4501960710040294,12,2896.54,996.02,630.02
254609,MiniCPM-v2.6-Q2_K,0.6618726767729786,0.5003287149469438,0.3326781406642599,5.0489840121490154e-05,0.3569034273244284,0.5041322314049587,1.22633946829386,0.3157894736842105,0.6666666666666666,0.0,A dog is playing frisbee on the beach.,4.1831656220019795,7.346424620001926,1.4656055369996466,3.6660462470026687,0.829816272991593,1.5858668889995897,12,2896.54,996.02,630.02
254929,MiniCPM-v2.6-Q2_K,0.49805493606340595,0.3015872407051041,2.097493871297004e-06,5.696822650199491e-09,0.17116293222642276,0.5176803394625177,0.19788062164730322,0.11111111111111112,0.25,0.0,A person picks up a piece of pizza with their fingers.,4.1831656220019795,20.79172125099285,1.3198385419964325,10.277389955997933,0.7845198360009817,1.492381956995814,13,2896.54,996.02,630.02
255385,MiniCPM-v2.6-Q2_K,0.5965595444103445,0.3653166212455994,2.5743166207264127e-06,7.102233103778052e-09,0.27551953936358975,0.2946859903381642,0.8110752230978027,0.25806451612903225,0.3636363636363636,0.0,A large historic building with a large clock tower.,4.1831656220019795,20.807262421003543,1.385690084003727,10.694644919989514,0.8141980619984679,1.342793702002382,11,2896.54,996.02,630.02
256660,MiniCPM-v2.6-Q2_K,0.5367694949004131,0.25928429921237,2.161885881817944e-06,6.600677917915344e-09,0.19083067169819906,0.48897795591182364,0.40332959318224865,0.10810810810810811,0.26666666666666666,0.0,A plate full of veggies and meat.,4.1831656220019795,21.373880468992866,1.3368190080072964,10.65666609800246,0.8730026910052402,1.142550967997522,9,2896.54,996.02,630.02
258402,MiniCPM-v2.6-Q2_K,0.3715190997867868,7.326455450859374e-09,2.1034163772146037e-11,1.1917040716272326e-12,0.1186700767263427,0.22803738317757008,0.1442575418844997,0.0,0.0,0.0,Giraffes eating leaves on a sunny day,4.1831656220019795,7.426897284996812,1.65823572500085,3.673197940996033,0.8104973689914914,1.416767577000428,11,2896.54,996.02,630.02
262514,MiniCPM-v2.6-Q2_K,0.5999999998800002,0.3651483715950527,2.55436477410356e-06,6.985342055045127e-09,0.2583292082054855,0.4,0.5046704015106385,0.14285714285714285,0.36363636363636365,0.0,A sink with toilet attached in a trade show booth.,4.1831656220019795,21.281016253007692,1.4148535639978945,10.408694257988827,0.7879627750080545,1.3680344050080748,12,2896.54,996.02,630.02
262608,MiniCPM-v2.6-Q2_K,0.47768754022329724,0.2616402412150957,2.306011246130165e-06,7.356555998002494e-09,0.2005646087528756,0.2785388127853881,0.24847771532451446,0.07142857142857142,0.15384615384615385,0.0,A plate full of delicious food.,4.1831656220019795,21.363789487004397,1.3594688960001804,10.443110699998215,0.7956421080016298,0.925033806997817,8,2896.54,996.02,630.02
263052,MiniCPM-v2.6-Q2_K,0.8461538460887575,0.5937710859477767,0.40021356113894074,5.031747626088394e-05,0.3248983658988825,0.6073968705547652,1.1637664113491681,0.19999999999999998,0.47058823529411764,0.0,A girl riding a surfboard in the ocean near a beach with people.,4.1831656220019795,21.304302567994455,1.3829648769897176,10.550630029989406,0.8067285130091477,2.0193497459986247,16,2896.54,996.02,630.02
263251,MiniCPM-v2.6-Q2_K,0.7272727271404961,0.5393598898700768,0.31854558815077505,4.483386699498255e-05,0.2522656405790277,0.5454545454545454,0.9911956588318561,0.24242424242424243,0.47058823529411764,0.0,A man wearing a kimono balances a ball on his umbrella.,4.1831656220019795,7.1311459290009225,1.405496295003104,3.5038252800004557,0.8826438919932116,1.8753392399958102,14,2896.54,996.02,630.02
263258,MiniCPM-v2.6-Q2_K,0.4999999999642858,0.392232270247274,0.2948798730856944,0.21972813873225094,0.2872443700779422,0.45252225519287836,0.7555885367587243,0.33333333333333337,0.46153846153846156,0.16666666666666666,A young baseball player inspects his bat while his teammates watch from the dugout.,4.1831656220019795,20.53614324099908,1.3391308520076564,10.362351112999022,0.792448535998119,2.1964123109937645,18,2896.54,996.02,630.02
264599,MiniCPM-v2.6-Q2_K,0.30434782607372407,0.16633695977521876,1.096274741668663e-06,2.8489318276395285e-09,0.12604723394580655,0.3262032085561497,0.002229058560142122,0.05128205128205128,0.125,0.0,A sidewalk scene with a man looking at a sign on the left and a motorcycle parked on the sidewalk near a bench.,4.1831656220019795,20.977219501000945,1.4009448739961954,10.572387722000713,0.8072402509860694,3.2323875929869246,25,2896.54,996.02,630.02
264619,MiniCPM-v2.6-Q2_K,0.10108844325174288,3.5018063953428727e-09,1.2296806625024978e-11,7.830277143606023e-13,0.022598870056497175,0.11960784313725491,0.001460924282573634,0.0,0.0,0.0,Kiteboarding near shore on sunny day,4.1831656220019795,21.057366676992388,1.318363111000508,10.464182236013585,0.7952517009980511,1.0643909789941972,9,2896.54,996.02,630.02
265407,MiniCPM-v2.6-Q2_K,0.7272727271404961,0.5393598898700768,0.4013422918623043,5.331675362351891e-05,0.26342884458655075,0.5454545454545454,0.8833744053086532,0.25,0.39999999999999997,0.0,A group of young girls playing soccer on a grass field,4.1831656220019795,21.133706798005733,1.3908990599884419,10.785019258997636,0.8051827890012646,1.5677617080073105,12,2896.54,996.02,630.02
265433,MiniCPM-v2.6-Q2_K,0.8888888886913584,0.7453559923291194,0.42974399636106386,6.030725358915046e-05,0.32817683566321953,0.5555555555555556,1.4890380468829751,0.36363636363636365,0.7272727272727273,0.0,A dog playing with a Frisbee on the grass.,4.1831656220019795,20.302667939002276,1.3213454379874747,10.323446668000543,0.7866255440021632,1.5697476030036341,13,2896.54,996.02,630.02
265518,MiniCPM-v2.6-Q2_K,0.2420220522198906,4.772739233951095e-09,1.3702475823680688e-11,7.763225772767659e-13,0.06521739130434782,0.32049036777583184,0.0014122809918745577,0.0,0.0,0.0,A healthy breakfast on a sunny day,4.1831656220019795,21.0662421839952,1.3599371910095215,10.538043198001105,0.8255211009964114,1.0289033979934175,8,2896.54,996.02,630.02
266070,MiniCPM-v2.6-Q2_K,0.692307692254438,0.537086155486539,0.37431888793482826,4.785543920673609e-05,0.3574293669758185,0.696574225122349,0.8101944916845409,0.2580645161290322,0.375,0.28571428571428575,A large jetliner is flying over a large body of water during sunset.,4.1831656220019795,22.003566847997718,1.4990428009914467,11.183464308007387,0.8717776599951321,2.479575012999703,16,2896.54,996.02,630.02
266409,MiniCPM-v2.6-Q2_K,0.4295557991369689,0.2904327290245407,0.2129902925360167,3.3947847981017373e-05,0.19899899720116956,0.4093959731543625,0.2620407399834191,0.06666666666666668,0.1818181818181818,0.0,A skier is traveling through a snowy landscape.,4.1831656220019795,20.459553930006223,1.3273313919926295,10.244254789009574,0.7966630649898434,1.2492073270113906,11,2896.54,996.02,630.02
267844,MiniCPM-v2.6-Q2_K,0.6999999998600002,0.3944053187922357,2.689047742804065e-06,7.259795289559491e-09,0.29927893320598126,0.5,0.9414784012020236,0.06666666666666667,0.2222222222222222,0.0,A small kitchenette with a sink and stove top oven,4.1831656220019795,20.842527511995286,1.3199072080024052,10.28300534200389,0.7963001879979856,1.441089240994188,12,2896.54,996.02,630.02
268059,MiniCPM-v2.6-Q2_K,0.4999999999583334,0.30151134455149564,2.0870640222324466e-06,5.637560314716176e-09,0.2397933466385962,0.5187074829931972,0.5099233369081276,0.10526315789473685,0.25,0.0,A woman cooks a meal on a fire in a traditional kitchen,4.1831656220019795,21.634130302991252,1.3378577980038244,10.347535705994233,0.797041616999195,1.5091012019984191,13,2896.54,996.02,630.02
269784,MiniCPM-v2.6-Q2_K,0.9090909089256201,0.7385489457383579,0.5665163348341703,0.461736630852834,0.36744564461006857,0.603960396039604,2.1455033655100184,0.23076923076923078,0.4,0.0,A yellow Vespa parked near a fire hydrant on a sidewalk.,4.1831656220019795,6.951381792998291,1.3480025579920039,3.430650432012044,0.7945846799993888,1.8508107529924018,15,2896.54,996.02,630.02
270677,MiniCPM-v2.6-Q2_K,0.8888888886913584,0.7453559923291194,0.54144350708125,7.171781505449112e-05,0.4107974334188953,0.5555555555555556,1.7104249603212665,0.13333333333333333,0.3333333333333333,0.0,A boy holding a skateboard posing for a photo.,4.1831656220019795,31.874687228992116,1.3288376730051823,17.47071292399778,0.8075580099975923,1.2881045920075849,11,2896.54,996.02,630.02
271424,MiniCPM-v2.6-Q2_K,0.4412484511819858,7.458460118109875e-09,2.015054333953781e-11,1.0962279403155601e-12,0.10643015521064302,0.21785714285714283,0.2116164188587314,0.125,0.30769230769230765,0.0,People wearing winter sports gear standing on snow.,4.1831656220019795,21.304558170988457,1.5585186529933708,11.461794285991346,0.863533773997915,1.2532052629976533,10,2896.54,996.02,630.02
271759,MiniCPM-v2.6-Q2_K,0.555555555432099,0.37267799616455977,2.707217535406252e-06,7.583235671536399e-09,0.23694245468868777,0.5213675213675214,0.36124399230096216,0.06451612903225806,0.14285714285714285,0.0,A woman baking rice krispie treats in a tray,4.1831656220019795,21.249407530995086,1.3688269819976995,10.569667119008955,0.805283818001044,1.458330127003137,12,2896.54,996.02,630.02
271795,MiniCPM-v2.6-Q2_K,0.4999999998750002,8.451542545096823e-09,2.2833557013653313e-11,1.2421889947772103e-12,0.13236009732360096,0.25,0.06887649915152648,0.0,0.0,0.0,A workstation filled with office supplies and decorations.,4.1831656220019795,20.787078655994264,1.39236461299879,10.705401842991705,0.8059295249986462,1.2748891080118483,10,2896.54,996.02,630.02
273760,MiniCPM-v2.6-Q2_K,0.7499999998750001,0.6396021489578083,0.4341268109957577,5.4910048667745474e-05,0.3301712123500197,0.5313588850174217,1.418852098659079,0.25806451612903225,0.30769230769230765,0.0,A man holding a tennis racket and ball on a tennis court.,4.1831656220019795,20.722776384995086,1.3259657849994255,10.678407365994644,0.8302873670036206,1.70295363299374,14,2896.54,996.02,630.02
274058,MiniCPM-v2.6-Q2_K,0.818181818033058,0.5720775534407411,0.33130076240849077,4.6173663085283404e-05,0.347436629435994,0.48786990135963737,1.0102727960592668,0.14285714285714288,0.30769230769230765,0.0,A dog and a person look out of a truck window.,4.1831656220019795,20.448984071001178,1.3345972600072855,10.36382881499594,0.7871670669992454,1.4988625050027622,13,2896.54,996.02,630.02
274398,MiniCPM-v2.6-Q2_K,0.6923076922011837,0.4803844613398166,0.34748687406300066,4.525888007145081e-05,0.26051622844687,0.4975530179445351,0.8233001453693625,0.3125,0.6666666666666666,0.0,A bench grinder from Central Machinery sits in its box on a table.,4.1831656220019795,20.501522607999505,1.3384226430061972,10.254427977997693,0.7909502369875554,1.7928329639980802,15,2896.54,996.02,630.02
275761,MiniCPM-v2.6-Q2_K,0.6428571428112246,0.5447047793615183,0.42016589092805273,0.28656122418160246,0.4200740628591279,0.6692789968652038,1.212850718163164,0.2222222222222222,0.3333333333333333,0.0,A fighter jet with the number 135 on it is flying through the sky.,4.1831656220019795,20.977537607002887,1.3935247040062677,10.36477607100096,0.7909400579956127,2.2241327920055483,19,2896.54,996.02,630.02
275843,MiniCPM-v2.6-Q2_K,0.5555555555246915,0.3615507630104168,0.25375592565468874,3.230645681100742e-05,0.3790124504732797,0.4728682170542636,0.4621534670186803,0.3703703703703704,0.2222222222222222,0.0,"A red and white double decker bus says ""Who Are John B. Stad City Clarke"" on the side.",4.1831656220019795,20.52813085699745,1.327753728008247,10.391007411002647,0.7894540239940397,2.8994703810021747,25,2896.54,996.02,630.02
280392,MiniCPM-v2.6-Q2_K,0.23076923075147937,4.385290096183762e-09,1.2046697091948716e-11,6.466227686450042e-13,0.11239669421487604,0.2538141470180305,0.05470128935933034,0.06060606060606061,0.1818181818181818,0.0,A surfer holds a blue surfboard while a woman holds a white surfboard.,4.1831656220019795,20.28809523799282,1.3781160700018518,10.250245265007834,0.7858606929949019,2.0494567660061875,18,2896.54,996.02,630.02
280623,MiniCPM-v2.6-Q2_K,0.6428571428112246,0.5447047793615183,0.46245240143714167,0.30793007513209525,0.41127289341127826,0.6692789968652038,1.7742533742669058,0.21428571428571425,0.36363636363636365,0.0,A young man wearing glasses wearing a blue sweater with a white shirt underneath.,4.1831656220019795,20.61206774499442,1.323790481998003,10.301143514996511,0.7853593440086115,1.848910906992387,16,2896.54,996.02,630.02
285275,MiniCPM-v2.6-Q2_K,0.692307692254438,0.537086155486539,0.37431888793482826,4.785543920673609e-05,0.2946179387321259,0.44525547445255476,1.2759768947731434,0.2285714285714286,0.6,0.0,A dark wooden headboard attached to a bed with a quilt on top.,4.1831656220019795,20.690849670994794,1.3230823399935616,10.38413519099413,0.8361684210103704,1.9738094249914866,16,2896.54,996.02,630.02
286010,MiniCPM-v2.6-Q2_K,0.8749999997812503,0.7071067810034577,0.5503212080006054,0.42728700627504257,0.372060621977387,0.8148854961832059,2.0856177042645845,0.2727272727272727,0.8571428571428571,0.0,A fire hydrant spilling water onto the street,4.1831656220019795,21.324499695998384,1.4713543990073958,10.692417614991427,0.8248882139887428,1.4306649759964785,11,2896.54,996.02,630.02
287554,MiniCPM-v2.6-Q2_K,0.7954127258804594,0.5166357203258417,0.3243435699547443,4.7495495318341754e-05,0.3182143411477423,0.6256410256410255,1.3351539570314417,0.13793103448275865,0.2222222222222222,0.0,"A bathroom with shower curtain, toilet, sink and mirror.",4.1831656220019795,6.883239615010098,1.317778040000121,3.4188592950085877,0.7827595999988262,1.5101502990000881,13,2896.54,996.02,630.02
288714,MiniCPM-v2.6-Q2_K,0.6666666665185187,0.2886751345286584,2.283355701439328e-06,6.674094717389515e-09,0.20328043124453096,0.45185185185185184,0.07329389264711612,0.18181818181818182,0.39999999999999997,0.0,A burnt piece of food with cheese on top.,4.1831656220019795,20.717921414005104,1.3413305699941702,10.419146688000183,0.8190423899941379,1.4376849440013757,11,2896.54,996.02,630.02
289938,MiniCPM-v2.6-Q2_K,0.9090909089256201,0.6741998623375959,0.5331122820285826,0.37097233129492274,0.33632983283411205,0.5513708948478457,1.520263357638808,0.2857142857142857,0.30769230769230765,0.0,A hotdog cart on a street near Radio City Music Hall.,4.1831656220019795,20.32455273999949,1.323523680010112,10.307579128988436,0.786345625994727,1.5911177689995384,14,2896.54,996.02,630.02
293841,MiniCPM-v2.6-Q2_K,0.7999999998400004,0.516397779388174,0.32182979480030366,4.671379776255505e-05,0.24756363007541327,0.4535315985130111,0.876852677460463,0.1739130434782609,0.5,0.0,A blue and green Flyer bus parked on a street.,4.1831656220019795,21.66072481300216,1.328518130001612,10.810910892992979,0.807209756996599,1.8023554849933134,13,2896.54,996.02,630.02
295359,MiniCPM-v2.6-Q2_K,0.545454545355372,0.3302891294763544,0.22971111881688802,3.5084396949451944e-05,0.17582417582417584,0.4073455759599332,0.6590891985738413,0.21428571428571427,0.4,0.0,A raven sits atop a park bench in a sunny park.,4.1831656220019795,21.20735136399162,1.3248387969942996,11.583124675991712,0.8515235910017509,1.9463742980005918,14,2896.54,996.02,630.02
295574,MiniCPM-v2.6-Q2_K,0.7272727271404961,0.6605782589527088,0.5788357479845987,0.5193071777654193,0.316680961188751,0.6463576158940397,1.4203623642042993,0.22222222222222224,0.46153846153846156,0.0,A man wearing glasses taking a selfie in a bathroom mirror.,4.1831656220019795,21.01177742400614,1.4063743270089617,10.828524466996896,0.869535845995415,1.7887633020000067,13,2896.54,996.02,630.02
295767,MiniCPM-v2.6-Q2_K,0.6923076922011837,0.3396831101900312,2.1890301359707183e-06,5.691002879185305e-09,0.1757646897485758,0.1991294885745376,0.5557764165515462,0.15,0.4,0.0,A pizza sits on a table with Star Wars figures sitting around it.,4.1831656220019795,20.305058857004042,1.3194919569941703,10.479628995002713,0.7901797859958606,1.7395025610021548,15,2896.54,996.02,630.02
297442,MiniCPM-v2.6-Q2_K,0.4953587997157158,0.2675243277994909,2.3151092838987057e-06,7.201170725888819e-09,0.1801755815991933,0.48897795591182364,0.8527045296142808,0.15384615384615385,0.4,0.0,A pair of sneakers near a skateboard,4.1831656220019795,21.167033607009216,1.3369252840057015,10.609329844999593,0.8156138650083449,0.968210157006979,8,2896.54,996.02,630.02
298186,MiniCPM-v2.6-Q2_K,0.6363636363057852,0.43693144871094447,2.7681823803094525e-06,7.175852914006076e-09,0.2104308960297885,0.384251968503937,0.6105181974519841,0.19354838709677416,0.30769230769230765,0.16666666666666666,Caption: A shepherd inspects his flock of sheep in a pen.,4.1831656220019795,20.465007380000316,1.316110553991166,10.25711320800474,0.8008844610012602,1.7171601350128185,15,2896.54,996.02,630.02
302380,MiniCPM-v2.6-Q2_K,0.7999999998400004,0.516397779388174,0.40548013295225005,0.31239399362337966,0.2622635840617896,0.56656346749226,1.0616899779782911,0.08695652173913045,0.18181818181818182,0.0,A group of people smiling and posing for a photo.,4.1831656220019795,21.73000965701067,1.3896943550062133,10.629935585006024,0.8028150059981272,1.4782530380034586,12,2896.54,996.02,630.02
303163,MiniCPM-v2.6-Q2_K,0.8888888886913584,0.8164965807406125,0.575369582528176,0.42210681253297316,0.3124692863114992,0.5213675213675214,1.5135099047372487,0.35714285714285715,0.6,0.2,A group of birds fly around a factory building.,4.1831656220019795,21.104335358992103,1.335489613993559,10.490167002004455,0.790000836001127,1.2689795799960848,11,2896.54,996.02,630.02
303590,MiniCPM-v2.6-Q2_K,0.9999999998461542,0.8660254036484286,0.8170579405119878,0.756358085405912,0.3566644221690289,0.7161152614727856,2.3718404981270282,0.37037037037037035,0.5333333333333333,0.0,A girl smiling with a hot dog and chips in front of her.,4.1831656220019795,6.833933949994389,1.3364835160027724,3.4387207940017106,0.7779825929901563,1.6948719219944905,15,2896.54,996.02,630.02
304578,MiniCPM-v2.6-Q2_K,0.4666666666355556,0.31622776599500324,1.9740230336070894e-06,5.03174762615483e-09,0.23970682327872436,0.4363376251788269,0.4467559091582763,0.16,0.3636363636363636,0.0,A smiling woman in glasses pets a cow in a fenced enclosure near a barn.,4.1831656220019795,20.462928038003156,1.3241685510001844,10.282046616004664,0.785695543003385,2.0015013559896033,17,2896.54,996.02,630.02
306585,MiniCPM-v2.6-Q2_K,0.6666666665185187,0.40824829037030635,0.28768479126408814,4.463236136748592e-05,0.21537574737252507,0.4444444444444444,0.6870762509132384,0.1875,0.28571428571428575,0.28571428571428575,A child on ski's wearing a yellow vest.,4.1831656220019795,20.298904131006566,1.3512726210028632,10.296980622006231,0.7939705880125985,1.2841305559995817,11,2896.54,996.02,630.02
306688,MiniCPM-v2.6-Q2_K,0.545454545355372,0.3302891294763544,2.297111188168881e-06,6.2389860708842774e-09,0.17932372009495023,0.45454545454545453,0.47197992475860073,0.11764705882352941,0.36363636363636365,0.0,A vegetable pizza is cut into slices on a wooden board.,4.1831656220019795,21.752482673997292,1.3959016900043935,10.58417574899795,0.7963013599946862,1.5971042169985594,13,2896.54,996.02,630.02
307364,MiniCPM-v2.6-Q2_K,0.3333333332592594,6.454972242199766e-09,1.8123006212411885e-11,9.980099401403394e-13,0.0955223880597015,0.2785388127853881,0.07742927276177655,0.08333333333333333,0.2,0.0,Caption: A rainy day in a busy city street.,4.1831656220019795,20.372671449003974,1.351949980991776,10.264638018998085,0.7926624300016556,1.3812057390023256,12,2896.54,996.02,630.02
308278,MiniCPM-v2.6-Q2_K,0.29999999994000015,5.773502690709485e-09,1.60914897400152e-11,8.783602617783837e-13,0.07459207459207459,0.21254355400696867,0.0608417387476538,0.1142857142857143,0.23529411764705882,0.0,Snowboarder in white pants on blue board on snowy hill.,4.1831656220019795,6.872017727000639,1.327439961998607,3.3715006949933013,0.7796888240118278,1.609339745991747,14,2896.54,996.02,630.02
308487,MiniCPM-v2.6-Q2_K,0.6153846152899412,0.5063696834623075,0.41199124525095626,0.2891784932756255,0.30455867146817006,0.5640686922060767,1.1984542785819297,0.2222222222222222,0.37499999999999994,0.1111111111111111,A group of men and women posing with bottles of wine and beer.,4.1831656220019795,6.771665920998203,1.4016715409961762,3.609827705004136,0.8979602239996893,1.8800121380045312,15,2896.54,996.02,630.02
309872,MiniCPM-v2.6-Q2_K,0.32206169694024794,0.20084075455651398,1.8234051713799311e-06,5.809334106350273e-09,0.11441189509516779,0.3667334669338677,0.3313749709735781,0.09523809523809525,0.22222222222222224,0.0,A dog gazes intently into the distance.,4.1831656220019795,19.733789632999105,1.3921225179947214,10.618557766996673,0.8144704909936991,1.3448187739995774,11,2896.54,996.02,630.02
310998,MiniCPM-v2.6-Q2_K,0.9999999998000004,0.816496580759891,0.6933612742036167,0.5555238066802866,0.3647659237261396,0.7000000000000001,2.131702827489332,0.14814814814814814,0.30769230769230765,0.0,A person is riding a snowboard down a snowy slope.,4.1831656220019795,20.436646864007344,1.3387263759941561,10.340842625009827,0.7929396169929532,1.6105109620111762,13,2896.54,996.02,630.02
311015,MiniCPM-v2.6-Q2_K,0.8333333331944446,0.6741998623483217,0.35688292768943986,4.740604259026386e-05,0.3033847079844982,0.6297935103244838,1.5876071692663691,0.3333333333333333,0.5454545454545454,0.0,A baseball pitcher about to throw a ball on a baseball field.,4.1831656220019795,19.9121468700032,1.3182203229953302,10.38510936399689,0.8493391149968375,1.689099580005859,14,2896.54,996.02,630.02
312191,MiniCPM-v2.6-Q2_K,0.4390493086996017,0.3470989551446028,2.8037302210151096e-06,8.818617297116e-09,0.16330586735806,0.2953995157384988,0.4608840737849669,0.0,0.0,0.0,Seagulls flying above ocean waves.,4.1831656220019795,7.201291119999951,1.3658467839995865,3.992671091007651,0.9003049739985727,1.4638587950030342,9,2896.54,996.02,630.02
314264,MiniCPM-v2.6-Q2_K,0.7692307691715977,0.6698641270034087,0.5464455780440434,0.42502814130438404,0.3167965319655202,0.6768377253814147,1.3242506453433842,0.37037037037037035,0.5714285714285714,0.33333333333333337,A man wearing a blue shirt putting flowers in vases on a wall,4.1831656220019795,21.205684882996138,1.5217997549916618,10.80261937600153,0.8593371899914928,1.9759023639926454,15,2896.54,996.02,630.02
316047,MiniCPM-v2.6-Q2_K,0.35826565516747294,0.2265870955445612,2.0951502613228133e-06,6.846046757997816e-09,0.13131812014359462,0.2785388127853881,1.031910648905565,0.07692307692307693,0.14285714285714285,0.0,A toothbrush sitting in a bathtub.,4.1831656220019795,6.945105819002492,1.3199175320041832,3.399422583010164,0.7813919510081178,1.0225040439981967,9,2896.54,996.02,630.02
317439,MiniCPM-v2.6-Q2_K,0.7999999998400004,0.7302967431901053,0.6436595896006071,0.5253819787693834,0.36979856066011313,0.6376306620209059,2.2211919007647025,0.4166666666666667,0.5,0.0,A large brown bear is seen through a car window.,4.1831656220019795,21.382688045996474,1.4284559310035547,10.690391417010687,0.8364395500102546,1.5231806259980658,12,2896.54,996.02,630.02
317531,MiniCPM-v2.6-Q2_K,0.714285714234694,0.5241424183220805,0.4095241726885462,0.28110041380684864,0.3367062156938581,0.543026706231454,1.1135180374123854,0.24242424242424243,0.5,0.0,A cow on a green hillside with snow on the mountain top behind him,4.1831656220019795,19.693935830000555,1.3587001410051016,10.644510974001605,0.8115485699963756,2.107624508003937,16,2896.54,996.02,630.02
318618,MiniCPM-v2.6-Q2_K,0.41835753661091124,0.2640752504371953,1.6048097627878225e-06,4.024966705365697e-09,0.26053558278193206,0.4662420382165604,0.4861819665842053,0.0975609756097561,0.26666666666666666,0.0,"A still-life painting displaying lemons, oranges, a cup and saucer, and a flower on a dark surface.",4.1831656220019795,22.231367405998753,1.37248136899143,10.621277660000487,0.8469036239985144,3.221645455007092,25,2896.54,996.02,630.02
322831,MiniCPM-v2.6-Q2_K,0.6666666665925927,0.4082482904156672,0.28768479129605307,4.463236137244506e-05,0.17427013345353723,0.3929146537842191,0.2454111214838785,0.20689655172413793,0.5,0.0,A steam locomotive is on display near a building.,4.1831656220019795,20.812819662998663,1.3296028940094402,10.360529518991825,0.8050108329916839,1.4071457530080806,12,2896.54,996.02,630.02
323925,MiniCPM-v2.6-Q2_K,0.4999999999166667,0.3692744728750537,2.3890919111710343e-06,6.238986070996532e-09,0.11087830897586418,0.3333333333333333,0.17806222172547076,0.04878048780487805,0.1111111111111111,0.0,A lunch box full of yummy snacks and a cute teddy bear,4.1831656220019795,32.75459467798646,1.3613978100038366,17.854380813005264,0.8232943350012647,1.7707294759893557,14,2896.54,996.02,630.02
324891,MiniCPM-v2.6-Q2_K,0.7777777776049386,0.44095855174304566,3.028534320667826e-06,8.24872000435789e-09,0.2294248282883965,0.3929146537842191,0.8392952586872968,0.1176470588235294,0.26666666666666666,0.0,A batter swinging his bat at a baseball game,4.1831656220019795,20.80561907798983,1.336557246002485,10.34100843500346,0.7909959480020916,1.156289630001993,10,2896.54,996.02,630.02
325423,MiniCPM-v2.6-Q2_K,0.8824969023639716,0.6671049532625917,0.40301086679075593,5.830064557096701e-05,0.2789311895020879,0.6984732824427481,1.465802158014432,0.2857142857142857,0.5454545454545454,0.0,A colorful public bathroom with sinks and stalls.,4.1831656220019795,21.067096576996846,1.3453620549989864,10.285889801001758,0.8259775409969734,1.2038003639900126,10,2896.54,996.02,630.02
326021,MiniCPM-v2.6-Q2_K,0.4999999999375001,0.3651483716237065,0.267062902975184,0.1956475149534272,0.34844039474173644,0.6130653266331658,1.144941416342267,0.2,0.36363636363636365,0.0,A smiling woman poses with a teddy bear at a stand advertising a beauty bear parlor.,4.1831656220019795,22.218074338990846,1.4217762030020822,10.687100392009597,0.8371465099917259,2.509891522990074,20,2896.54,996.02,630.02
326265,MiniCPM-v2.6-Q2_K,0.6428571428112246,0.5447047793615183,0.2913267575725445,3.8720157047587454e-05,0.2871127033742053,0.5,0.5567924752296768,0.2439024390243903,0.42857142857142855,0.16666666666666666,A casual setting with two slices of pizza and two cups on a table.,4.1831656220019795,7.019220970993047,1.3647757319995435,3.47178709799482,0.7983371620066464,1.9234661039954517,16,2896.54,996.02,630.02
327255,MiniCPM-v2.6-Q2_K,0.5454545454049587,0.3302891295063807,0.22971111883777084,3.508439695264144e-05,0.16809489572633154,0.433392539964476,0.3791727523541889,0.07142857142857144,0.16666666666666666,0.0,A boy standing on a snowboard drinking something from a cup.,4.1831656220019795,20.491913524994743,1.321258558993577,10.343984926992562,0.7901908830099273,1.6287259469972923,14,2896.54,996.02,630.02
327592,MiniCPM-v2.6-Q2_K,0.636363636247934,0.43693144867122347,0.2768182380057799,4.035278636666363e-05,0.25331603117823787,0.5091819699499166,0.6558267095642103,0.14634146341463417,0.22222222222222224,0.0,A woman with blue bows in her hair eating chocolate cake.,4.1831656220019795,21.904475663002813,1.458338085009018,11.315749318993767,0.9628638239955762,1.7448760900006164,13,2896.54,996.02,630.02
328354,MiniCPM-v2.6-Q2_K,0.6428571428112246,0.44474958996367114,0.32064658638696786,0.23397625977074205,0.21191693376429838,0.42957746478873243,0.46646712693817705,0.09090909090909091,0.3333333333333333,0.0,An old refrigerator with its door open sits in a room with peeling paint.,4.1831656220019795,20.45062121099909,1.3226246350095607,10.42830038300599,0.7872026189870667,1.935719669010723,17,2896.54,996.02,630.02
329494,MiniCPM-v2.6-Q2_K,0.3715190997867868,0.23168286400471463,2.103416377214603e-06,6.701444468735928e-09,0.14092594735361622,0.3952483801295896,0.5593242779783748,0.16666666666666666,0.1818181818181818,0.0,Caption: Two giraffes in their natural habitat.,4.1831656220019795,20.724724116007565,1.3440865390002728,10.401365191995865,0.7973353319976013,1.4060908739920706,12,2896.54,996.02,630.02
330091,MiniCPM-v2.6-Q2_K,0.6666666665185187,0.40824829037030635,2.8768479126408824e-06,7.936880924121685e-09,0.1533678756476684,0.3713850837138508,0.30399252037856495,0.1081081081081081,0.26666666666666666,0.0,A skier makes their way down a snowy slope.,4.1831656220019795,20.48387831400032,1.3373938339937013,10.398661161001655,0.7903161650028778,1.401189942000201,12,2896.54,996.02,630.02
330835,MiniCPM-v2.6-Q2_K,0.5454545454049587,0.4670993664523271,0.3646436716918694,0.2790159393287965,0.297051612002213,0.6110183639398998,1.0760950612993043,0.15384615384615385,0.26666666666666666,0.0,A man's legs are on a skateboard on the sidewalk.,4.1831656220019795,20.314297713004635,1.3165114410076058,10.29099794398644,0.7900368739938131,1.4971777629980352,13,2896.54,996.02,630.02
332987,MiniCPM-v2.6-Q2_K,0.6441233938804958,0.4919573682190146,0.41745557392480087,0.34191776488274966,0.2530700196144771,0.6029654036243821,0.5874460770275087,0.18750000000000003,0.28571428571428575,0.0,A skateboarder riding in a parking lot.,4.1831656220019795,20.48638998399838,1.3488196730031632,10.356999551004265,0.7950854240043554,1.1766906130069401,10,2896.54,996.02,630.02
333956,MiniCPM-v2.6-Q2_K,0.8888888886913584,0.8164965807406125,0.6586337558519678,0.4671379776125745,0.3394762261587883,0.7081260364842454,2.1845084442820997,0.3571428571428571,0.4615384615384615,0.16666666666666669,A parking meter sitting beside a body of water.,4.1831656220019795,22.507702135000727,1.4383114709926303,11.183530802998575,0.8675814539892599,1.5692083960020682,11,2896.54,996.02,630.02
337065,MiniCPM-v2.6-Q2_K,0.5384615384201185,0.42365927283421473,0.2536375693226313,3.574046404048059e-05,0.1909465538048081,0.4699537750385208,0.3284941735984741,0.13333333333333333,0.3333333333333333,0.0,"A plate with sliced steak, vegetables and a fork on a green placemat.",4.1831656220019795,20.333465105009964,1.3365011860005325,10.260096120997332,0.7882674650027184,1.9279314279992832,17,2896.54,996.02,630.02
338419,MiniCPM-v2.6-Q2_K,0.7788007828767051,0.7788007828697514,0.7788007828612525,0.7365443054659773,0.3609808954652613,0.7624999999999998,3.0284696622955924,0.33333333333333337,0.5,0.0,A brown teddy bear wearing a red ribbon.,4.1831656220019795,6.793778599996585,1.3337725199962733,3.3945492540078703,0.780640562006738,1.3174752350023482,11,2896.54,996.02,630.02
338774,MiniCPM-v2.6-Q2_K,0.6191984996446447,0.2991012912972992,2.493875876223122e-06,7.614310988684265e-09,0.1781850012408401,0.3952483801295896,0.7199392435209175,0.13793103448275862,0.3076923076923077,0.0,A zebra is looking towards the water.,4.1831656220019795,20.550047887998517,1.3194193770032143,10.23795653200068,0.7837914289993932,1.1340071690065088,10,2896.54,996.02,630.02
342971,MiniCPM-v2.6-Q2_K,0.7165313103349458,0.7165313103230035,0.7165313103070807,0.7165313102841915,0.3908582789576314,0.7176470588235294,2.019809628457779,0.4,0.4444444444444445,0.0,A man catching a green frisbee,4.1831656220019795,6.70576515000721,1.3691975050023757,3.533939807995921,0.817441618986777,1.1304562089935644,9,2896.54,996.02,630.02
343198,MiniCPM-v2.6-Q2_K,0.6666666665185187,0.40824829037030635,0.28768479126408814,4.463236136748592e-05,0.14548308861318712,0.41838134430727025,0.5053599058416549,0.0625,0.15384615384615383,0.0,A car wheel and luggage items on a street.,4.1831656220019795,6.707386078996933,1.3210642720077885,3.4278348660009215,0.7783102780085756,1.2723131149978144,11,2896.54,996.02,630.02
349152,MiniCPM-v2.6-Q2_K,0.5714285713877553,0.4193139346576645,0.3083016009580945,4.040021382213009e-05,0.2842414578711201,0.543026706231454,0.7951080857795296,0.30769230769230765,0.75,0.22222222222222224,A box of doughnuts sits on a table next to other boxes and containers.,4.1831656220019795,21.204859160003252,1.3611963379953522,10.677075079991482,0.799894519004738,2.162481969993678,17,2896.54,996.02,630.02
350000,MiniCPM-v2.6-Q2_K,0.6666666665185187,0.40824829037030635,2.8768479126408824e-06,7.936880924121685e-09,0.22924564798952357,0.5213675213675214,0.8281895153136734,0.16666666666666663,0.28571428571428575,0.0,"""Sunbathers relax under orange umbrellas on a sandy beach.""",4.1831656220019795,20.387162208993686,1.3271954770025332,10.298957351988065,0.7945982979872497,1.7254510339989793,15,2896.54,996.02,630.02
350157,MiniCPM-v2.6-Q2_K,0.4545454545041323,0.3015113445489831,2.1616643906091397e-06,5.9609942726317346e-09,0.2124216739012707,0.384251968503937,0.3230927977621706,0.11764705882352941,0.25,0.0,A woman walking her dog down a street lined with trees.,4.1831656220019795,20.56278620401281,1.3247760599915637,10.352997841007891,0.790935555996839,1.5096747079951456,13,2896.54,996.02,630.02
351081,MiniCPM-v2.6-Q2_K,0.8749999997812503,0.6123724355372341,0.39685026288496356,5.9460355733271294e-05,0.28005494558038524,0.5,1.0850358338191999,0.2162162162162162,0.4615384615384615,0.0,A photo showing trucks at a gas station.,4.1831656220019795,21.071089370991103,1.3815181770041818,10.618125359993428,0.8390667810017476,1.2086842249991605,10,2896.54,996.02,630.02
351463,MiniCPM-v2.6-Q2_K,0.8749999997812503,0.6123724355372341,0.39685026288496356,5.9460355733271294e-05,0.2635062442506352,0.4825949367088607,0.6442414945054349,0.11764705882352941,0.28571428571428575,0.0,A person holding a bat over their shoulder.,4.1831656220019795,20.924387478997232,1.4183465159876505,11.094604853002238,0.9508703799947398,1.2572281250031665,10,2896.54,996.02,630.02
351823,MiniCPM-v2.6-Q2_K,0.6666666665185187,0.4999999998854169,0.329316877925984,4.939382735892778e-05,0.2659492188960212,0.5555555555555556,1.2260739848268403,0.2727272727272727,0.36363636363636365,0.0,A tennis player ready for action on the court,4.1831656220019795,18.77811381399806,1.3250698979973095,10.256927880007424,0.7852769720047945,1.1469410220015561,10,2896.54,996.02,630.02
352761,MiniCPM-v2.6-Q2_K,0.6441233938804958,0.6351142313854244,0.6235957968211159,0.6080253212175231,0.378719823089382,0.7334669338677354,3.3832686537798686,0.1111111111111111,0.22222222222222224,0.0,A man sitting on a bench outside,4.1831656220019795,6.922100518990192,1.3224936429905938,3.5025526609970257,0.8512944890098879,1.012804377998691,8,2896.54,996.02,630.02
356351,MiniCPM-v2.6-Q2_K,0.9999999997777782,0.7071067810245025,0.41491326658460753,5.8739490932452976e-05,0.3064431015469261,0.4756335282651072,0.9208800593196584,0.15384615384615383,0.4,0.0,"An old, blue, bathroom with a toilet and sink.",4.1831656220019795,20.4573620470037,1.3563076009886572,10.23455177800497,0.7866446200059727,1.4813570029946277,13,2896.54,996.02,630.02
356827,MiniCPM-v2.6-Q2_K,0.6153846153372783,0.4529108136215475,0.26518211591390056,3.695372083780018e-05,0.21838471655563355,0.423121387283237,0.7053293064213584,0.11764705882352941,0.28571428571428575,0.0,A black and white photograph of a woman skiing down a snowy slope.,4.1831656220019795,20.33154609700432,1.3178626119915862,10.275337419006974,0.7921249899955001,1.705712010996649,15,2896.54,996.02,630.02
358502,MiniCPM-v2.6-Q2_K,0.6999999999300001,0.48304589148865984,0.3078191250401519,4.51801001750823e-05,0.2340376644762455,0.42508710801393734,0.49234275865038046,0.09090909090909091,0.2222222222222222,0.0,A smiling child sitting on a bed with colorful sheets.,4.1831656220019795,21.226528457991662,1.5522300279990304,10.888353756992728,0.846010205001221,1.4533078520034906,12,2896.54,996.02,630.02
360449,MiniCPM-v2.6-Q2_K,0.6666666665555557,0.4264014326385389,2.629535893869793e-06,6.704226836958771e-09,0.20383357556393772,0.4166666666666667,0.8090466024336531,0.17142857142857143,0.4615384615384615,0.0,A street full of cars with traffic lights shining red and green.,4.1831656220019795,20.427430769996135,1.3164268959953915,10.218464157995186,0.7899933180015069,1.6985481170122512,14,2896.54,996.02,630.02
363432,MiniCPM-v2.6-Q2_K,0.6236713232712557,0.4564806674061582,2.4659417879539027e-06,5.847275577679081e-09,0.23126379505747857,0.4456621004566209,0.2610163688630755,0.13793103448275862,0.26666666666666666,0.0,A man looking at his phone while standing next to a woman in a hallway.,4.1831656220019795,21.018239666998852,1.3566125850047683,10.68421187500644,0.7987799369875574,2.054091137004434,17,2896.54,996.02,630.02
363736,MiniCPM-v2.6-Q2_K,0.636363636247934,0.504524979015488,0.38387009253436954,5.156626917220543e-05,0.3222731852010525,0.5793758480325645,0.9208589653629313,0.11764705882352941,0.28571428571428575,0.0,"A living room scene with a couch, chairs, tables and plants.",4.1831656220019795,21.011473457998363,1.340016532005393,10.657475358995725,0.8183445729955565,1.7958638559939573,15,2896.54,996.02,630.02
368905,MiniCPM-v2.6-Q2_K,0.5238095237845806,0.3964124835666973,0.3210211738699245,0.2462292439008636,0.2472860132441767,0.4914400805639476,0.3358680705569828,0.18749999999999997,0.3333333333333333,0.0,A black dog wearing a blue harness sits in the back of a car while another dog looks out the window.,4.1831656220019795,7.027296532993205,1.4297647939965827,3.5749979779939167,0.8070989380066749,3.170922638004413,23,2896.54,996.02,630.02
370207,MiniCPM-v2.6-Q2_K,0.6999999998600002,0.6236095643341374,0.5263632996930899,0.37991784274231255,0.3080564231894597,0.42508710801393734,1.4585800982290036,0.23529411764705882,0.2857142857142857,0.0,A couple getting ready to feed each other wedding cake,4.1831656220019795,20.98144619401137,1.4369029860099545,10.619366835991968,0.8363092389918165,1.3245498519972898,11,2896.54,996.02,630.02
371999,MiniCPM-v2.6-Q2_K,0.5714285713877553,0.3631365195743456,0.2801105939520352,0.21142141712598006,0.24580173960754073,0.3620178041543027,1.2456288574467673,0.1764705882352941,0.3333333333333333,0.0,A city street scene at night with a large clock tower in the background.,4.1831656220019795,20.541613498004153,1.3537989350006683,10.359428751995438,0.8168068079976365,1.9478768589906394,16,2896.54,996.02,630.02
372260,MiniCPM-v2.6-Q2_K,0.5555555554938273,0.31311214550727295,1.8298968735905074e-06,4.495698175106309e-09,0.3278235587121813,0.5516795865633075,0.37734418768692,0.125,0.3333333333333333,0.0,A large green clock sits on a pedestal decorated with red and yellow flowers in a town street.,4.1831656220019795,21.11744940999779,1.347377801008406,10.546479893004289,0.8009526120004011,2.4568238939973526,20,2896.54,996.02,630.02
373381,MiniCPM-v2.6-Q2_K,0.714285714234694,0.331496772041309,0.20921482421626625,3.0206205249999476e-05,0.2565178324805539,0.42957746478873243,0.6680255329814188,0.14285714285714288,0.375,0.0,A small bedroom with a bed and a desk with a computer on it,4.1831656220019795,20.46242791900295,1.3483942930033663,10.25980848299514,0.8027132749994053,1.7017784069903428,15,2896.54,996.02,630.02
374707,MiniCPM-v2.6-Q2_K,0.545454545355372,0.4670993664098635,2.894178739922996e-06,7.419446625898454e-09,0.24353628578627307,0.4803149606299213,0.8050806560663899,0.07142857142857144,0.2,0.0,A glass shower door separates a toilet from a shower stall.,4.1831656220019795,20.453395399003057,1.326729623004212,10.2562524919922,0.7887744590116199,1.4962318990001222,13,2896.54,996.02,630.02
375198,MiniCPM-v2.6-Q2_K,0.5833333332847223,0.32566947361109216,2.1971078112918733e-06,5.859059369587253e-09,0.30451086478708733,0.552536231884058,0.5599693581879378,0.2608695652173913,0.4000000000000001,0.0,A pile of ripe yellow bananas sitting on top of a table.,4.1831656220019795,20.752964289000374,1.4010032640071586,10.484708057003445,0.7880260770034511,1.7259785719943466,14,2896.54,996.02,630.02
376093,MiniCPM-v2.6-Q2_K,0.7272727271404961,0.5393598898700768,0.31854558815077505,4.483386699498255e-05,0.31566918094233076,0.5454545454545454,0.5619158448828346,0.05555555555555555,0.14285714285714288,0.0,A group of friends gathering to eat pizza and drink soda.,4.1831656220019795,21.237293098994996,1.3548640469962265,10.623434045002796,0.8056810770067386,1.6745974340010434,13,2896.54,996.02,630.02
376679,MiniCPM-v2.6-Q2_K,0.38461538455621314,0.3100868364243217,0.2059956226254782,3.057690287946868e-05,0.22904023079499553,0.42302357836338417,0.5574652673107707,0.14814814814814814,0.16666666666666666,0.0,A guy wearing striped shirt playing video game while his friend watching it,4.1831656220019795,20.31822873800411,1.3350804200017592,10.287182536005275,0.7960595049953554,1.708390904997941,14,2896.54,996.02,630.02
377588,MiniCPM-v2.6-Q2_K,0.24999999999107145,0.1924500897228748,0.11251773019235621,1.545007954656211e-05,0.18935106229654367,0.28773584905660377,0.01055831047576472,0.14634146341463417,0.21052631578947367,0.0,A baseball player in a white uniform throws a ball toward another player in a gray uniform who is on a base in a field with green grass.,4.1831656220019795,20.812717915003304,1.3917412040027557,10.628810117996181,0.8001968619937543,3.5953361020074226,30,2896.54,996.02,630.02
380495,MiniCPM-v2.6-Q2_K,0.8461538460887575,0.7025594234729492,0.5640849043939263,0.4817133384134023,0.34380692950358166,0.7614424410540915,1.5714890794949437,0.3529411764705882,0.6153846153846153,0.16666666666666666,Two surfboards lying on a beach with two people standing in the water.,4.1831656220019795,22.93442890200822,1.414822678998462,10.8257239950035,0.8371758419962134,2.1420866080006817,16,2896.54,996.02,630.02
381246,MiniCPM-v2.6-Q2_K,0.5999999999400001,0.4472135954527522,2.9240177378852703e-06,7.730551756013783e-09,0.20903290478628345,0.37770897832817335,0.503906214097208,0.14285714285714285,0.30769230769230765,0.0,A man poses with a pizza in front of him.,4.1831656220019795,21.153554636999615,1.3638753010018263,10.52648650300398,0.7912091530015459,1.4449173790053464,12,2896.54,996.02,630.02
381610,MiniCPM-v2.6-Q2_K,0.33203662404227063,0.24624495088714465,1.8323296708691755e-06,5.147660360930207e-09,0.29573113555751773,0.4073455759599332,0.589632235975993,0.09090909090909091,0.2222222222222222,0.0,A woman holding a wooden spatula and a pizza in it,4.1831656220019795,20.563019799999893,1.34595084200555,10.293755862003309,0.7881415099982405,1.479236436993233,13,2896.54,996.02,630.02
382172,MiniCPM-v2.6-Q2_K,0.8888888887901236,0.7453559924119366,0.6197980941627991,0.4463236137244506,0.2662181384736905,0.6876006441223833,1.6859542318025356,0.23076923076923073,0.5454545454545454,0.0,A horse wearing a jacket walks in a field.,4.1831656220019795,21.081044689999544,1.4674649910011794,10.851302955998108,0.8321882449963596,1.3821934000006877,11,2896.54,996.02,630.02
383053,MiniCPM-v2.6-Q2_K,0.6666666666349207,0.48304589151607075,0.39451579564901157,0.3180610472337096,0.31176574677447827,0.48248587570621465,0.31703340682130565,0.3,0.5,0.12500000000000003,A person with a mask on a bridge with people holding umbrellas and a double decker bus driving on a road,4.1831656220019795,20.486396446998697,1.3504276190069504,10.435785762994783,0.8125292780023301,3.293151153004146,24,2896.54,996.02,630.02
384010,MiniCPM-v2.6-Q2_K,0.6814506850171169,0.6156960793476649,0.5284976412041222,0.3894003914252567,0.24548333808427864,0.6140939597315436,1.425369162768975,0.1875,0.375,0.0,A plate with fish and broccoli on it,4.1831656220019795,21.194296588000725,1.3662870260013733,10.607597025998984,0.8125367010070477,1.0878482519910904,9,2896.54,996.02,630.02
384015,MiniCPM-v2.6-Q2_K,0.5555555554938273,0.37267799620596836,0.27072175357070527,4.264366797236323e-05,0.23849993597794944,0.35672514619883033,0.6722070573544907,0.2857142857142857,0.36363636363636365,0.2,Two young men wearing lanyards play video games together.,4.1831656220019795,21.276201918008155,1.3711528970015934,10.629354525008239,0.873105211998336,1.6943502189969877,13,2896.54,996.02,630.02
384554,MiniCPM-v2.6-Q2_K,0.6333861924984946,0.4370779972037695,2.7852626229556674e-06,7.2697209601484576e-09,0.18647204009593926,0.4535315985130111,0.9200604685228306,0.19354838709677416,0.36363636363636365,0.0,A shiny metal refrigerator with a man standing behind it.,4.1831656220019795,20.794114083008026,1.3526504320034292,10.502658323996002,0.849807527003577,1.6516040029964643,12,2896.54,996.02,630.02
385514,MiniCPM-v2.6-Q2_K,0.9999999997777782,0.7071067810245025,0.41491326658460753,5.8739490932452976e-05,0.2969966810501506,0.6666666666666666,1.515100336471127,0.2857142857142857,0.4,0.0,A batter swinging his bat during a baseball game.,4.1831656220019795,20.35180437300005,1.3192612970015034,10.26339098799508,0.7840246920095524,1.2541794080025284,11,2896.54,996.02,630.02
386424,MiniCPM-v2.6-Q2_K,0.46153846150295863,0.2773500980903911,1.912293963650163e-06,5.142401604576806e-09,0.20187199722169058,0.33841886269070737,0.22771331475719736,0.08695652173913043,0.2,0.0,An older couple sit in a restaurant with a woman crying beside them.,4.1831656220019795,20.47894093900686,1.3729589029971976,10.714156337009626,0.8076207129925024,1.7912769300019136,15,2896.54,996.02,630.02
388564,MiniCPM-v2.6-Q2_K,0.5999999998800002,0.3651483715950527,2.55436477410356e-06,6.985342055045127e-09,0.27557840616966583,0.31881533101045295,1.026867018957669,0.2222222222222222,0.42857142857142855,0.0,Two players vying for the ball during a soccer game.,4.1831656220019795,20.88508762299898,1.3542505140067078,10.372547249993659,0.8252661840087967,1.5036069130001124,13,2896.54,996.02,630.02
389429,MiniCPM-v2.6-Q2_K,0.7222222221820989,0.545330744485416,0.3337413304569279,3.967662108255315e-05,0.35427668422428227,0.5545454545454546,1.2412617900791554,0.13333333333333333,0.28571428571428575,0.0,"A cozy living room scene complete with a couch, coffee table, wine glass, wine bottle and remote control.",4.1831656220019795,21.366614244994707,1.3746355100010987,10.679709470001399,0.8910723979934119,2.881947621004656,23,2896.54,996.02,630.02
390137,MiniCPM-v2.6-Q2_K,0.5263157894459835,0.2961744388635251,0.17280199114053302,2.3830412563888828e-05,0.32797919109073004,0.43832335329341315,0.1940977691470558,0.18749999999999997,0.4615384615384615,0.0,A man and a woman sitting on a bench near a river with a man walking his bike along.,4.1831656220019795,7.303237093001371,1.3226150770060485,3.3871395679889247,0.8037397820007754,2.4271436179988086,21,2896.54,996.02,630.02
394009,MiniCPM-v2.6-Q2_K,0.8888888886913584,0.47140452068300176,3.1663808378915197e-06,8.52873359352501e-09,0.3504430869829419,0.4444444444444444,1.2724308830274014,0.19047619047619047,0.5,0.0,A bathtub next to a toilet in a bathroom.,4.1831656220019795,20.53023723899969,1.3574582790024579,10.35009612099384,0.7907799880049424,1.2873388879961567,11,2896.54,996.02,630.02
394458,MiniCPM-v2.6-Q2_K,0.47768754022329724,0.2616402412150957,2.306011246130165e-06,7.356555998002494e-09,0.19933218079221093,0.5570776255707762,0.9741815318909597,0.1739130434782609,0.2222222222222222,0.0,"Two adult elephants greeting each other.
",4.1831656220019795,20.867628647989477,1.3603248889994575,10.589410012995359,0.8452623129996937,1.048375660990132,8,2896.54,996.02,630.02
396729,MiniCPM-v2.6-Q2_K,0.7272727272066117,0.6030226890979661,0.3431428327655144,4.740604259372055e-05,0.2887920851355267,0.34512022630834516,1.07298956090995,0.24242424242424243,0.4,0.0,A cellphone rests on a book next to a remote control.,4.1831656220019795,20.458851559000323,1.361547722000978,10.755925952995312,0.8818673950008815,1.7813910900003975,13,2896.54,996.02,630.02
400238,MiniCPM-v2.6-Q2_K,0.22222222217283966,5.270462765739487e-09,1.5831904189457608e-11,9.018037815333522e-13,0.11500736294922327,0.1673525377229081,0.04434970887292852,0.0,0.0,0.0,Four guys hang out with their video game controllers.,4.1831656220019795,21.3948406779964,1.364831098006107,10.710258585007978,0.7983790230064187,1.2925696800084552,11,2896.54,996.02,630.02
400547,MiniCPM-v2.6-Q2_K,0.4999999998750002,0.26726124184322303,2.2833557013653306e-06,6.985342054598842e-09,0.17088233725555976,0.375,0.6421751316371799,0.18181818181818182,0.5,0.0,"Caption: ""Boats resting on calm waters at sunset.""",4.1831656220019795,20.90007257500838,1.4278624979924643,10.622006323988899,0.8232914770051138,1.6496007639943855,13,2896.54,996.02,630.02
401028,MiniCPM-v2.6-Q2_K,0.6666666665185187,0.40824829037030635,2.8768479126408824e-06,7.936880924121685e-09,0.22899680603783884,0.4756335282651072,0.8127728415570179,0.15384615384615383,0.30769230769230765,0.0,A woman is playing Frisbee near a castle tower.,4.1831656220019795,20.103376707003918,1.3380462100030854,10.311932729004184,0.7849204179947264,1.476225334990886,13,2896.54,996.02,630.02
401240,MiniCPM-v2.6-Q2_K,0.5454545454049587,0.23354968322616365,1.8232183584593488e-06,5.246341022301387e-09,0.2147603681600292,0.32504440497335696,0.6554301240035172,0.22222222222222218,0.3636363636363636,0.0,The Waterloo Station has people coming in and out of it.,4.1831656220019795,20.476611694000894,1.3477336579962866,10.904385864007054,0.817270224011736,1.4747945950075518,13,2896.54,996.02,630.02
401828,MiniCPM-v2.6-Q2_K,0.7857142856581634,0.4916891718579703,2.7210301093019238e-06,6.541868941226844e-09,0.29733738078452915,0.42957746478873243,0.4590475589136539,0.13333333333333333,0.30769230769230765,0.0,A woman in a skirt talks on her cellphone while walking down the street.,4.1831656220019795,20.527015773011954,1.333363679004833,10.270681826004875,0.7868467920052353,1.8363229050009977,16,2896.54,996.02,630.02
402528,MiniCPM-v2.6-Q2_K,0.8888888886913584,0.8164965807406125,0.6586337558519678,0.4671379776125745,0.3488168265942932,0.4642313546423136,1.6670558550300356,0.2666666666666667,0.4615384615384615,0.15384615384615385,A sandwich sitting next to a jar of mustard.,4.1831656220019795,20.951940287995967,1.5508074079989456,10.638729370009969,0.814016966993222,1.368771609995747,11,2896.54,996.02,630.02
402723,MiniCPM-v2.6-Q2_K,0.7777777776049386,0.3118047821597068,2.4037492832749525e-06,6.9363190820961554e-09,0.18720263211245253,0.4444444444444444,0.43243017941068995,0.14814814814814814,0.36363636363636365,0.0,A guy is grinding a rail on a skateboard,4.1831656220019795,20.743337898995378,1.3668049950065324,10.492262150000897,0.8156450640090043,1.2859798560093623,10,2896.54,996.02,630.02
403907,MiniCPM-v2.6-Q2_K,0.6666666665185187,0.4999999998854169,0.329316877925984,4.939382735892778e-05,0.2578511007901245,0.5213675213675214,1.475274361832084,0.26666666666666666,0.3333333333333333,0.22222222222222224,A red bench is on a street at night.,4.1831656220019795,20.554287598992232,1.3240873960021418,10.290702612997848,0.8015739940019557,1.4421544070064556,11,2896.54,996.02,630.02
405574,MiniCPM-v2.6-Q2_K,0.4999999999583334,0.21320071633703627,1.656503812208384e-06,4.740604259421436e-09,0.22086523891620455,0.46212121212121204,0.4000607731507284,0.16,0.36363636363636365,0.0,A young girl runs away from a bird while holding a bag,4.1831656220019795,21.95416395700886,1.407952055989881,10.588124653004343,0.8507689909893088,1.656379084000946,13,2896.54,996.02,630.02
408138,MiniCPM-v2.6-Q2_K,0.7999999998400004,0.7302967431901053,0.6933612742036167,0.6606328634575929,0.4059705707571467,0.6609907120743034,1.5850065785276528,0.3448275862068965,0.33333333333333337,0.0,A blue and white double decker bus with passengers boarding.,4.1831656220019795,20.33752330299467,1.318101946002571,10.243360674998257,0.7869584230065811,1.476508894993458,13,2896.54,996.02,630.02
408307,MiniCPM-v2.6-Q2_K,0.5714285714013606,0.41403933558520356,0.26229289922503723,3.1642571775070466e-05,0.2086199968392077,0.4363376251788269,0.47045239042995146,0.14634146341463414,0.33333333333333337,0.0,A car is parked with a ramp extended out the back door and a dog on a leash next to it.,4.1831656220019795,21.304746542999055,1.353024326992454,10.669796993999626,0.8177933410042897,2.748563824003213,23,2896.54,996.02,630.02
409241,MiniCPM-v2.6-Q2_K,0.5384615384201185,0.4736654666777171,0.3940554500652025,0.3326024950263509,0.2604799311275686,0.563944530046225,0.7322787643110671,0.21052631578947367,0.4444444444444445,0.0,A train is parked on the tracks near a fence and some plants.,4.1831656220019795,20.298919769993518,1.320008743001381,10.299325455998769,0.7850842699990608,1.7162631359969964,15,2896.54,996.02,630.02
412019,MiniCPM-v2.6-Q2_K,0.5454545454049587,0.4045199174393321,0.33130076243860895,0.2596535889063146,0.31519927817964033,0.5417406749555951,0.7439059721158823,0.2727272727272727,0.5,0.0,A small plane with red tails flies through a blue sky.,4.1831656220019795,20.469298312993487,1.31782823499816,10.294011801990564,0.7845850939920638,1.5328527969977586,13,2896.54,996.02,630.02
413275,MiniCPM-v2.6-Q2_K,0.28571428569387763,0.20965696732883227,0.15415080047904728,2.4022110862454197e-05,0.22812033211520868,0.34366197183098596,0.2537180642368633,0.2,0.3333333333333333,0.2222222222222222,A blue and a yellow semi truck parked side by side in a lot,4.1831656220019795,21.04912319399591,1.333271618001163,10.351542739008437,0.7893654460058315,1.790697578995605,15,2896.54,996.02,630.02
413435,MiniCPM-v2.6-Q2_K,0.6249999999609376,0.45643546455816036,2.4596703668510286e-06,5.81663542074396e-09,0.27096718326441177,0.5618421052631578,0.7474996517833563,0.05,0.13333333333333333,0.0,A bathroom vanity area with a sink and large mirror reflecting the lights and sink faucet.,4.1831656220019795,20.515896856988547,1.3363857370131882,10.317626656993525,0.7882559360004961,2.0819346539938124,18,2896.54,996.02,630.02
415672,MiniCPM-v2.6-Q2_K,0.7692307691715977,0.5063696835012589,0.28565877485048174,3.907380249109468e-05,0.41671908872273694,0.5970636215334422,0.636460268315896,0.23529411764705882,0.37499999999999994,0.14285714285714288,People sit at tables outside a restaurant on a street corner in Paris.,4.1831656220019795,20.699381988000823,1.335512828998617,10.322577177008498,0.7886443460010923,1.7276665599929402,15,2896.54,996.02,630.02
415770,MiniCPM-v2.6-Q2_K,0.3999999999600001,0.21081851065563903,1.7710976151059253e-06,5.3077121704368895e-09,0.198528313982734,0.31881533101045295,0.3832051746960642,0.19354838709677416,0.3333333333333333,0.0,A female tennis player holds her racket during a game.,4.1831656220019795,20.31594744999893,1.3226085630012676,10.217865343001904,0.7825476350117242,1.3626009370054817,12,2896.54,996.02,630.02
415961,MiniCPM-v2.6-Q2_K,0.833333333263889,0.6154574548430444,0.4231314986970542,5.386366368312953e-05,0.4337292483618045,0.7393939393939394,1.2065282618513522,0.15384615384615383,0.4,0.0,A dog runs towards the camera with a ball in its mouth.,4.1831656220019795,20.878191722003976,1.3187217060039984,10.266823994999868,0.7866811290004989,1.6211648089956725,14,2896.54,996.02,630.02
416749,MiniCPM-v2.6-Q2_K,0.5714285713877553,0.3631365195743456,0.2801105939520352,0.21142141712598006,0.29109999920650514,0.45252225519287836,0.7868487262919701,0.3333333333333333,0.5454545454545454,0.0,A pair of deer in a parking lot near a tree and parking meters.,4.1831656220019795,21.4030354800052,1.5000042519968702,10.738001639998402,0.8000241510017077,1.9762932500016177,16,2896.54,996.02,630.02
416837,MiniCPM-v2.6-Q2_K,0.6999999999300001,0.5577733509638411,0.33879878556699333,4.854917716491898e-05,0.2652355963928594,0.5313588850174217,0.9813373692011731,0.12903225806451613,0.36363636363636365,0.0,A cow on a grassy hillside near a mountain range.,4.1831656220019795,20.658055894993595,1.355688260999159,10.4004949759983,0.8225224299967522,1.6274328979925485,14,2896.54,996.02,630.02
418711,MiniCPM-v2.6-Q2_K,0.4999999999000002,0.33333333326481496,0.24037492833359989,3.753119267926982e-05,0.26627012369971015,0.4,0.7932469116294073,0.13793103448275862,0.3333333333333333,0.0,A busy street with people riding bikes loaded with bananas.,4.1831656220019795,21.47966577799525,1.3543466590053868,10.485718480005744,0.813423049999983,1.4847288760065567,12,2896.54,996.02,630.02
419653,MiniCPM-v2.6-Q2_K,0.6363636363057852,7.977240351413192e-09,1.9193504628463363e-11,9.696013568277517e-13,0.30804791664739267,0.384251968503937,0.6144478678750259,0.13333333333333333,0.36363636363636365,0.0,A cluttered kitchen table filled with various food items and containers.,4.1831656220019795,21.514222138997866,1.3988104930031113,10.417941150997649,0.8269724860001588,1.781954610007233,14,2896.54,996.02,630.02
422706,MiniCPM-v2.6-Q2_K,0.6666666665555557,0.4264014326385389,0.2629535893869792,3.7700638038720986e-05,0.20544931699884966,0.4149659863945578,0.8844231662452139,0.30769230769230765,0.5454545454545454,0.0,A group of people looking at a small boat in the water.,4.1831656220019795,20.599582822993398,1.4082903170055943,10.620268408994889,0.8058524819934973,1.7468090830079746,14,2896.54,996.02,630.02
423944,MiniCPM-v2.6-Q2_K,0.24999999999218758,0.23759548164820118,0.1959769662618718,0.1670454254892528,0.23105968572368393,0.34659090909090906,0.0010920687996622562,0.17391304347826086,0.42857142857142855,0.0,A mannequin wearing a black suit and a woman mannequin wearing a yellow coat standing side by side on a display platform in front of a pink background with many small lights.,4.1831656220019795,20.736573898000643,1.321967940995819,10.289040435993229,0.7893784140032949,4.352838242004509,38,2896.54,996.02,630.02
424271,MiniCPM-v2.6-Q2_K,0.9999999997500004,0.6546536705384689,0.41491326657116134,6.147881527768919e-05,0.2577778476364909,0.625,1.0382267785477168,0.3333333333333333,0.6666666666666666,0.16666666666666666,A group of kids with helmets on skateboards.,4.1831656220019795,20.406742753999424,1.329189779004082,10.398306066999794,0.7926273799967021,1.284166113997344,11,2896.54,996.02,630.02
425226,MiniCPM-v2.6-Q2_K,0.4399999999824001,0.1914854215434487,0.11681928168373071,1.64070396783247e-05,0.23683091145402213,0.38566912539515275,0.01737088517609797,0.0625,0.13333333333333333,0.0,A woman wearing green pants and a pink striped shirt is kneeling down in the kitchen while she is taking something out of her refrigerator.,4.1831656220019795,20.71528716100147,1.3664272330061067,10.428334133001044,0.7942640879919054,3.259736502994201,27,2896.54,996.02,630.02
426372,MiniCPM-v2.6-Q2_K,0.7499999998125003,0.46291004976641537,3.2931687791531186e-06,9.193227149641706e-09,0.28239461339094385,0.625,0.9574390617770814,0.30769230769230765,0.5,0.0,A tow truck carries a classic red car.,4.1831656220019795,21.470117152988678,1.325313000997994,10.52485209099541,0.7854518880049,1.1549007010034984,10,2896.54,996.02,630.02
428830,MiniCPM-v2.6-Q2_K,0.6999999999300001,0.5577733509638411,0.33879878556699333,4.854917716491898e-05,0.2576953721691959,0.4535315985130111,0.934054322768018,0.1935483870967742,0.375,0.0,A skater wearing red shirt doing tricks on his skateboard.,4.1831656220019795,20.709009708996746,1.3156509300024481,10.323054694992607,0.7927169729955494,1.5015776259970153,13,2896.54,996.02,630.02
430359,MiniCPM-v2.6-Q2_K,0.8749999999453126,0.6390096503814245,0.48863240292674026,0.36602298478760437,0.453876642003413,0.6740331491712707,1.3995818908237376,0.4736842105263157,0.6666666666666666,0.42857142857142855,A baseball player with a gray uniform holds his bat over his head on the field.,4.1831656220019795,32.420775512000546,1.3424048769957153,17.546998207995784,0.8122601880022557,2.1030506559909554,18,2896.54,996.02,630.02
430690,MiniCPM-v2.6-Q2_K,0.6470588234913496,0.34831527298848863,2.0073260726131192e-06,4.90265615422589e-09,0.2601652282667662,0.42707117852975496,0.33087117174955083,0.058823529411764705,0.14285714285714285,0.0,A street scene with a green traffic light on a pole in the middle of the sidewalk.,4.1831656220019795,20.908950092998566,1.32114662299864,10.538223715004278,0.8311333420133451,2.723976198991295,19,2896.54,996.02,630.02
432258,MiniCPM-v2.6-Q2_K,0.5429024507129954,0.4046555949795809,0.26457606599748784,3.933517112506113e-05,0.20881733858899476,0.4535315985130111,1.0320472789573423,0.16666666666666666,0.4,0.0,A laptop on a desk with various items around it.,4.1831656220019795,6.909470528000384,1.322429687003023,3.3695000800071284,0.782338498000172,1.4186747190105962,12,2896.54,996.02,630.02
432820,MiniCPM-v2.6-Q2_K,0.6666666665925927,0.4082482904156672,2.8768479129605314e-06,7.93688092500356e-09,0.22647698074327327,0.3929146537842191,0.9086818577412343,0.07142857142857142,0.125,0.0,A batter swinging his bat at a baseball game.,4.1831656220019795,20.275223659002222,1.331405420001829,10.319870542996796,0.791900384996552,1.261247911999817,11,2896.54,996.02,630.02
433192,MiniCPM-v2.6-Q2_K,0.4150457800528383,0.33718478568160215,0.22594567792257675,3.387351014262947e-05,0.29928323455348077,0.5417406749555951,1.0693058785484741,0.1904761904761905,0.5,0.0,A laptop on top of a striped comforter on a bed.,4.1831656220019795,6.984064051997848,1.4131386069930159,3.4788053189986385,0.8121215179999126,1.7053016249992652,14,2896.54,996.02,630.02
433483,MiniCPM-v2.6-Q2_K,0.7999999998400004,0.516397779388174,3.218297948003038e-06,8.307018472587394e-09,0.1254441623012312,0.28328173374613,0.44197602010896625,0.060606060606060615,0.15384615384615383,0.0,A streetlight at night with a tree in the background,4.1831656220019795,21.29066964201047,1.3195394149952335,10.306287104001967,0.78638321699691,1.3752702299971133,12,2896.54,996.02,630.02
434089,MiniCPM-v2.6-Q2_K,0.6666666665925927,0.49999999994097233,0.3293168779625747,4.939382736441597e-05,0.3064431015469261,0.6414300736067298,1.8833606215327796,0.14285714285714288,0.36363636363636365,0.0,A ram with big horns eating from a trough,4.1831656220019795,20.963340269998298,1.3668162990070414,10.593528587996843,0.8173895999934757,1.33462805300951,10,2896.54,996.02,630.02
435205,MiniCPM-v2.6-Q2_K,0.46153846146745575,0.19611613510738388,1.5177887246686009e-06,4.324227074750954e-09,0.20937894691261313,0.3223249669749009,0.7837175956370066,0.29411764705882354,0.5,0.16666666666666666,A child's teddy bear held up next to a woman's belly.,4.1831656220019795,7.196108022006229,1.3800782280013664,3.4487410279980395,0.7879787840065546,1.8531494149938226,16,2896.54,996.02,630.02
435682,MiniCPM-v2.6-Q2_K,0.9999999997777782,0.790569414860923,0.5631239400880987,7.386099954102403e-05,0.3182143411477423,0.6256410256410255,1.3091676087396498,0.3076923076923077,0.4615384615384615,0.0,A man wearing a Google shirt eating a sandwich,4.1831656220019795,20.629590965996613,1.3398697259981418,10.463145073998021,0.8128316660004202,1.2399996800086228,10,2896.54,996.02,630.02
436875,MiniCPM-v2.6-Q2_K,0.5833333332361111,0.5149286504566655,0.43006931369345563,0.3646285861281333,0.2924067045267967,0.6135057471264368,0.5548424027119147,0.058823529411764705,0.18181818181818182,0.0,"A bathroom with a toilet, toilet brush and a toilet seat cover.",4.1831656220019795,20.714170624007238,1.3296173739945516,10.576088476998848,0.7911836809944361,1.8117948099970818,15,2896.54,996.02,630.02
438364,MiniCPM-v2.6-Q2_K,0.545454545355372,0.4670993664098635,0.4174128044046775,0.36720562691677594,0.3113016365811006,0.5513708948478457,2.5538516845270323,0.2962962962962963,0.2,0.0,A red double decker bus says Pearl Assurance on the side.,4.1831656220019795,21.37479699999676,1.395360572001664,10.737911082993378,0.7975408549973508,1.635632708988851,14,2896.54,996.02,630.02
441156,MiniCPM-v2.6-Q2_K,0.6666666665185187,0.4999999998854169,0.329316877925984,4.939382735892778e-05,0.2742108970502077,0.41709401709401706,1.5956763202962079,0.2,0.4615384615384615,0.0,An elephant and two men pose for a photo.,4.1831656220019795,20.431357042994932,1.3474013130035019,10.305592839999008,0.8052992010052549,1.263744433003012,11,2896.54,996.02,630.02
441245,MiniCPM-v2.6-Q2_K,0.4117647058581315,0.22687130322949517,0.15083054171370472,2.225025328898801e-05,0.2666612342537845,0.40720961281708945,0.31308691276424205,0.14285714285714285,0.4444444444444444,0.0,A motorcycle with a license plate reading Washington DC is parked in a garage with other motorcycles.,4.1831656220019795,20.07427172199823,1.348891105997609,10.314300395999453,0.7921709959919099,2.2143729199888185,19,2896.54,996.02,630.02
443556,MiniCPM-v2.6-Q2_K,0.5515605639774822,0.3729230059054938,0.2734849491240028,4.358989964947794e-05,0.24049245260547264,0.5820610687022901,0.8572210792101078,0.09523809523809525,0.2222222222222222,0.0,A guy riding a skateboard down a sidewalk.,4.1831656220019795,20.271650169001077,1.3512538349896204,10.283008067999617,0.7922494859958533,1.1713631720049307,10,2896.54,996.02,630.02
445792,MiniCPM-v2.6-Q2_K,0.9090909089256201,0.8528028652635105,0.7856009757221424,0.7016879389890388,0.44676978418989804,0.6902404526166903,3.0450210090832104,0.7777777777777778,0.8571428571428571,0.5714285714285715,A young woman is sitting on a couch playing video games.,4.1831656220019795,6.816731589002302,1.3326638139988063,3.3943856349942507,0.7823646010074299,1.5844824579980923,13,2896.54,996.02,630.02
445933,MiniCPM-v2.6-Q2_K,0.7777777776049386,0.5400617247435577,0.3466806370930039,5.133450479131077e-05,0.33661747899113537,0.6256410256410255,1.017114452242222,0.2962962962962963,0.5,0.0,A man hits a tennis ball across a net.,4.1831656220019795,20.89802114800841,1.3763494429877028,10.410115805992973,0.7914521350030554,1.2909566370071843,11,2896.54,996.02,630.02
447194,MiniCPM-v2.6-Q2_K,0.7999999998400004,0.5962847938773745,0.44628863329348356,0.3356891924299591,0.3248177940118192,0.6376306620209059,1.4070211361337361,0.17647058823529413,0.23529411764705882,0.0,A zebra grazing on the ground in a zoo enclosure,4.1831656220019795,20.174967878992902,1.3332576160028111,10.287714245991083,0.7906803799996851,1.3931695969949942,12,2896.54,996.02,630.02
447279,MiniCPM-v2.6-Q2_K,0.4444444443456792,0.23570226034150096,1.994694934821646e-06,6.030725358915047e-09,0.156586002067019,0.31282051282051276,0.5127794071803671,0.058823529411764705,0.15384615384615383,0.0,The mounted police patrol downtown during a protest march.,4.1831656220019795,20.701187560000108,1.3326763840013882,10.656064998998772,0.7965789830050198,1.3462606249959208,11,2896.54,996.02,630.02
448786,MiniCPM-v2.6-Q2_K,0.6363636363057852,0.43693144871094447,2.7681823803094525e-06,7.175852914006076e-09,0.23918742354008965,0.5091819699499166,0.6897036602585747,0.27586206896551724,0.6,0.0,A high speed bullet train on the tracks at a station.,4.1831656220019795,20.927125247006188,1.4432406420091866,10.443297172998427,0.7982750609953655,1.589499503999832,13,2896.54,996.02,630.02
448974,MiniCPM-v2.6-Q2_K,0.7777777776049386,0.6236095643194133,0.5503212080184399,0.40824829036281374,0.3226442391683605,0.6256410256410255,1.5566047129943188,0.22222222222222224,0.4444444444444444,0.0,A hand holding a cell phone in a bedroom.,4.1831656220019795,7.2300517999974545,1.3714423079945846,3.4792288850003388,0.8242237970116548,1.5064731699967524,11,2896.54,996.02,630.02
449433,MiniCPM-v2.6-Q2_K,0.5054422162587139,0.4952302097098728,0.4814037034602112,0.3875385823806996,0.2634042502941453,0.5980392156862745,1.5207223716250176,0.23076923076923073,0.4,0.1818181818181818,A cake with sparklers on top.,4.1831656220019795,20.489800153009128,1.3231969149928773,10.27260237900191,0.783771511996747,1.0205106710054679,9,2896.54,996.02,630.02
450458,MiniCPM-v2.6-Q2_K,0.6153846153372783,0.5063696835012589,0.28565877485048174,3.907380249109468e-05,0.3547595844795256,0.5343065693430658,1.1460584347152563,0.25806451612903225,0.4444444444444445,0.0,An old red train car sits on the tracks near a blue car.,4.1831656220019795,19.088648388002184,1.3269045659981202,10.289591578999534,0.8122648570133606,1.729339258003165,15,2896.54,996.02,630.02
451234,MiniCPM-v2.6-Q2_K,0.22222222217283966,5.270462765739487e-09,1.5831904189457608e-11,9.018037815333522e-13,0.0794044665012407,0.2378167641325536,0.20523512735277577,0.05555555555555555,0.13333333333333336,0.0,A restaurant has red Chinese lanterns hanging above it.,4.1831656220019795,20.939588264009217,1.3967406669980846,10.562794205994578,0.7932825360039715,1.4549447760073235,12,2896.54,996.02,630.02
452700,MiniCPM-v2.6-Q2_K,0.4999999999687501,0.316227765996415,0.19258567854254074,2.722589422880811e-05,0.27504529847429643,0.53643216080402,0.6800648406487932,0.28571428571428575,0.4,0.0,A man rides his bike down a busy street filled with cars and double decker buses.,4.1831656220019795,21.196157123005833,1.3534761460032314,10.637605520008947,0.797016865995829,2.3649778609978966,19,2896.54,996.02,630.02
455225,MiniCPM-v2.6-Q2_K,0.4999999998750002,0.26726124184322303,2.2833557013653306e-06,6.985342054598842e-09,0.106148813782739,0.3267857142857143,0.0692095514824376,0.06451612903225806,0.14285714285714288,0.0,A bowl filled with assorted fruits and vegetables.,4.1831656220019795,22.2514192279923,1.3970533590036212,11.113735075996374,0.8669287219963735,1.2504633979988284,10,2896.54,996.02,630.02
458487,MiniCPM-v2.6-Q2_K,0.5882352940830451,0.42874646283026363,0.33251432919328744,0.22637359353296338,0.3256352519671695,0.5439490445859871,0.5369396609912864,0.23529411764705885,0.4,0.0,A baseball player wearing a black helmet swings his bat at a ball thrown by a pitcher.,4.1831656220019795,20.351999275997514,1.348178234999068,10.305809133002185,0.7862955029995646,2.193553929013433,19,2896.54,996.02,630.02
460378,MiniCPM-v2.6-Q2_K,0.32928698152470126,0.21255383258936583,2.0218393532584693e-06,6.900940974641912e-09,0.19977821240786764,0.2953995157384988,0.30225679896992397,0.08333333333333333,0.16666666666666669,0.0,A kitchen is under renovation.,4.1831656220019795,20.805740399009665,1.3631196490023285,10.579313437003293,0.8221847959939623,0.8301255830010632,7,2896.54,996.02,630.02
460621,MiniCPM-v2.6-Q2_K,0.7165313103349458,0.6408850871556931,0.527944783386671,7.699630012415168e-05,0.46222744466331606,0.8356164383561644,1.5237828188640514,0.16,0.3636363636363636,0.0,A dirty bathroom tub and toilet,4.1831656220019795,20.956927614010056,1.3981442869990133,10.585941062003258,0.8252314349956578,0.8233720610005548,7,2896.54,996.02,630.02
462386,MiniCPM-v2.6-Q2_K,0.9999999997777782,0.790569414860923,0.5631239400880987,0.41535092361783227,0.32661173471612,0.6876006441223833,1.9902132291616383,0.24242424242424243,0.5,0.2,A plate with a sandwich and salad on it,4.1831656220019795,7.315605298004812,1.4371282020001672,3.5325410069926875,0.8583030440058792,1.2358079820114654,10,2896.54,996.02,630.02
464207,MiniCPM-v2.6-Q2_K,0.6191984996446447,0.2991012912972992,2.493875876223122e-06,7.614310988684265e-09,0.1144902118025942,0.30148270181219106,0.10401529952770162,0.15384615384615385,0.42857142857142855,0.0,A person on skis in the snow.,4.1831656220019795,31.53583217099367,1.3156005259952508,17.305999365009484,0.7960032919945661,1.1478048840072006,10,2896.54,996.02,630.02
464786,MiniCPM-v2.6-Q2_K,0.21487859753770341,4.530038590756525e-09,1.4325239834255217e-11,9.579865254090092e-13,0.12592592592592597,0.22932330827067668,0.11951811253841854,0.1111111111111111,0.25,0.0,A hotdog covered in,4.1831656220019795,20.43726590400911,1.324376852993737,10.318656436997117,0.8132749299984425,0.803161307994742,6,2896.54,996.02,630.02
465346,MiniCPM-v2.6-Q2_K,0.5882352940830451,0.42874646283026363,0.2904780222281507,0.20455163268074633,0.35762130011084553,0.5988779803646563,0.7547497596794359,0.29629629629629634,0.6153846153846153,0.0,"A sandwich on a bun with lettuce, tomato and onion next to some fries on a plate.",4.1831656220019795,31.542515419001575,1.3145735620055348,17.343662323997705,0.7942623660055688,2.3243338960019173,20,2896.54,996.02,630.02
467457,MiniCPM-v2.6-Q2_K,0.6666666665925927,0.4082482904156672,0.28768479129605307,4.463236137244506e-05,0.2393224570237304,0.5648148148148149,1.382704799803699,0.19999999999999998,0.36363636363636365,0.16666666666666669,A bowl filled with oranges sitting on a table.,4.1831656220019795,19.85951746099454,1.4027652660006424,10.892758480986231,0.8297387420025188,1.4561363529937807,11,2896.54,996.02,630.02
467479,MiniCPM-v2.6-Q2_K,0.4444444443456792,0.23570226034150096,1.994694934821646e-06,6.030725358915047e-09,0.11514225097773287,0.31282051282051276,0.14813622381439556,0.08,0.1818181818181818,0.0,Caption: Two individuals paddling out to catch a wave,4.1831656220019795,21.42472825499135,1.3661297280050348,10.503801915008808,0.8018390979996184,1.4856081530015217,12,2896.54,996.02,630.02
467755,MiniCPM-v2.6-Q2_K,0.555555555432099,0.4564354644830389,0.3098990470469664,4.7192976329474405e-05,0.2519518915857043,0.5213675213675214,1.1067842398358676,0.08333333333333333,0.18181818181818182,0.0,A giraffe bends its neck around a tree trunk.,4.1831656220019795,7.247870071994839,1.3724167149921414,3.3940215059992624,0.8284075139963534,1.578553503000876,12,2896.54,996.02,630.02
468545,MiniCPM-v2.6-Q2_K,0.4999999999500001,0.33333333329814824,2.4037492835763743e-06,6.674094718242314e-09,0.12476186855339823,0.37770897832817335,0.14699088995848358,0.08695652173913043,0.15384615384615383,0.0,A guy on a skateboard jumping high into the air.,4.1831656220019795,20.29574688099092,1.314447921991814,10.257733723992715,0.7856790240039118,1.4199276889994508,12,2896.54,996.02,630.02
471789,MiniCPM-v2.6-Q2_K,0.5294117646747406,0.3638034375324306,0.26034991751675446,3.350704079297443e-05,0.2879009863612088,0.45963401506996776,0.46218087367720484,0.2285714285714286,0.5714285714285714,0.0,A person is flying a kite in a park with green grassy hills and curvy walking paths.,4.1831656220019795,21.092736417995184,1.3552014119923115,10.567610468002385,0.7975373420049436,2.457152971997857,21,2896.54,996.02,630.02
474095,MiniCPM-v2.6-Q2_K,0.7142857142517007,0.49999999997559524,0.34048858304585794,0.21640076380240866,0.40012963302211924,0.7113702623906706,0.43592027963338575,0.5161290322580646,0.7692307692307693,0.4615384615384615,A young man is sitting on the toilet with a cigarette in his hand and a beer in his other hand.,4.1831656220019795,6.904509070009226,1.3509364070050651,3.406968102004612,0.7834620009962237,2.625470414990559,23,2896.54,996.02,630.02
475301,MiniCPM-v2.6-Q2_K,0.38461538458579886,5.661385170269343e-09,1.42829387425241e-11,7.347053125332871e-13,0.15384615384615383,0.37596302003081655,0.24784766287365406,0.0,0.0,0.0,Snowboarders performing jumps off a large snow ramp with Toyota logo on it.,4.1831656220019795,21.23368277300324,1.3839319289982086,10.518652476006537,0.7923269439925207,1.9936146000109147,17,2896.54,996.02,630.02
475893,MiniCPM-v2.6-Q2_K,0.5833333332361111,0.46056618639333274,2.7681823801044015e-06,6.967635088955882e-09,0.22923749012693947,0.4166666666666667,0.300739239431164,0.17142857142857143,0.30769230769230765,0.0,A small shrine dedicated to a fallen tree on a city street.,4.1831656220019795,20.471911354004988,1.320061585996882,10.274573293005233,0.7875032800075132,1.6184254640102154,14,2896.54,996.02,630.02
479334,MiniCPM-v2.6-Q2_K,0.6428571427653064,0.49724515802644603,0.34540606445152255,0.24739977339121577,0.21919831526837116,0.5714285714285714,1.1164697920996582,0.10526315789473685,0.13333333333333333,0.0,A stop sign has been tagged with a sticker of a man's face.,4.1831656220019795,7.06956504000118,1.5067375899961917,3.4851759180019144,0.789891175008961,1.9003188320057234,16,2896.54,996.02,630.02
479909,MiniCPM-v2.6-Q2_K,0.8999999999100001,0.8366600264457615,0.7047298731275334,0.5623413251230133,0.3299873079748721,0.6376306620209059,2.0494839864063854,0.3448275862068965,0.7272727272727273,0.2,A stove in a kitchen with a kettle on top.,4.1831656220019795,22.52773147399421,1.4460128289938439,10.621439402006217,0.8000227960001212,1.4630433880083729,12,2896.54,996.02,630.02
481064,MiniCPM-v2.6-Q2_K,0.8888888886913584,0.5773502690573166,0.3624601242482373,5.307712169758682e-05,0.26317887714728677,0.4756335282651072,0.9837062564118714,0.16216216216216217,0.375,0.0,Two boys are playing Frisbee on a grassy field.,4.1831656220019795,20.68047486100113,1.3238971200044034,10.299558661004994,0.7853060189954704,1.597586895004497,14,2896.54,996.02,630.02
481239,MiniCPM-v2.6-Q2_K,0.42857142854081637,0.3144854509932483,0.2019946918829379,2.9420957078790955e-05,0.20914915340718618,0.4435288414929714,0.6043945027464014,0.20512820512820515,0.4,0.13333333333333336,Caption: Family enjoying a sunny day at the beach with colorful towels and surfboards.,4.1831656220019795,20.443499224988045,1.366126652006642,10.447821027002647,0.8364499500021338,2.220877195999492,18,2896.54,996.02,630.02
481398,MiniCPM-v2.6-Q2_K,0.45454545446281003,0.2132007163158777,1.715714163671599e-06,5.012578714748261e-09,0.19129172734065178,0.384251968503937,0.558957404367965,0.12121212121212123,0.3333333333333333,0.0,A black dog with long hair is looking into a mirror.,4.1831656220019795,20.850367467995966,1.3766176990029635,10.632235016004415,0.8005240320053417,1.669472895009676,13,2896.54,996.02,630.02
485943,MiniCPM-v2.6-Q2_K,0.4390493086996017,0.3470989551446028,2.8037302210151096e-06,8.818617297116e-09,0.3216122715066877,0.5907990314769976,0.828959602570907,0.23529411764705882,0.4,0.0,A surfer rides a wave.,4.1831656220019795,21.90401945299527,1.3917788399994606,10.585674627989647,0.8059224199969321,1.0890895419870503,8,2896.54,996.02,630.02
486122,MiniCPM-v2.6-Q2_K,0.7165313103349458,0.6408850871556931,0.527944783386671,0.43298201446569307,0.2924813428590835,0.6963470319634703,1.6281240387496214,0.24999999999999997,0.4444444444444445,0.25,A large refrigerator in a kitchen,4.1831656220019795,21.405127101010294,1.3917768420069478,10.77219618599338,0.8586743669875432,1.0125772040046286,7,2896.54,996.02,630.02
486383,MiniCPM-v2.6-Q2_K,0.5454545454049587,0.23354968322616365,1.8232183584593488e-06,5.246341022301387e-09,0.12237093690248567,0.384251968503937,0.269248148158755,0.0,0.0,0.0,A home computer setup with multiple monitors and various computer hardware.,4.1831656220019795,20.56393686500087,1.4927003740012879,10.92443441899377,0.794131754009868,1.5363228600035654,13,2896.54,996.02,630.02
486479,MiniCPM-v2.6-Q2_K,0.5971094252791215,0.4136895448977815,3.129738775280846e-06,9.250379439222842e-09,0.2639261267249704,0.5980392156862745,0.6493548808109868,0.16666666666666669,0.4,0.0,A dog hiding behind a curtain.,4.1831656220019795,6.924914160990738,1.3244179079920286,3.4165744709898718,0.784971068991581,0.9652661440049997,8,2896.54,996.02,630.02
487236,MiniCPM-v2.6-Q2_K,0.8181818181074382,0.5720775534927481,3.313007624386091e-06,8.210967435809826e-09,0.2910885745597545,0.5176803394625177,1.0179922081989874,0.2222222222222222,0.5714285714285715,0.0,A giraffe walking through a field with trees in the background.,4.1831656220019795,21.56498435299727,1.3492956989939557,11.057613981000031,0.8231894890050171,1.639374067002791,14,2896.54,996.02,630.02
487351,MiniCPM-v2.6-Q2_K,0.6363636363057852,0.5045249790613539,0.3838700925692668,0.28997844144056417,0.2450926497981433,0.42068965517241375,1.3862026977848105,0.25,0.46153846153846156,0.13333333333333333,Kites fly in a blue sky above a crowd of people.,4.1831656220019795,7.136518793005962,1.4016377849911805,3.5257018660049653,0.8057446890015854,1.6144887510017725,14,2896.54,996.02,630.02
487385,MiniCPM-v2.6-Q2_K,0.6666666666111113,0.3481553118810641,0.2297111188398978,3.4066372071996675e-05,0.2291666666666667,0.5545454545454546,0.8151487946115163,0.18750000000000003,0.39999999999999997,0.0,A healthy plate full of salad and vegetables with a book nearby.,4.1831656220019795,20.64974885599804,1.33750876999693,10.33466967199638,0.7950160159962252,1.6310873440088471,14,2896.54,996.02,630.02
488287,MiniCPM-v2.6-Q2_K,0.545454545355372,0.3302891294763544,0.22971111881688802,3.5084396949451944e-05,0.25163253587965595,0.433392539964476,0.9103629910260926,0.09090909090909091,0.18181818181818182,0.0,A baby laying in bed with a banana on her stomach.,4.1831656220019795,21.33320934099902,1.3566063690086594,10.491057220002403,0.7919274000014411,1.550912200997118,13,2896.54,996.02,630.02
490871,MiniCPM-v2.6-Q2_K,0.7999999999200001,0.6666666665962965,0.4807498567152745,6.311969077470083e-05,0.2737361960013327,0.3577712609970674,0.6344077159910935,0.1875,0.3529411764705882,0.0,A table filled with fruit and a bowl of noodles.,4.1831656220019795,20.937094460998196,1.3197160010022344,10.28992233799363,0.8043078449991299,1.4262336040119408,12,2896.54,996.02,630.02
492366,MiniCPM-v2.6-Q2_K,0.24999999998437505,0.12909944486524297,1.0598398328774614e-06,3.0934588292167494e-09,0.05371566169670903,0.22989949748743718,0.0021641470198288685,0.0,0.0,0.0,Caption: A glimpse into daily life in a bustling city street in the early twentieth century.,4.1831656220019795,19.65377046300273,1.4179701690009097,10.733680657009245,0.8809448690008139,2.765526171991951,19,2896.54,996.02,630.02
493799,MiniCPM-v2.6-Q2_K,0.4953587997157158,0.4633657280094291,0.42068327544292033,0.3564026462168299,0.2203171838573255,0.48897795591182364,1.0154577633338364,0.19999999999999998,0.3333333333333333,0.2,A plate of food on a table.,4.1831656220019795,21.430177057001856,1.3853383809910156,10.768435492005665,0.8143048710044241,1.1386348420055583,9,2896.54,996.02,630.02
493846,MiniCPM-v2.6-Q2_K,0.6999999998600002,0.5577733509080639,0.42685972157198826,0.32466791540375595,0.35747986396288794,0.6376306620209059,1.9963650484040005,0.3333333333333333,0.6,0.3333333333333333,A man in blue shirt riding a bike on street,4.1831656220019795,20.45428741000069,1.3387132589996327,10.32151895199786,0.7878336810099427,1.262242683005752,11,2896.54,996.02,630.02
494014,MiniCPM-v2.6-Q2_K,0.545454545355372,0.40451991740255755,0.26295358938255237,3.882726776754759e-05,0.28016843393956076,0.5454545454545454,0.7154350925258423,0.13333333333333333,0.26666666666666666,0.0,A woman wearing high heels walking past a McDonald's restaurant.,4.1831656220019795,20.327771569995093,1.3364359179977328,10.364269134006463,0.7904958089930005,1.5397433080070186,13,2896.54,996.02,630.02
497014,MiniCPM-v2.6-Q2_K,0.8999999998200003,0.8366600263620957,0.7047298730570606,0.4728708043976786,0.3470796843940616,0.7155425219941348,1.585569853835283,0.4799999999999999,0.6,0.25,A brown dog catching a blue Frisbee in its mouth.,4.1831656220019795,7.888560949999373,1.3287943780014757,3.4166384490090422,0.7974407849978888,1.5969567409920273,14,2896.54,996.02,630.02
497444,MiniCPM-v2.6-Q2_K,0.3333333332592594,6.454972242199766e-09,1.8123006212411885e-11,9.980099401403394e-13,0.13729312322392836,0.2222222222222222,0.009163228555990697,0.0,0.0,0.0,A bartender stands at the bar talking to guests.,4.1831656220019795,20.90104944400082,1.3789328099956037,10.34436695399927,0.8207758010103134,1.3841022429987788,11,2896.54,996.02,630.02
497514,MiniCPM-v2.6-Q2_K,0.4953587997864814,0.25702906028994865,1.6836315181831934e-06,4.403789959600465e-09,0.18104092808999642,0.3270777479892761,0.12196472062302087,0.125,0.26666666666666666,0.0,A person wearing blue pants and a black jacket is snowboarding down a slope.,4.1831656220019795,21.696835858994746,1.3786439899995457,10.569782559003215,0.8487086669920245,2.0583221429988043,17,2896.54,996.02,630.02
498557,MiniCPM-v2.6-Q2_K,0.4666666666355556,0.31622776599500324,1.9740230336070894e-06,5.03174762615483e-09,0.19553153935555845,0.4149659863945578,0.4603516075342128,0.1142857142857143,0.28571428571428575,0.0,A black-and-white photograph shows a train on a bridge with a billboard advertising Jameson whiskey.,4.1831656220019795,20.698842679004883,1.340433439007029,10.340938430003007,0.7938021809968632,2.334564652002882,20,2896.54,996.02,630.02
498666,MiniCPM-v2.6-Q2_K,0.47768754022329724,0.2616402412150957,2.306011246130165e-06,7.356555998002494e-09,0.3109412691697989,0.2785388127853881,0.2889506894996082,0.09090909090909091,0.22222222222222224,0.0,Large airplanes sitting on the runway,4.1831656220019795,20.495359619992087,1.3161572569952114,10.28281509700173,0.7893187810113886,0.7955574590014294,7,2896.54,996.02,630.02
500495,MiniCPM-v2.6-Q2_K,0.4390493086996017,0.3470989551446028,2.8037302210151096e-06,8.818617297116e-09,0.25577057434771916,0.44309927360774815,0.8673424719295577,0.15384615384615385,0.5,0.0,Giraffes standing by palm trees.,4.1831656220019795,21.924782212998252,1.3906080330052646,10.927464010004769,0.807907119000447,1.176735512999585,10,2896.54,996.02,630.02
501506,MiniCPM-v2.6-Q2_K,0.5624999999648439,0.3354101966033067,0.2002971772439066,2.803950119799468e-05,0.23060783873791352,0.4433139534883721,0.46026454816646467,0.2105263157894737,0.4,0.0,A tennis player dressed in red swings his racket at a ball on a green court.,4.1831656220019795,21.737886240007356,1.3700416310020955,10.440643930007354,0.8220993700088002,3.169108275003964,18,2896.54,996.02,630.02
502141,MiniCPM-v2.6-Q2_K,0.5999999999600001,6.546536706627749e-09,1.4883096149180755e-11,7.239768078348712e-13,0.16971077579122132,0.25657202944269186,0.2136873402085543,0.1081081081081081,0.30769230769230765,0.0,A view looking into a backyard with a colorful umbrella visible on the left side.,4.1831656220019795,20.689716409004177,1.340487042994937,10.425970096999663,0.8012366510083666,2.0180161650059745,17,2896.54,996.02,630.02
503431,MiniCPM-v2.6-Q2_K,0.8181818181074382,0.5720775534927481,0.41741280444262413,5.491004867174933e-05,0.2904231545095739,0.5763779527559055,1.136808385086831,0.2105263157894737,0.4,0.0,A group of white and black sheep on a rocky hillside.,4.1831656220019795,20.499721996995504,1.3179150000069058,10.316445176009438,0.7919149349909276,1.5921357419865672,14,2896.54,996.02,630.02
504248,MiniCPM-v2.6-Q2_K,0.6249999998437503,0.5175491693727575,0.35474585289687116,5.4663255680950514e-05,0.21645934944551834,0.4825949367088607,0.46254717759370834,0.22222222222222224,0.4444444444444444,0.28571428571428575,A bathroom with white fixtures and a bathtub.,4.1831656220019795,20.61621429400111,1.3250523899914697,10.334937241001171,0.788119488992379,1.1607774489966687,10,2896.54,996.02,630.02
504500,MiniCPM-v2.6-Q2_K,0.8333333331944446,0.6154574547917563,0.4231314986617932,0.30289764012654197,0.3184372944717829,0.5865384615384615,1.3572305533778364,0.16216216216216214,0.46153846153846156,0.0,A group of young surfers stand with their boards on the beach.,4.1831656220019795,20.876252970003407,1.3382414250081638,10.457649749005213,0.8224529220024124,1.9717289000109304,15,2896.54,996.02,630.02
505565,MiniCPM-v2.6-Q2_K,0.5833333332361111,0.398862017540745,0.3168777796490688,0.24384183189044947,0.24101165309469225,0.39102564102564097,0.29890664901475034,0.05263157894736842,0.14285714285714288,0.0,A large white stork standing in the grass with another behind him.,4.1831656220019795,21.171107693007798,1.4324631600029534,10.683463315013796,0.8175865000084741,1.8132526379922638,15,2896.54,996.02,630.02
506707,MiniCPM-v2.6-Q2_K,0.6249999999609376,0.40824829043749705,0.22833557018287956,3.0934588292167495e-05,0.2899524176409342,0.48157894736842105,0.414101951513362,0.1951219512195122,0.26666666666666666,0.0,A baseball player is running toward home plate while another player prepares to catch a ball.,4.1831656220019795,20.874921223003184,1.3312001830054214,10.523671956005273,0.7888463060080539,2.090200537000783,18,2896.54,996.02,630.02
507249,MiniCPM-v2.6-Q2_K,0.522946920763639,0.3409196823629368,0.19027123667467633,2.5717247212142512e-05,0.2071016046447594,0.3591756624141315,0.18603834654576357,0.1875,0.3636363636363636,0.0,A white bike chained to a post next to a black bike chained to the same post.,4.1831656220019795,20.452959856003872,1.3250436359958258,10.304264373000478,0.7972558299952652,2.252966772997752,19,2896.54,996.02,630.02
510182,MiniCPM-v2.6-Q2_K,0.5834488792841719,0.38195695049292916,0.26981733536026103,0.1945497121155715,0.23875621043091158,0.48577929465301484,0.6829700661355941,0.2777777777777778,0.3076923076923077,0.0,A female tennis player is wearing blue and preparing to hit a yellow tennis ball.,4.1831656220019795,21.72783029799757,1.3689723939896794,10.318952736997744,0.7888598590070615,1.973836310004117,17,2896.54,996.02,630.02
512576,MiniCPM-v2.6-Q2_K,0.555555555432099,0.26352313828697443,2.1487199818053206e-06,6.376715692219053e-09,0.1910953138173262,0.41709401709401706,0.2827660701162743,0.1,0.1818181818181818,0.0,A red tablecloth is draped over a kitchen table.,4.1831656220019795,22.417525742013822,1.3992045970080653,10.717542237995076,0.8091074870026205,1.5504208780039335,12,2896.54,996.02,630.02
512836,MiniCPM-v2.6-Q2_K,0.6666666665555557,0.5504818824693483,0.392800487867684,5.0941107954243756e-05,0.2551036635075921,0.5559895833333334,0.9813678276995109,0.2857142857142857,0.6,0.0,A person in winter gear holding a red umbrella in the snow.,4.1831656220019795,21.474436411997885,1.3824764340097317,10.762477399999625,0.8338145599991549,1.8690825550002046,14,2896.54,996.02,630.02
513513,MiniCPM-v2.6-Q2_K,0.636363636247934,0.43693144867122347,0.2768182380057799,4.035278636666363e-05,0.1791182131625783,0.28672150411280845,0.3379014467745818,0.17647058823529413,0.25,0.0,A remote control sitting next to two halves of a pumpkin.,4.1831656220019795,21.56757012999151,1.341706058010459,10.52107254099974,0.809294669990777,1.5438829040067503,13,2896.54,996.02,630.02
513688,MiniCPM-v2.6-Q2_K,0.8181818181074382,0.5720775534927481,0.4778183822696005,0.4063798281579613,0.3421790473181835,0.6724409448818898,1.638222716704964,0.18750000000000003,0.42857142857142855,0.0,"A desk with a laptop, mouse, pen, chair and other items.",4.1831656220019795,20.561432981994585,1.3325587220024318,10.311203578006825,0.7885661420004908,1.943180652000592,16,2896.54,996.02,630.02
514018,MiniCPM-v2.6-Q2_K,0.5366925751109899,0.36697077144614565,0.23139674609817282,3.3547449408137626e-05,0.14121429290702042,0.43571428571428567,0.41770750133305934,0.1,0.28571428571428575,0.0,A bright and welcoming kitchen with a sink and a range hood.,4.1831656220019795,21.322592820986756,1.4030219850101275,10.645417082996573,0.7934422409889521,1.6298396680067526,14,2896.54,996.02,630.02
514294,MiniCPM-v2.6-Q2_K,0.6666666665925927,0.4082482904156672,2.8768479129605314e-06,7.93688092500356e-09,0.17840613654959733,0.41838134430727025,0.5452303037461419,0.05128205128205128,0.14285714285714288,0.0,A kitchen counter top with various items on it.,4.1831656220019795,21.32905189099256,1.4024141280096956,10.334647572992253,0.8120200019911863,1.251129149008193,11,2896.54,996.02,630.02
514417,MiniCPM-v2.6-Q2_K,0.5833333332847223,0.39886201757398354,0.25150606040109846,3.6462858615851904e-05,0.23625432793626536,0.39102564102564097,0.3686860961545362,0.18181818181818182,0.28571428571428575,0.0,A city street filled with lots of cars on a sunny day.,4.1831656220019795,20.558178800012683,1.3367420739959925,10.326085102002253,0.7862903149944032,1.607813189009903,14,2896.54,996.02,630.02
515716,MiniCPM-v2.6-Q2_K,0.6333861924984946,0.5046941986849177,0.3862386483307464,5.224081267611123e-05,0.2171225736465116,0.44721407624633425,0.5524650133831136,0.15384615384615383,0.3333333333333333,0.0,A group of friends enjoy wine together at a bar.,4.1831656220019795,22.20175506900705,1.3384730370016769,10.660950421995949,0.8472027190000517,1.6011135129956529,12,2896.54,996.02,630.02
519055,MiniCPM-v2.6-Q2_K,0.4999999999000002,0.33333333326481496,2.403749283336e-06,6.674094717574906e-09,0.2143219801486779,0.4,0.5434610443363976,0.16216216216216214,0.23529411764705882,0.0,A young baseball pitcher gets ready to throw a ball.,4.1831656220019795,21.327088585996535,1.380016629002057,10.394941507009207,0.812385395009187,1.4895849780004937,12,2896.54,996.02,630.02
519359,MiniCPM-v2.6-Q2_K,0.4666666666044445,5.7735026911127115e-09,1.3687111260880708e-11,6.798898170957074e-13,0.12475633528265107,0.3319727891156462,0.3359940578074532,0.05,0.15384615384615383,0.0,A glass blender with fruit inside sits on a white blender base with blue buttons.,4.1831656220019795,6.749576703994535,1.3277904980059247,3.410234357987065,0.780988022001111,1.9214221940055722,17,2896.54,996.02,630.02
519461,MiniCPM-v2.6-Q2_K,0.916666666590278,0.4999999999564395,2.924017737945572e-06,7.259795290455375e-09,0.2875537261403902,0.48878205128205127,1.1406769176545584,0.4,0.6666666666666666,0.16666666666666666,A mother elephant standing with her baby elephant in a fenced enclosure.,4.1831656220019795,21.382394057000056,1.3934515400032979,10.588303962998907,0.7957220590033103,1.6578198490024079,14,2896.54,996.02,630.02
521587,MiniCPM-v2.6-Q2_K,0.7999999998400004,0.6666666665296299,0.4807498566671996,0.35494810552300854,0.33892304178967664,0.56656346749226,1.5319624879497131,0.2727272727272727,0.4444444444444445,0.2857142857142857,A toilet sitting in a bathroom next to a sink.,4.1831656220019795,20.61917849899328,1.368778846997884,10.518100403991411,0.8134677969937911,1.3900693739997223,12,2896.54,996.02,630.02
522106,MiniCPM-v2.6-Q2_K,0.5965595444103445,0.44741965830465136,0.2946856900587287,4.419953872870986e-05,0.27029359852091905,0.6256410256410255,1.2564481317975016,0.3,0.4444444444444444,0.22222222222222224,A dog on a boat looks into the distance.,4.1831656220019795,20.334668124996824,1.3282789640070405,10.329973432002589,0.7879054660006659,1.2637822159886127,11,2896.54,996.02,630.02
524280,MiniCPM-v2.6-Q2_K,0.555555555432099,0.37267799616455977,2.707217535406252e-06,7.583235671536399e-09,0.304144518625986,0.4756335282651072,0.38884426546449585,0.125,0.15384615384615385,0.0,A brown tabby cat staring up into the sky.,4.1831656220019795,32.31685312400805,1.376429084004485,17.723227988011786,0.802251825996791,1.4456389039987698,12,2896.54,996.02,630.02
524459,MiniCPM-v2.6-Q2_K,0.5624999999296877,0.4743416489649761,0.40059435446277597,0.3153554052074244,0.33411649670572074,0.48157894736842105,0.5834215716431267,0.26086956521739135,0.4,0.0,A man working on a laptop computer with a Guinness poster on the wall behind him.,4.1831656220019795,21.207229195002583,1.4005989500001306,10.698632191997604,0.7949371809954755,2.1956060369993793,18,2896.54,996.02,630.02
526654,MiniCPM-v2.6-Q2_K,0.6065306595104567,0.5424975140322226,0.3547012814219109,5.480623191456283e-05,0.3931169173574253,0.6434599156118143,1.3699992782638357,0.19999999999999998,0.4,0.0,A man is eating hot dogs.,4.1831656220019795,19.913140422999277,1.38558550500602,10.693269691008027,0.8183398050023243,1.4221647969970945,8,2896.54,996.02,630.02
527215,MiniCPM-v2.6-Q2_K,0.388888888867284,0.33819977077792013,0.27783223331616935,0.2312446301793853,0.2841331957332404,0.4518518518518518,0.7113372874698103,0.16216216216216217,0.26666666666666666,0.14285714285714285,A person wearing shorts and a white shirt flies a kite on a beach on a sunny day.,4.1831656220019795,20.520599729992682,1.3233344869950088,10.27416760099004,0.7884307019994594,2.3024163379886886,20,2896.54,996.02,630.02
529522,MiniCPM-v2.6-Q2_K,0.916666666590278,0.816496580856592,0.6933612742872518,0.52169485997417,0.35544347173293367,0.6713836477987422,1.6362187800723205,0.3902439024390244,0.5,0.26666666666666666,Two surfers on boards riding a wave in a manmade wave pool,4.1831656220019795,20.846976298998925,1.3444562209915603,10.533580018993234,0.8159117080067517,1.8845068880036706,15,2896.54,996.02,630.02
531510,MiniCPM-v2.6-Q2_K,0.4999999999000002,0.33333333326481496,2.403749283336e-06,6.674094717574906e-09,0.2397933466385962,0.5669144981412639,0.3968568961923196,0.05714285714285715,0.125,0.0,Caption: Two army pharmacists prepare medication in a military pharmacy,4.1831656220019795,21.884781216998817,1.4571049290098017,10.876316696012509,0.8259587770007784,1.6970630120049464,13,2896.54,996.02,630.02
533039,MiniCPM-v2.6-Q2_K,0.545454545355372,0.23354968320493186,1.8232183582936018e-06,5.246341021824447e-09,0.10257832094722677,0.24629878869448185,0.22680062411576343,0.13333333333333333,0.36363636363636365,0.0,A view of benches overlooking a river near a trash can.,4.1831656220019795,21.824672745991847,1.4134631190099753,10.955690857997979,0.8131155909941299,1.705366624009912,13,2896.54,996.02,630.02
534894,MiniCPM-v2.6-Q2_K,0.555555555432099,0.37267799616455977,2.707217535406252e-06,7.583235671536399e-09,0.18228701419605883,0.41709401709401706,0.07628438332257839,0.0,0.0,0.0,A large carousel sitting idle on a sunny day.,4.1831656220019795,31.532059478005976,1.3216220769973006,17.31268237599579,0.7981115649890853,1.2563008409924805,11,2896.54,996.02,630.02
535135,MiniCPM-v2.6-Q2_K,0.7777777776049386,0.7637626156509446,0.5503212080184399,7.25979528935783e-05,0.32031965570908894,0.594541910331384,1.2493908681456336,0.2727272727272727,0.5454545454545454,0.0,A man is riding a wave on a surfboard.,4.1831656220019795,20.827374109998345,1.325785317007103,10.295852109993575,0.7849700750084594,1.378458135004621,12,2896.54,996.02,630.02
536343,MiniCPM-v2.6-Q2_K,0.6191984996446447,0.2991012912972992,2.493875876223122e-06,7.614310988684265e-09,0.2185582051928092,0.6587473002159828,0.5635919952698172,0.14285714285714285,0.33333333333333337,0.0,A tub sits empty in a bathroom.,4.1831656220019795,7.430581378997886,1.4318454930034932,3.66364685400913,0.8364898750005523,1.1684239939932013,9,2896.54,996.02,630.02
537069,MiniCPM-v2.6-Q2_K,0.7430381995735735,0.6552980968898172,0.4206832754429204,6.33783487450775e-05,0.31213554306172964,0.6587473002159828,1.2800488462410529,0.3478260869565218,0.5454545454545454,0.0,A boy swings a baseball bat outside.,4.1831656220019795,18.7630687970086,1.357474842996453,10.249274738001986,0.7878048160055187,1.0248437139962334,9,2896.54,996.02,630.02
538451,MiniCPM-v2.6-Q2_K,0.4043537730069712,0.31321108576120654,0.24593613250049928,4.164373080478205e-05,0.1899730597176456,0.3588235294117647,0.43655130988747726,0.15384615384615385,0.16666666666666669,0.0,An open red and white umbrella.,4.1831656220019795,7.0476384710054845,1.3422411119972821,3.467902246004087,0.8064978839975083,1.0510319680033717,8,2896.54,996.02,630.02
538925,MiniCPM-v2.6-Q2_K,0.7333333332844446,0.22886885409272903,1.5912680611708647e-06,4.28067442504204e-09,0.13610586011342155,0.3779429987608426,0.13794052192145792,0.10256410256410255,0.30769230769230765,0.0,A small room with a white bedspread and a patterned blanket on top of it.,4.1831656220019795,20.872195588002796,1.3503026620019227,10.479997556991293,0.8398967279936187,2.24055413500173,19,2896.54,996.02,630.02
540209,MiniCPM-v2.6-Q2_K,0.6666666665925927,0.4082482904156672,2.8768479129605314e-06,7.93688092500356e-09,0.19452587142679487,0.43493761140819964,0.6260445174759712,0.13793103448275862,0.3333333333333333,0.0,Chef in a commercial kitchen smiling at the camera.,4.1831656220019795,20.268940718000522,1.3280136730027152,10.287053970008856,0.7891332980070729,1.3462158589973114,11,2896.54,996.02,630.02
542676,MiniCPM-v2.6-Q2_K,0.5999999999400001,0.4472135954527522,2.9240177378852703e-06,7.730551756013783e-09,0.2516818327385709,0.6376306620209059,0.8378477742475261,0.14814814814814817,0.36363636363636365,0.0,A young woman lovingly pets a horse in a stable.,4.1831656220019795,21.926500294997822,1.410968677009805,10.652573775005294,0.8379502750030952,1.6644208840007195,13,2896.54,996.02,630.02
542934,MiniCPM-v2.6-Q2_K,0.6153846153372783,0.5063696835012589,0.41199124528264786,0.34389312173559355,0.2552958611797622,0.4699537750385208,1.0774221620031956,0.2352941176470588,0.30769230769230765,0.15384615384615383,A purple-toned photo of a kitchen with wooden cabinets and stainless steel appliances.,4.1831656220019795,20.03580741600308,1.353650621997076,10.230774412993924,0.78106778099027,2.0630183140019653,17,2896.54,996.02,630.02
546091,MiniCPM-v2.6-Q2_K,0.714285714234694,0.6629935440826179,0.4184296484325324,5.0800579426284976e-05,0.2900523098776294,0.4680306905370844,1.064028376698963,0.25806451612903225,0.5,0.0,A plate with a pizza on it sits on a table in a restaurant.,4.1831656220019795,7.39197905799665,1.3581790960015496,3.5570139799965546,0.8197523460112279,2.0610852420068113,16,2896.54,996.02,630.02
546687,MiniCPM-v2.6-Q2_K,0.6999999999300001,0.48304589148865984,0.3078191250401519,4.51801001750823e-05,0.3042881117758499,0.28328173374613,0.8115333006264767,0.22222222222222224,0.36363636363636365,0.0,A busy intersection in Japan with a train passing through,4.1831656220019795,7.299495364000904,1.4093813310028054,3.4438896399951773,0.7777458710042993,1.295361235999735,11,2896.54,996.02,630.02
547738,MiniCPM-v2.6-Q2_K,0.33333333331111115,0.21821789022092503,0.15415080047990368,2.3505204105206395e-05,0.14419107639778136,0.3319727891156462,0.3841304279318588,0.06896551724137931,0.16666666666666666,0.0,A man leans out the window of a train traveling through lush green tropical scenery.,4.1831656220019795,21.09731684200233,1.3772279580007307,10.604498872999102,0.8762193680013297,2.3825445649999892,17,2896.54,996.02,630.02
551304,MiniCPM-v2.6-Q2_K,0.7499999999375001,0.522232967821596,3.010067189268797e-06,7.419446626650234e-09,0.21374892493347533,0.3696969696969697,0.6570496892862777,0.0625,0.2222222222222222,0.0,A white toilet with a fancy design sits on a bathroom floor.,4.1831656220019795,20.485864896007115,1.3163429010019172,10.268473869000445,0.7870545779878739,1.6746498909924412,14,2896.54,996.02,630.02
551494,MiniCPM-v2.6-Q2_K,0.8571428570816327,0.6289709019864966,0.46245240143714167,5.4758571233914344e-05,0.40110373997432697,0.7683694891532541,1.7775747768483432,0.22857142857142856,0.5454545454545454,0.0,A young woman sitting on a chair holding a baby and a teddy bear,4.1831656220019795,20.342788312002085,1.3173530219937675,10.261648026003968,0.7828569049888756,1.817858189009712,16,2896.54,996.02,630.02
551896,MiniCPM-v2.6-Q2_K,0.7777777776913581,0.44095855179204096,3.0285343210043294e-06,8.248720005274413e-09,0.22038567493112948,0.5648148148148149,0.8442174968855805,0.16666666666666669,0.2857142857142857,0.0,A brown and black butterfly on a orange slice,4.1831656220019795,20.367018459000974,1.3469731299992418,10.273794263004675,0.7915294400008861,1.1334850800049026,10,2896.54,996.02,630.02
552612,MiniCPM-v2.6-Q2_K,0.4294155959203306,7.333667449130742e-09,2.0069170737182577e-11,1.1100972798838728e-12,0.1950576810114369,0.34205607476635513,0.6150933579408149,0.13793103448275862,0.3333333333333333,0.0,Sheep graze on green grass near trees.,4.1831656220019795,21.272191857002326,1.3396851449942915,10.429575167014264,0.8225877720105927,1.3763154220068827,11,2896.54,996.02,630.02
553353,MiniCPM-v2.6-Q2_K,0.6999999998600002,0.6236095643341374,0.4598206959660213,6.10473583446638e-05,0.21104075475374298,0.5,0.16595938299301055,0.125,0.28571428571428575,0.0,A man is showering himself with a bottle of alcohol.,4.1831656220019795,20.35132713499479,1.3309370960050728,10.262229603002197,0.7874996699974872,1.5319902850023936,13,2896.54,996.02,630.02
553931,MiniCPM-v2.6-Q2_K,0.3749999999062502,0.3273268352692345,0.2613789792168245,4.347208718216914e-05,0.1992646529554033,0.34923664122137404,0.23495485624075374,0.2857142857142857,0.5454545454545454,0.0,A variety of doughnuts displayed on a shelf.,4.1831656220019795,20.923475326999323,1.389261043004808,10.48976944599417,0.8019325500063132,1.3282006130029913,11,2896.54,996.02,630.02
554711,MiniCPM-v2.6-Q2_K,0.772184789568475,0.5404167775897939,0.3502191277858628,5.24735797611901e-05,0.3124941714164747,0.6535714285714286,1.1249455012442067,0.21428571428571427,0.5,0.0,A woman lies in bed using her laptop.,4.1831656220019795,20.68672650300141,1.333431090999511,10.39522083599877,0.7983477899979334,1.1725694560009288,10,2896.54,996.02,630.02
555012,MiniCPM-v2.6-Q2_K,0.6363636363057852,0.3567530339722843,0.2418230050265565,3.646285861547209e-05,0.3144177734505314,0.5417406749555951,0.5841057203237601,0.1739130434782609,0.25,0.28571428571428575,A toilet with white fixtures in a bathroom with white tiles.,4.1831656220019795,20.317992137002875,1.3179492899944307,10.22798941200017,0.7826306920032948,1.4713177860103315,13,2896.54,996.02,630.02
555705,MiniCPM-v2.6-Q2_K,0.6363636363057852,0.43693144871094447,0.2768182380309452,4.035278637033206e-05,0.26979444239969663,0.4803149606299213,1.2490537716314212,0.26666666666666666,0.5454545454545454,0.0,Two cats sit together with a pair of sneakers between them.,4.1831656220019795,19.522965329000726,1.3211951349949231,10.341037734993733,0.7892343870043987,1.5963830219989177,13,2896.54,996.02,630.02
556183,MiniCPM-v2.6-Q2_K,0.6666666665185187,0.4999999998854169,0.4149132665846075,0.33031643171962105,0.2539337228209686,0.5555555555555556,1.7248992223245834,0.1875,0.5,0.0,A creamy dish of noodles with broccoli and mushrooms.,4.1831656220019795,20.65526618900185,1.3510570650105365,10.734424597991165,0.8800469160050852,1.7176705170131754,11,2896.54,996.02,630.02
557923,MiniCPM-v2.6-Q2_K,0.5384615384201185,0.36689969282327245,0.23044502516602136,3.3260249502635095e-05,0.35230817648552143,0.44525547445255476,1.1032583383903503,0.3448275862068965,0.6153846153846154,0.0,A pair of people ride bicycles down a street near a parking lot.,4.1831656220019795,21.14654722699197,1.3399207270122133,10.572509498000727,0.8070194690080825,1.9759506120026344,15,2896.54,996.02,630.02
558539,MiniCPM-v2.6-Q2_K,0.4999999999000002,0.23570226034706615,1.907857070517686e-06,5.612222323072491e-09,0.14621409921671016,0.31881533101045295,0.5301499262816856,0.2727272727272727,0.4,0.0,A blue bus has its route displayed on the front.,4.1831656220019795,20.513454642990837,1.3206725130003178,10.287834433998796,0.7862693049974041,1.363814537995495,12,2896.54,996.02,630.02
560677,MiniCPM-v2.6-Q2_K,0.6666666665185187,0.40824829037030635,0.28768479126408814,4.463236136748592e-05,0.19097291792668583,0.3986928104575163,0.8731621435318025,0.25,0.30769230769230765,0.18181818181818182,A tennis player holding his racket after a match,4.1831656220019795,20.259893349008053,1.3187525380053557,10.236685176991159,0.7823793009883957,1.138740237991442,10,2896.54,996.02,630.02
562054,MiniCPM-v2.6-Q2_K,0.4412484511819858,7.458460118109875e-09,2.015054333953781e-11,1.0962279403155601e-12,0.0761904761904762,0.20469798657718125,0.2158228733891676,0.06666666666666667,0.16666666666666669,0.0,"Caption: ""Zebra pair on display in museum exhibit.""",4.1831656220019795,20.424786855990533,1.320157651003683,10.26395332699758,0.7832779449963709,1.511548281996511,13,2896.54,996.02,630.02
563015,MiniCPM-v2.6-Q2_K,0.772184789568475,0.6240195440321152,0.48565676148714715,0.37707945955236966,0.22763777454800005,0.5820610687022901,0.9312132347239852,0.13333333333333336,0.26666666666666666,0.0,A man with a stroller full of luggage.,4.1831656220019795,21.40954736400454,1.3869612790003885,10.442493355003535,0.793461903987918,1.2864890210039448,11,2896.54,996.02,630.02
563195,MiniCPM-v2.6-Q2_K,0.4285714285102042,0.18156825977420374,1.4005529696601378e-06,3.9753601756593914e-09,0.16379009024449345,0.34366197183098596,0.1412745924512451,0.0,0.0,0.0,A colorful train engine pulls a long line of freight cars through the countryside.,4.1831656220019795,20.648970428999746,1.319094213002245,10.321265987004153,0.7935368799953721,1.9723676470021019,16,2896.54,996.02,630.02
564120,MiniCPM-v2.6-Q2_K,0.4999999999166667,6.741998623483217e-09,1.6565038120703425e-11,8.430118944969443e-13,0.205586592178771,0.19551282051282048,0.5325617604032367,0.09999999999999999,0.28571428571428575,0.0,"Giraffe on the right, giraffe on the left, tree trunk in middle.
",4.1831656220019795,20.25773761799792,1.3381794140004786,10.29564011200273,0.7909650740039069,2.2344410680088913,19,2896.54,996.02,630.02
564816,MiniCPM-v2.6-Q2_K,0.8999999999100001,0.7071067811119086,0.3968502629475882,5.46632556899092e-05,0.2849472659820329,0.5669144981412639,1.0211116440257142,0.5,0.6,0.3636363636363636,A green bathroom with a white bathtub and green tiles.,4.1831656220019795,20.791497643003822,1.362562873007846,10.625084830011474,0.8217948060046183,1.6214696669921977,12,2896.54,996.02,630.02
564940,MiniCPM-v2.6-Q2_K,0.6666666666222223,0.43643578044185,0.2446991428435391,3.324137843193063e-05,0.31677769294806873,0.44202898550724634,0.8935997380124137,0.22222222222222224,0.28571428571428575,0.0,Two white teddy bears sitting together wearing black shirts with a red design on them.,4.1831656220019795,20.923872461004066,1.3228299759939546,10.328610696000396,0.7939524499961408,2.0770373800041853,18,2896.54,996.02,630.02
565031,MiniCPM-v2.6-Q2_K,0.714285714234694,0.5241424183220805,0.35775231709800853,4.516881220590474e-05,0.2599562786516057,0.543026706231454,0.7326063652886462,0.25641025641025644,0.3529411764705882,0.0,A construction site in China with a crane and a blue sky behind it.,4.1831656220019795,20.776661288997275,1.3661996669979999,10.49468265500036,0.7870458459947258,1.8428198189940304,16,2896.54,996.02,630.02
565043,MiniCPM-v2.6-Q2_K,0.6514390573449302,0.5946797775724535,0.5170475224473052,0.4606369749567116,0.4153072792747774,0.7981308411214955,2.02953060200035,0.3,0.5714285714285715,0.2222222222222222,A man eating a slice of pizza.,4.1831656220019795,21.06768716700026,1.3529542309988756,10.444731996001792,0.8074661349965027,1.142568762996234,9,2896.54,996.02,630.02
565239,MiniCPM-v2.6-Q2_K,0.19999999996000015,4.714045206941321e-09,1.4057211085381864e-11,7.936880924342154e-13,0.13999971135327943,0.22676579925650556,1.9046934748020963e-07,0.0625,0.13333333333333336,0.0,A child runs toward another child holding a green container.,4.1831656220019795,6.76169394000317,1.3258138870005496,3.4026291070040315,0.784922627004562,1.3578011180070462,12,2896.54,996.02,630.02
567315,MiniCPM-v2.6-Q2_K,0.7499999998750001,0.36927447287505377,2.3890919111710343e-06,6.238986070996532e-09,0.20871597534021144,0.4149659863945578,0.5048138899780745,0.24242424242424243,0.5454545454545454,0.18181818181818182,A train with multiple cars is on a track through the countryside.,4.1831656220019795,21.522013844005414,1.398584333001054,10.565601760987192,0.8393980160035426,1.7443807730014669,14,2896.54,996.02,630.02
567432,MiniCPM-v2.6-Q2_K,0.5971094252791215,0.29252268250319813,2.4840753121332403e-06,7.778610910179157e-09,0.21227720179433104,0.41924398625429554,0.4686111976798084,0.1935483870967742,0.3333333333333333,0.0,A red jet plane in flight.,4.1831656220019795,20.603802644996904,1.3227257569960784,10.737964978994569,0.842704941998818,0.9883377150108572,8,2896.54,996.02,630.02
570528,MiniCPM-v2.6-Q2_K,0.8749999997812503,0.7905694148373941,0.6786044039656115,0.49999999985818483,0.4730982021613366,0.75,2.131239385428875,0.47619047619047616,0.5714285714285715,0.4,A brown cat sits in a white bowl.,4.1831656220019795,19.348919967000256,1.3172402499913005,10.315999344995362,0.7843411459907657,1.1326878660038346,10,2896.54,996.02,630.02
571596,MiniCPM-v2.6-Q2_K,0.36363636360330587,0.2696799449595548,2.006711459493951e-06,5.637560314657452e-09,0.14272691792682538,0.28818897637795277,0.2583134606501707,0.13333333333333333,0.36363636363636365,0.0,A bathroom with white fixtures and tan tile floors and walls.,4.1831656220019795,20.497419519000687,1.3256351250020089,10.234920657996554,0.7876126110058976,1.6242715889966348,13,2896.54,996.02,630.02
572477,MiniCPM-v2.6-Q2_K,0.692307692254438,0.4160251471355866,0.25058139742168917,3.5416987658331314e-05,0.2756815670451436,0.44525547445255476,0.6363420154856188,0.2758620689655173,0.3333333333333333,0.0,A young man throws a tennis ball into the air in a park.,4.1831656220019795,6.834080942004221,1.390897347999271,3.4487811619910644,0.7848966760066105,1.766121059001307,15,2896.54,996.02,630.02
573759,MiniCPM-v2.6-Q2_K,0.6428571428112246,0.49724515806196345,0.3953912414701941,0.32559641259377137,0.37776492113624294,0.7240356083086054,1.4494865788029219,0.3846153846153846,0.6666666666666665,0.4444444444444444,A man wearing a grey shirt is sitting in a boat with two dogs.,4.1831656220019795,7.482253967988072,1.5863836399948923,3.886938238996663,0.7903988120087888,2.1142073909868486,16,2896.54,996.02,630.02
577149,MiniCPM-v2.6-Q2_K,0.8999999998200003,0.774596669082261,0.6694329499402253,0.5410822689350413,0.4149212567965981,0.7867342238599723,2.1658650264590125,0.4137931034482759,0.6666666666666666,0.18181818181818182,A group of zebras on a dirt road near trees.,4.1831656220019795,18.792168048006715,1.3181473589938832,10.306397298001684,0.7910750029986957,1.4898120379948523,13,2896.54,996.02,630.02
577826,MiniCPM-v2.6-Q2_K,0.3715190997867868,0.23168286400471463,2.103416377214603e-06,6.701444468735928e-09,0.18707082360884067,0.2634989200863931,0.32282344400434704,0.08333333333333334,0.2,0.0,Two men on skateboards filming each other.,4.1831656220019795,20.765857553997193,1.3750949440000113,10.450833241004148,0.8048789800086524,1.181027496990282,10,2896.54,996.02,630.02
578227,MiniCPM-v2.6-Q2_K,0.6441233938804958,0.284031718971068,2.2973465579087438e-06,6.908501452699718e-09,0.27792951493076457,0.5341506129597198,0.759045240212801,0.3076923076923077,0.5454545454545454,0.25,A kid playing Frisbee in a park.,4.1831656220019795,21.231151383995893,1.3475130639999406,10.803124974991078,0.8037889830011409,1.5545944470068207,11,2896.54,996.02,630.02
581206,MiniCPM-v2.6-Q2_K,0.4999999999642858,0.277350098092042,0.18576267964549759,2.7629350708394213e-05,0.17584626353789387,0.3270777479892761,0.2761602448107271,0.04878048780487805,0.10526315789473684,0.0,A couple of hotdogs in a box with a lot of veggies on top.,4.1831656220019795,21.98235656299221,1.3602400189993205,10.948367008008063,0.7887521869997727,1.9793851819995325,17,2896.54,996.02,630.02
