image_id,model,Bleu_1,Bleu_2,Bleu_3,Bleu_4,METEOR,ROUGE_L,CIDEr,SPICE All,SPICE Obj,SPICE Rel,caption,t_load,t_embed,t_sys,t_img,t_usr,t_sample,tokens,mem_llm,mem_clip,mem_compute
1,MiniCPM-v2.6-Q5_K,0.7777777776049386,0.5400617247435577,0.3466806370930039,5.133450479131077e-05,0.39950679600690714,0.639412997903564,1.2161455803844605,0.08602150537634408,0.23076923076923078,0.0,Two men standing near a red and white plane.,1.3613043340010336,7.1097492830012925,1.8809996899999533,4.7576023359997635,1.0780842889998894,1.7972246370009088,11,5184.87,996.02,630.02
2,MiniCPM-v2.6-Q5_K,0.9999999996666668,0.9999999996500001,0.793700525688667,0.00011362193660082777,0.3437037968486546,0.8333333333333334,0.8945438421346725,0.0851063829787234,0.18181818181818182,0.07142857142857142,A small plane in the air.,1.3613043340010336,6.599923719000799,1.8010681060004572,4.66524154400031,1.0542307369978516,1.208704911001405,8,5184.87,996.02,630.02
4,MiniCPM-v2.6-Q5_K,0.9999999998000004,0.9428090413882642,0.9196413919320425,0.8164965807483078,0.4851599111297226,0.9,1.5180691351956388,0.07692307692307691,0.24000000000000002,0.0,A fighter jet parked in front of a modern building.,1.3613043340010336,6.8864647219998005,1.8594777609996527,4.741553947000284,1.0946112310011813,2.0002805269996315,12,5184.87,996.02,630.02
5,MiniCPM-v2.6-Q5_K,0.9999999996000004,0.8660254034163782,0.6299605246569553,0.00010573712628898506,0.22580645161290325,0.5907990314769976,0.4480387806255964,0.055045871559633024,0.12121212121212122,0.047619047619047616,A plane at an airport.,1.3613043340010336,6.583635494998816,1.8096626400001696,4.674060826999266,1.0595017499999813,1.0524603339999885,7,5184.87,996.02,630.02
6,MiniCPM-v2.6-Q5_K,0.9999999997500004,0.9999999997410718,0.9410360286270985,0.8408964150152106,0.4507435329946623,0.8798076923076923,1.1840253124991975,0.06666666666666667,0.16,0.0,A large airplane taking off from a runway.,1.3613043340010336,6.772877982000864,1.780490760000248,4.708692383001107,1.058822147999308,1.4960844420002104,10,5184.87,996.02,630.02
7,MiniCPM-v2.6-Q5_K,0.9230769230059173,0.7337993856465449,0.6255240359673047,0.5205510362596439,0.32202878263297363,0.583359897991712,0.5089260302231127,0.07407407407407407,0.19999999999999998,0.0,Three airplanes are flying over a city and leaving a trail of smoke.,1.3613043340010336,6.80547420000039,1.7852726239998447,4.709868318999725,1.0670679360009672,2.2446592680007598,15,5184.87,996.02,630.02
8,MiniCPM-v2.6-Q5_K,0.9999999999166668,0.9534625891625256,0.8601386274585894,0.7292571723170379,0.45145787499651424,0.7735507246376813,1.2257183862421885,0.1621621621621622,0.1904761904761905,0.08695652173913045,A large white and green plane is taking off from a runway.,1.3613043340010336,6.7827279009998165,1.802316470999358,4.702925416999278,1.0553200690010272,2.110261530999196,14,5184.87,996.02,630.02
10,MiniCPM-v2.6-Q5_K,0.9999999998333334,0.9999999998295456,0.9999999998252527,0.9391044155850221,0.3964420333465623,0.7088313413014609,1.327020715547917,0.08571428571428572,0.2424242424242424,0.029411764705882356,A small dock with a plane and a boat in the water.,1.3613043340010336,6.899507665999408,1.8133817910002108,4.774280742998599,1.077275377998376,2.2324383089999174,14,5184.87,996.02,630.02
11,MiniCPM-v2.6-Q5_K,0.9999999996666668,0.8944271906868665,0.5848035474248966,9.036020032446394e-05,0.34740942124037694,0.7587064676616916,0.4155088006873697,0.12195121951219512,0.1904761904761905,0.07142857142857142,A large commercial jet in flight.,1.3613043340010336,7.012545052999485,1.9338982600002055,4.836651503999747,1.0956732409995311,1.2802561109983799,8,5184.87,996.02,630.02
15,MiniCPM-v2.6-Q5_K,0.8888888886913584,0.7453559923291194,0.54144350708125,7.171781505449112e-05,0.4012418472305154,0.8323586744639376,1.3258470840898076,0.05882352941176471,0.1904761904761905,0.0,A large Das Air Cargo jetliner on a runway.,1.3613043340010336,6.814636572000381,1.7829388369991648,4.667283139000574,1.0490012749996822,1.890407820001201,12,5184.87,996.02,630.02
17,MiniCPM-v2.6-Q5_K,0.9999999998000004,0.9428090413882642,0.7631428282070738,8.926472273745139e-05,0.4076170520955832,0.7936802973977695,0.6951270910671404,0.16666666666666669,0.2222222222222222,0.10526315789473684,"A small, white and black airplane is on a tarmac.",1.3613043340010336,6.942154647998905,1.753076279999732,4.6518469889997505,1.0664851290002844,2.1435979359994235,14,5184.87,996.02,630.02
20,MiniCPM-v2.6-Q5_K,0.9999999997777782,0.8660254035859749,0.7539474409501415,0.6147881527990924,0.41934342170739364,0.8299319727891156,1.240220692796243,0.14285714285714288,0.2857142857142857,0.0,A colorful old propeller plane flying in the sky.,1.3613043340010336,7.180177584001285,1.8745452610000939,4.7545537980004156,1.0907700040006603,1.9389415139994526,12,5184.87,996.02,630.02
23,MiniCPM-v2.6-Q5_K,0.7333333332844446,0.6055300707776881,0.483202704584941,0.3703046833542859,0.46517206354710183,0.7360482654600301,0.42649100167869847,0.13186813186813187,0.2608695652173913,0.0,A white Air Pacific plane with a rainbow colored tail is parked on a runway.,1.3613043340010336,6.799528596002347,1.7877740260009887,4.669808104001277,1.0549395070011087,2.648374443000648,17,5184.87,996.02,630.02
28,MiniCPM-v2.6-Q5_K,0.9999999996666668,0.9999999996500001,0.9085602960778836,0.0001257433429174723,0.343326080651129,0.7587064676616916,1.0805968236027816,0.0898876404494382,0.25,0.07142857142857142,A CSA airplane in the sky.,1.3613043340010336,6.798940104999929,1.7779002450006374,4.673142113999347,1.0694364579994726,1.259797084998354,8,5184.87,996.02,630.02
29,MiniCPM-v2.6-Q5_K,0.9999999997500004,0.9999999997410718,0.8735804645005713,0.7952707285414876,0.5002021190341429,0.875,1.193215224382636,0.06666666666666667,0.14285714285714288,0.0,A propeller airplane is parked on a runway.,1.3613043340010336,6.7962099720007245,1.790096867000102,4.677759445999982,1.0583618130003742,1.6677271879998443,11,5184.87,996.02,630.02
30,MiniCPM-v2.6-Q5_K,0.9999999998333334,0.9534625890830704,0.817057940500465,0.5900468725332663,0.3050549335945485,0.5865384615384615,0.3632008371097833,0.10810810810810811,0.2666666666666667,0.03846153846153846,A group of men stand around a large airplane on the runway.,1.3613043340010336,8.01528881000013,2.108940000000075,5.857610131999536,1.2839968919997773,2.2115177319992654,14,5184.87,996.02,630.02
31,MiniCPM-v2.6-Q5_K,0.9999999997142859,0.9128709289035893,0.5503212079770202,8.034284186773209e-05,0.3559107285656543,0.5700934579439253,1.2972464303128581,0.07692307692307693,0.25,0.0,A plane flies against a sunset sky.,1.3613043340010336,6.22140255100021,1.7784260469998117,4.695107412999278,1.0622054320010648,1.3932820449990686,9,5184.87,996.02,630.02
32,MiniCPM-v2.6-Q5_K,0.9090909089256201,0.6030226890431458,0.4323328780825247,0.3170233137896791,0.43071488473617514,0.6944971537001898,0.5443200677194371,0.07936507936507937,0.21621621621621626,0.0,Two planes performing tricks and leaving smoke trails in the sky.,1.3613043340010336,6.827974383000765,1.778729386998748,4.686011527001028,1.0726223120000213,1.994847859001311,13,5184.87,996.02,630.02
34,MiniCPM-v2.6-Q5_K,0.999999999818182,0.948683297873714,0.8434326651401625,0.6887246538622938,0.345150396937156,0.7395219951506755,0.4918238361258186,0.05405405405405406,0.19999999999999998,0.0,A plane in the sky with smoke coming out of it.,1.3613043340010336,6.956148074999874,1.765540554000836,4.697640442000193,1.090933686000426,2.092155153000931,13,5184.87,996.02,630.02
35,MiniCPM-v2.6-Q5_K,0.9090909089256201,0.7385489457383579,0.6235319076442863,0.5491004866675752,0.3946343248134508,0.6851366529389742,0.5846464383177739,0.1111111111111111,0.1904761904761905,0.0,A white JAL Japan Airlines airplane is parked at the gate.,1.3613043340010336,6.8084052319991315,1.7804461650011945,4.670801816000676,1.0595794650016614,2.2173497219991987,14,5184.87,996.02,630.02
38,MiniCPM-v2.6-Q5_K,0.8333333330555557,0.7071067809390603,0.6299605247129515,0.5372849656946186,0.36352335336458697,0.6666666666666666,1.5531668133927967,0.07407407407407407,0.18181818181818182,0.0625,A silver airplane in a museum.,1.3613043340010336,6.626523916998849,1.7811248720026924,4.657562362997851,1.0903722969997034,1.1979238710009668,8,5184.87,996.02,630.02
41,MiniCPM-v2.6-Q5_K,0.7647058823079586,0.5784106011207107,0.3546530846991464,4.224942446953579e-05,0.30679408948584236,0.5200974421437271,0.08786721335187203,0.10687022900763359,0.2352941176470588,0.03278688524590164,A couple of small airplanes parked on a grassy field next to a calm body of water.,1.3613043340010336,6.777544216000024,1.8122791239984508,4.672537327998725,1.0537782999999763,3.0039235599997482,20,5184.87,996.02,630.02
42,MiniCPM-v2.6-Q5_K,0.9999999999411765,0.9682458364931188,0.9085602963591365,0.8091067115177469,0.39630579122456483,0.7879440258342303,0.4464909187116922,0.11320754716981131,0.2222222222222222,0.08955223880597014,A grey jet with a picture of a woman on the tail is parked on a runway.,1.3613043340010336,6.722596137000437,1.812332282999705,4.671890425999663,1.0549934919999941,2.932072793999396,19,5184.87,996.02,630.02
43,MiniCPM-v2.6-Q5_K,0.9999999998000004,0.816496580759891,0.5503212080324162,0.3928146508141954,0.4313745852362142,0.6376306620209059,0.828212136164409,0.10256410256410256,0.21052631578947367,0.07142857142857142,A large commercial jet is taking off from a runway.,1.3613043340010336,6.8212854039993545,1.7540733639998507,4.648343466998995,1.082620422999753,1.8495418330003304,12,5184.87,996.02,630.02
46,MiniCPM-v2.6-Q5_K,0.9999999997500004,0.9258200995328305,0.8298265331423224,0.5814307368033079,0.4443438716486749,0.9446902654867256,1.0969533515701915,0.08602150537634408,0.13793103448275862,0.0,A red plane flies low over a city.,1.3613043340010336,6.928683495998484,1.7903160419991764,4.78085126300175,1.077761611000824,1.5419870839996292,10,5184.87,996.02,630.02
47,MiniCPM-v2.6-Q5_K,0.9999999996666668,0.9999999996500001,0.999999999627778,0.9999999995958335,0.8999999999999999,0.9104477611940297,2.1529237492251583,0.05633802816901409,0.18181818181818182,0.0,A plane flying in the sky.,1.3613043340010336,6.776444633998835,1.7720027640007174,4.651881268999205,1.0820551900014834,1.2054054629988968,8,5184.87,996.02,630.02
48,MiniCPM-v2.6-Q5_K,0.8333333331944446,0.7784989440288245,0.6716793860966113,0.5094110795424376,0.4687804647437577,0.6541053921568627,0.417809384549525,0.10619469026548672,0.20689655172413793,0.08695652173913045,A large airplane is on the runway with a small vehicle nearby.,1.3613043340010336,6.950766048998048,1.7709085259994026,4.669502807002573,1.0577549019981234,2.217054441000073,14,5184.87,996.02,630.02
49,MiniCPM-v2.6-Q5_K,0.9999999997777782,0.9999999997708338,0.8939035348843251,0.6985342054851089,0.4402765439821681,0.7907407407407409,1.311116205644986,0.10869565217391304,0.15384615384615385,0.05555555555555556,A red and white airplane flying over a mountain.,1.3613043340010336,6.819081792000361,1.7751742260006722,4.670281311000508,1.0555833430007624,1.6510897719999775,11,5184.87,996.02,630.02
50,MiniCPM-v2.6-Q5_K,0.7931034482485136,0.5049020779878899,0.26629326500654854,2.919287044472164e-05,0.21140788110814449,0.34186437511675694,0.008376126421341687,0.0837696335078534,0.16,0.0,A small boy wearing a green striped hat and a pink sweater is holding a white plastic bag. There are several silver metal containers in the dirt around him.,1.3613043340010336,6.902616821000265,1.7508104749995255,4.650791021000259,1.0520987340005377,4.937362704000407,32,5184.87,996.02,630.02
51,MiniCPM-v2.6-Q5_K,0.9333333332711112,0.8944271909381579,0.8212266757075897,0.6930977285661812,0.4901985082935962,0.742393509127789,1.5412849065515397,0.12173913043478261,0.26666666666666666,0.08108108108108107,A man is sitting on a bench near the ocean with a bicycle and camera.,1.3613043340010336,6.818307511000967,1.7806358569996519,4.705571778000376,1.0528395889996318,2.5429909380000026,17,5184.87,996.02,630.02
54,MiniCPM-v2.6-Q5_K,0.8461538460887575,0.7025594234729492,0.5640849043939263,0.4817133384134023,0.38842298401584413,0.6805865476569971,0.5444251779457057,0.055045871559633024,0.12903225806451613,0.044444444444444446,A woman in sunglasses is riding a bike on a large concrete surface.,1.3613043340010336,6.94047622799917,1.7589294589997735,4.642779789000997,1.0502990630011482,2.2547539789993607,15,5184.87,996.02,630.02
56,MiniCPM-v2.6-Q5_K,0.9999999997142859,0.9999999997023811,0.9283177664322725,0.7952707285024341,0.33175770738528076,0.7666527021365731,1.4001908106289234,0.09638554216867469,0.2222222222222222,0.04545454545454545,A girl with a helmet is smiling.,1.3613043340010336,6.7657025560001784,1.7762407130012434,4.717056481998952,1.0580278710003768,1.360913504000564,9,5184.87,996.02,630.02
58,MiniCPM-v2.6-Q5_K,0.9999999997500004,0.9258200995328305,0.8298265331423224,0.6914415690877681,0.529059933593805,0.8026315789473684,0.7048310936813323,0.0851063829787234,0.2857142857142857,0.05555555555555556,A cyclist riding his bike in a race.,1.3613043340010336,6.821914428999662,1.7834393919983995,4.686596837000252,1.062324301999979,1.4996155379994889,10,5184.87,996.02,630.02
63,MiniCPM-v2.6-Q5_K,0.9999999997777782,0.7071067810245025,0.5984084804464933,0.5169731538292097,0.3405283780037049,0.594541910331384,0.33328128110953137,0.05555555555555555,0.2222222222222222,0.0,Three people on bikes are riding down the street.,1.3613043340010336,6.664799881998988,1.7884582739989128,4.690603683000518,1.073944019000919,1.7045885650004493,11,5184.87,996.02,630.02
64,MiniCPM-v2.6-Q5_K,0.9999999997142859,0.9999999997023811,0.9283177664322725,0.668740304753907,0.4542475463253628,0.842929525564256,1.3958917134751205,0.1142857142857143,0.25,0.125,People ride their bicycles across a bridge.,1.3613043340010336,6.804152061000423,1.7778801919994294,4.690300715999911,1.055130344000645,1.3447148710001784,9,5184.87,996.02,630.02
65,MiniCPM-v2.6-Q5_K,0.7999999998400004,0.6666666665296299,0.4807498566671996,6.311969076838888e-05,0.24944680101220723,0.5865384615384615,0.2618722946886579,0.031496062992125984,0.0975609756097561,0.0,A bike on a stand with a light on top.,1.3613043340010336,6.641867252001248,1.7755848189990502,4.667698952000137,1.0567339219996938,1.9171780080014287,12,5184.87,996.02,630.02
66,MiniCPM-v2.6-Q5_K,0.9166666665138891,0.912870929019674,0.8735804645836431,0.7377879463343215,0.3297182051753003,0.6939704209328782,0.786111774381971,0.06666666666666668,0.14634146341463414,0.022727272727272724,A man on a cell phone next to a bike and flowers.,1.3613043340010336,7.041688525001518,1.8355262829991261,4.894247565000114,1.1169586020005227,2.3769810479989246,14,5184.87,996.02,630.02
67,MiniCPM-v2.6-Q5_K,0.9999999997142859,0.9999999997023811,0.9283177664322725,0.7952707285024341,0.4996193377772159,0.9360613810741688,0.6816659284203657,0.09876543209876544,0.19999999999999998,0.05882352941176471,A silver bike parked by a table.,1.3613043340010336,6.951317138999002,1.7759380040006363,4.686557037999592,1.067095213000357,1.3834824229998048,9,5184.87,996.02,630.02
69,MiniCPM-v2.6-Q5_K,0.9999999997777782,0.8660254035859749,0.7539474409501415,0.6803749331487142,0.3746428721743729,0.7907407407407409,0.877436004789697,0.05660377358490566,0.2222222222222222,0.0,A girl riding a bike with one leg up.,1.3613043340010336,6.789329563000138,1.776837560999411,4.682085393000307,1.0517247700008738,1.7489561770016735,11,5184.87,996.02,630.02
76,MiniCPM-v2.6-Q5_K,0.9999999996666668,0.9999999996500001,0.999999999627778,0.9999999995958335,1.0,1.0,1.0580875472049605,0.10526315789473684,0.23076923076923078,0.13793103448275862,A bicycle in black and white.,1.3613043340010336,5.940323863000231,1.7796640369997476,4.6584079029998975,1.083979138000359,1.3389848170008918,8,5184.87,996.02,630.02
77,MiniCPM-v2.6-Q5_K,0.9090909089256201,0.8528028652635105,0.7856009757221424,0.6529942055965371,0.33982400192269363,0.7534998627504803,0.5665771037136723,0.0909090909090909,0.24,0.06349206349206349,A cyclist rides past a car with bikes on the roof.,1.3613043340010336,6.632234742999572,1.7946654570005194,4.688725149000675,1.0615784149995307,1.948517578002793,13,5184.87,996.02,630.02
78,MiniCPM-v2.6-Q5_K,0.8333333331944446,0.5504818824693483,3.1176595382739197e-06,7.6174723693437e-09,0.2662078319105207,0.5350877192982456,0.1603514630121454,0.0784313725490196,0.12903225806451613,0.0,A professional road bike racer is in full form on the bike.,1.3613043340010336,6.844369644000835,1.7765022259991383,4.711648229000275,1.0563953510009014,2.101766007999686,14,5184.87,996.02,630.02
80,MiniCPM-v2.6-Q5_K,0.9999999997500004,0.9999999997410718,0.9410360286270985,0.9036020033535557,0.4877489542449111,0.875,0.9818140172439803,0.08080808080808081,0.24000000000000002,0.0,A man riding a bicycle across a street.,1.3613043340010336,8.027927098999498,2.227881263999734,5.864225002000239,1.3919658069989964,1.5835657500010711,10,5184.87,996.02,630.02
81,MiniCPM-v2.6-Q5_K,0.9999999997777782,0.9999999997708338,0.9999999997625665,0.9036020033861858,0.9052631578947371,1.0,2.463079303276344,0.09900990099009901,0.2727272727272727,0.04545454545454545,A little boy riding his bike in the snow.,1.3613043340010336,22.2507818590002,1.8761176509997313,14.77835030300048,1.1041884969999956,1.8461452649989951,11,5184.87,996.02,630.02
82,MiniCPM-v2.6-Q5_K,0.8333333331944446,0.728219081130291,0.6424382212448114,0.5859059369098998,0.4602226994541599,0.7261904761904763,1.0687731415449773,0.08888888888888889,0.2608695652173913,0.0392156862745098,A person wearing a helmet is riding a bike through the woods.,1.3613043340010336,6.0483175389999815,1.7808697510008642,4.67660328599959,1.0622530439995899,2.187302634001753,14,5184.87,996.02,630.02
88,MiniCPM-v2.6-Q5_K,0.9999999997777782,0.9999999997708338,0.9499142513674551,0.8091067113699516,0.4938970503068218,0.7393939393939394,1.3196198271983994,0.13333333333333333,0.35294117647058826,0.13333333333333333,A bicycle parked by a tree on a sidewalk.,1.3613043340010336,6.614413072999014,1.7866278540004714,4.698849699998391,1.0569610559996363,1.6528476940002292,11,5184.87,996.02,630.02
89,MiniCPM-v2.6-Q5_K,0.6249999998437503,0.5175491693727575,0.35474585289687116,5.4663255680950514e-05,0.38213572961786046,0.5446428571428571,0.27290344894851226,0.22950819672131148,0.4,0.16,A man checks the handlebars of his bike.,1.3613043340010336,6.765769763000208,1.7575127519994567,4.700847715999771,1.0521643179999955,1.6801036590004514,11,5184.87,996.02,630.02
90,MiniCPM-v2.6-Q5_K,0.4999999998750002,0.37796447291136165,0.2876847912547651,4.6713797759570566e-05,0.19249259631867535,0.43990384615384615,0.1856873141830675,0.04123711340206186,0.07999999999999999,0.0,A silver bike with its front wheel removed.,1.3613043340010336,6.664160432999779,1.7938609170014388,4.730695621999985,1.0590818919990852,1.5006923250002728,10,5184.87,996.02,630.02
91,MiniCPM-v2.6-Q5_K,0.9999999997142859,0.9999999997023811,0.9999999996873018,0.9999999996672622,0.3792841923979475,0.7334669338677354,0.9395594939255869,0.09345794392523364,0.23076923076923078,0.06779661016949151,People are riding bikes on a bridge.,1.3613043340010336,6.750050684000598,1.7792022350004117,4.702323437999439,1.045573658999274,1.3562576690001151,9,5184.87,996.02,630.02
93,MiniCPM-v2.6-Q5_K,0.7272727271404961,0.5393598898700768,0.31854558815077505,4.483386699498255e-05,0.2693880923282191,0.5169491525423728,0.3299031450063247,0.05442176870748299,0.1714285714285714,0.0,"Two men in jackets, each with a bicycle, carrying sheep carcasses.",1.3613043340010336,6.812606359000711,1.7740796460002457,4.677428520999456,1.0964602999993076,2.396957848000966,16,5184.87,996.02,630.02
94,MiniCPM-v2.6-Q5_K,0.8333333330555557,0.7071067809390603,4.999999998138894e-06,1.428720214271959e-08,0.4035028092615153,0.9242424242424241,0.513058169210818,0.05555555555555555,0.2666666666666667,0.0,A man on a red bike.,1.3613043340010336,6.604076065001209,1.8084654529993713,4.701240092999797,1.0650719160003064,1.200458494000486,8,5184.87,996.02,630.02
98,MiniCPM-v2.6-Q5_K,0.9999999997777782,0.790569414860923,0.44695176744216264,6.210944974110337e-05,0.36189176214038915,0.6256410256410255,0.4348353968431418,0.08,0.25,0.0,A person rides a bicycle over a brick sidewalk.,1.3613043340010336,6.603785334998975,1.753741959000763,4.706313213999238,1.05664210300165,1.6499746679983218,11,5184.87,996.02,630.02
103,MiniCPM-v2.6-Q5_K,0.9999999996000004,0.8660254034163782,0.6299605246569553,0.00010573712628898506,0.3899751238121113,0.8944281524926685,0.5966250004621256,0.04819277108433735,0.19999999999999998,0.0,A duck in the water.,1.3613043340010336,6.0574674119998235,1.776101714998731,4.657625081999868,1.073790263999399,1.0892171270006656,7,5184.87,996.02,630.02
105,MiniCPM-v2.6-Q5_K,0.7999999998400004,0.5962847938773745,0.44628863329348356,0.3356891924299591,0.34532486572308,0.7854077253218884,0.6822025404902878,0.061855670103092786,0.14814814814814814,0.037037037037037035,A bird with its wings spread is flying over water.,1.3613043340010336,6.85794690900002,1.7897836250012915,4.700062887999593,1.0456189460001042,1.8120323979983368,12,5184.87,996.02,630.02
106,MiniCPM-v2.6-Q5_K,0.9999999998000004,0.8819171035069142,0.7862823298860349,0.6756000772550598,0.47818557763226704,0.9070631970260222,1.6040774084919804,0.16901408450704225,0.25,0.0625,A red and gray bird perched on a tree branch.,1.3613043340010336,20.449113881999438,1.7731017650003196,14.240596343999641,1.0704086770001595,1.968358095999065,13,5184.87,996.02,630.02
107,MiniCPM-v2.6-Q5_K,0.9999999997142859,0.9999999997023811,0.9999999996873018,0.9999999996672622,0.92,0.9104477611940297,1.8724088512274522,0.046511627906976744,0.17391304347826084,0.0,A duck cleaning itself in a pond.,1.3613043340010336,6.773839596000471,1.809150717999728,4.677511309999318,1.0536037149995536,1.349056353999913,9,5184.87,996.02,630.02
109,MiniCPM-v2.6-Q5_K,0.8571428570204084,0.7262730390968146,0.6034799806125941,0.44710186185784817,0.3584945317870707,0.6335311572700296,0.20366663126277854,0.08130081300813007,0.1714285714285714,0.034482758620689655,A white stork is standing on a wooden plank near a body of water.,1.3613043340010336,6.716192714999124,1.8037460510004166,4.658641830999841,1.0814136609988054,2.784454917000403,17,5184.87,996.02,630.02
114,MiniCPM-v2.6-Q5_K,0.9999999997500004,0.9258200995328305,0.753947440925708,0.5410822689004724,0.4624729186116237,0.8097345132743362,2.1872506836916883,0.0851063829787234,0.2222222222222222,0.05555555555555555,A group of birds are inside a cage.,1.3613043340010336,19.35770976999993,1.7757634539993887,14.100533946999349,1.061536242999864,1.5262076090002665,10,5184.87,996.02,630.02
120,MiniCPM-v2.6-Q5_K,0.9999999997500004,0.9999999997410718,0.8735804645005713,0.7952707285414876,0.47605772918811057,0.875,3.296277508523287,0.16129032258064516,0.2857142857142857,0.07142857142857142,A brown bird perched on a bird feeder.,1.3613043340010336,22.278999189000388,1.979262058999666,14.89527529299994,1.134586076999767,1.9725215890011896,11,5184.87,996.02,630.02
122,MiniCPM-v2.6-Q5_K,0.7272727271404961,0.6030226890431458,0.4948976030651392,0.4172261447786801,0.35077171145796165,0.6500888099467139,0.3607957085389293,0.04705882352941176,0.13793103448275862,0.0,A large white and brown bird is sitting on a branch.,1.3613043340010336,7.1803300520005,1.8877982919984788,5.196871549000207,1.1034437830003299,2.3911941679998563,13,5184.87,996.02,630.02
123,MiniCPM-v2.6-Q5_K,0.8333333330555557,0.5773502689875534,4.367902322055668e-06,1.2909944482140289e-08,0.2465391803986196,0.5865384615384615,0.46173557350901256,0.029411764705882353,0.09090909090909091,0.0,A bird soars over the treetops.,1.3613043340010336,7.089307549000296,1.7791868029999023,4.687036548999458,1.0819922089995089,1.6916921439988073,11,5184.87,996.02,630.02
125,MiniCPM-v2.6-Q5_K,0.9999999996666668,0.9999999996500001,0.793700525688667,0.6389431039880333,0.42750933026297866,0.9104477611940297,2.339162221183287,0.16666666666666669,0.33333333333333337,0.13333333333333333,A bird on a tree branch.,1.3613043340010336,6.804129345000547,1.789895964999232,4.69366223399993,1.0590592000007746,1.1981665740004246,8,5184.87,996.02,630.02
126,MiniCPM-v2.6-Q5_K,0.6666666664444446,0.5163977793135832,0.4054801328872982,6.865890476915431e-05,0.2886221522793508,0.6069651741293532,0.7439008167089067,0.07407407407407407,0.16666666666666669,0.0,Birds landing on a bird feeder.,1.3613043340010336,6.422130825998465,1.782901208000112,4.715425397000217,1.056000006999966,1.3514194509989466,9,5184.87,996.02,630.02
127,MiniCPM-v2.6-Q5_K,0.9999999996666668,0.9999999996500001,0.9085602960778836,0.8408964149138524,0.4491243340081131,0.7587064676616916,0.9109953727448251,0.056338028169014086,0.2222222222222222,0.0,Ducks take off from the water.,1.3613043340010336,6.785964208998848,1.7756161130000692,4.655101020000075,1.0850550989998737,1.3539371070000925,9,5184.87,996.02,630.02
132,MiniCPM-v2.6-Q5_K,0.9999999997500004,0.9999999997410718,0.9999999997301591,0.9457416087349345,0.5158883169898099,0.9446902654867256,2.1833289591655634,0.12195121951219512,0.21052631578947367,0.07692307692307693,A small colorful bird sitting on a branch.,1.3613043340010336,6.9164688820001174,1.7749762109997391,4.671806742000626,1.0503222690003895,1.6125381799993193,10,5184.87,996.02,630.02
134,MiniCPM-v2.6-Q5_K,0.6249999999609376,0.4999999999677084,0.41491326665537864,0.2722589422880811,0.4218183522166957,0.6549079754601227,0.4632235996101022,0.06818181818181818,0.13793103448275865,0.0,A black bird with an orange patch on its wing is sitting on a concrete surface.,1.3613043340010336,6.639401583999643,1.7833256119993166,4.692991986999914,1.0841449689996807,2.706586067999524,18,5184.87,996.02,630.02
135,MiniCPM-v2.6-Q5_K,0.9999999996666668,0.8944271906868665,0.7368062994538218,0.604275079227126,0.42750933026297866,0.9104477611940297,2.7708890946860807,0.08823529411764706,0.25,0.0,A bird at a bird feeder.,1.3613043340010336,6.641657416999806,1.7728699229992344,4.673684158000469,1.0756292000005487,1.2611335289984709,8,5184.87,996.02,630.02
137,MiniCPM-v2.6-Q5_K,0.9999999997500004,0.7559289458227232,0.6586337558306233,0.5814307368033078,0.3076830876430639,0.6747787610619468,0.24813170730923784,0.04878048780487805,0.13793103448275862,0.0,A blue heron sitting on a wooden fence.,1.3613043340010336,21.02634180399764,1.7766422009990492,14.20800718800092,1.0603253560002486,1.6707396830024663,11,5184.87,996.02,630.02
141,MiniCPM-v2.6-Q5_K,0.9999999997142859,0.9128709289035893,0.7937005257359111,0.5946035573035137,0.4307441056826037,0.7904967602591793,1.3333188169199661,0.1,0.17391304347826084,0.038461538461538464,Two birds flying around a wooden post.,1.3613043340010336,6.056287669000085,1.7765052329996252,4.671704829999726,1.0643554340003902,1.4975163719991542,9,5184.87,996.02,630.02
142,MiniCPM-v2.6-Q5_K,0.999999999818182,0.9999999998136365,0.9614997133540659,0.9036020034312353,0.8380952380952381,0.9606299212598426,2.266696407717545,0.11764705882352941,0.23076923076923078,0.07547169811320754,A man and a young boy are walking on the beach.,1.3613043340010336,7.094209259999843,1.8290685459996894,4.953788455999529,1.092355614000553,2.2142346640011965,13,5184.87,996.02,630.02
144,MiniCPM-v2.6-Q5_K,0.9999999997500004,0.9999999997410718,0.9999999997301591,0.9457416087349345,0.4624729186116237,0.875,2.297593985870267,0.1081081081081081,0.3157894736842105,0.07142857142857144,A group of birds sit on the snow.,1.3613043340010336,6.640782211999976,1.7781490230008785,4.668254658001388,1.0637506780003605,1.5542488529990806,10,5184.87,996.02,630.02
145,MiniCPM-v2.6-Q5_K,0.8571428568979593,0.6546536705131399,4.409111381704975e-06,1.2098967346218613e-08,0.26765863708389565,0.5879518072289156,0.8434920666666057,0.048192771084337345,0.2222222222222222,0.0,A colorful parakeet stands on a cage.,1.3613043340010336,6.83586010900035,1.7701119890007249,4.677594438999222,1.0562500110008841,1.7500653630013403,11,5184.87,996.02,630.02
148,MiniCPM-v2.6-Q5_K,0.8333333331944446,0.728219081130291,0.5963868148031946,0.5156626917313323,0.4644922206520953,0.7093023255813954,1.3416117118100737,0.13698630136986303,0.31578947368421056,0.05,A bird in a tree with a blue sky in the background.,1.3613043340010336,5.991985122000187,1.7788443280005595,4.6670849669990275,1.0532323509996786,2.1498924159986927,14,5184.87,996.02,630.02
153,MiniCPM-v2.6-Q5_K,0.9999999999411765,0.8660254037319042,0.7047298731623285,0.5946035574627978,0.36509783084508957,0.6830907054871221,0.4481425821012408,0.09599999999999999,0.2857142857142857,0.038461538461538464,A red ship is in the water with a small boat attached to the back of it.,1.3613043340010336,6.84356692899928,1.7997349569996004,4.6533342780003295,1.0560688149998896,2.8772426699997595,19,5184.87,996.02,630.02
154,MiniCPM-v2.6-Q5_K,0.7499999998125003,0.6546536705384689,0.5227579584336488,0.4111336167839098,0.4741608956929397,0.8026315789473684,1.599332090509224,0.07766990291262134,0.17647058823529413,0.0,A cruise ship sailing near a rocky shore.,1.3613043340010336,6.614201009000681,1.7742615769984695,4.695640343999912,1.054591279998931,1.501630667000427,10,5184.87,996.02,630.02
155,MiniCPM-v2.6-Q5_K,0.9999999997777782,0.9999999997708338,0.9499142513674551,0.8091067113699516,0.4268416430693324,0.8888888888888888,2.079414770058637,0.1081081081081081,0.25806451612903225,0.04545454545454545,A large cruise ship in a body of water.,1.3613043340010336,6.641687663000994,1.8059386750010162,4.6807446269995125,1.0865004320003209,1.656294454998715,11,5184.87,996.02,630.02
156,MiniCPM-v2.6-Q5_K,0.818181818033058,0.756787468523232,0.6826924809647399,0.5877283723943594,0.4426402784689155,0.8102466793168881,1.2373982573226079,0.055045871559633024,0.11764705882352941,0.03636363636363637,A family of four sits on a boat in a canal.,1.3613043340010336,7.097956928000713,1.7981363799990504,4.740422331999071,1.0803196439992462,1.9747179629994207,13,5184.87,996.02,630.02
157,MiniCPM-v2.6-Q5_K,0.8999999998200003,0.6324555319036713,0.4641588832628592,0.34572078456597183,0.3039916543815362,0.5520361990950226,0.29910150679516223,0.061855670103092786,0.21428571428571425,0.0,"""Several sailboats moored at a dock in a calm marina.""",1.3613043340010336,6.644026765003218,1.7718888960007462,4.6790816680004355,1.0639105679983913,2.463041582999722,16,5184.87,996.02,630.02
160,MiniCPM-v2.6-Q5_K,0.8636363635971074,0.6412919859292913,0.39512480525463894,0.23870544238505195,0.34459700025998724,0.5847890924584576,0.12273386423572974,0.125,0.33333333333333337,0.0,"A white and blue boat is floating in the water with a sign that says ""Why Not"" on the side of it.",1.3613043340010336,6.666063493001275,1.7691392640008416,4.679774451000412,1.06671284299955,3.9872432419979305,26,5184.87,996.02,630.02
161,MiniCPM-v2.6-Q5_K,0.9230769229349115,0.7337993855900989,0.58068507605578,0.4448493878854624,0.38313200304546285,0.6882933709449929,0.5067950381681734,0.07462686567164178,0.15789473684210528,0.03225806451612903,Blue and white airplanes are flying in formation with smoke trails behind them.,1.3613043340010336,6.798029079000116,1.7784340030011663,4.680990495000515,1.0774720560002606,2.305295613999988,15,5184.87,996.02,630.02
163,MiniCPM-v2.6-Q5_K,0.8888888886913584,0.7453559923291194,0.54144350708125,7.171781505449112e-05,0.4415894784343025,0.8299319727891156,1.3210161635127968,0.05084745762711864,0.1212121212121212,0.0,Two men are taking a selfie on a boat.,1.3613043340010336,6.79523491100008,1.7914450879998185,4.677775936999751,1.0710237999992387,1.7106325639997522,11,5184.87,996.02,630.02
165,MiniCPM-v2.6-Q5_K,0.9999999996666668,0.9999999996500001,0.9085602960778836,0.7071067809007587,0.37100556273578683,0.782051282051282,1.1371853979253308,0.0851063829787234,0.125,0.05128205128205127,A large boat on the water.,1.3613043340010336,6.663969630000793,1.7767816380001022,4.759079935000045,1.049537009001142,1.2113620170002832,8,5184.87,996.02,630.02
168,MiniCPM-v2.6-Q5_K,0.9394130626960491,0.939413062694092,0.892361856383707,0.8465138329416845,0.5029465310228154,0.8798076923076923,0.7690327945876108,0.12080536912751677,0.25641025641025644,0.07142857142857142,Two men are standing on the shore of a lake with a bridge in the background.,1.3613043340010336,6.6264164539989,1.7769086589996732,4.682041038999159,1.0564238320002914,2.7895852090005064,18,5184.87,996.02,630.02
169,MiniCPM-v2.6-Q5_K,0.9999999997500004,0.8451542545096824,0.49193407327035477,6.985342054598842e-05,0.3179501508876343,0.465648854961832,0.8495346631934204,0.04054054054054055,0.13636363636363635,0.0,A city view with a river and boats.,1.3613043340010336,6.624144257000808,1.7957554750009876,4.694611631999578,1.0546239169998444,1.495535411999299,10,5184.87,996.02,630.02
170,MiniCPM-v2.6-Q5_K,0.9999999997142859,0.9999999997023811,0.9999999996873018,0.9999999996672622,0.8410629230383553,1.0,2.0938371056850933,0.1111111111111111,0.19999999999999998,0.05714285714285715,A small boat sits on the beach.,1.3613043340010336,7.195789352999782,1.848941965999984,4.763778863998596,1.0676451930012263,1.493956144000549,9,5184.87,996.02,630.02
171,MiniCPM-v2.6-Q5_K,0.9999999997142859,0.9999999997023811,0.9999999996873018,0.8408964149739164,0.3760586414116418,0.8224719101123595,0.9097558171719904,0.06521739130434784,0.23076923076923078,0.0,A military aircraft carrier in the water.,1.3613043340010336,6.5930005720001645,1.7805881189997308,4.713192589000755,1.057921597001041,1.3514581979998184,9,5184.87,996.02,630.02
177,MiniCPM-v2.6-Q5_K,0.9999999998571432,0.8770580191793259,0.6843555630369736,0.4913270547397227,0.311167665545972,0.6224489795918368,0.40714807268272546,0.10810810810810811,0.3125,0.03278688524590164,A green SUV has a canoe on top and a scooter on the back.,1.3613043340010336,6.6192690009993385,1.782135297999048,4.682503289999659,1.0676466250006342,2.4852351250010543,16,5184.87,996.02,630.02
179,MiniCPM-v2.6-Q5_K,0.9999999999333334,0.8864052603667143,0.7131116242375922,0.54872296812994,0.31977885323670324,0.5896771966166061,0.5213136417627376,0.10526315789473684,0.23255813953488372,0.029411764705882356,Boats and a jet ski on a blue ocean with a mountain in the background.,1.3613043340010336,6.933120632000282,1.8943227429990657,4.827182221999465,1.058473404000324,2.895323658000052,18,5184.87,996.02,630.02
181,MiniCPM-v2.6-Q5_K,0.8333333331944446,0.6154574547917563,0.33583969304830574,4.529376169980084e-05,0.2799338799580155,0.49593495934959353,0.4713335759936754,0.049586776859504134,0.0625,0.0,"A large white ship with the word ""CUNARD"" on it is docked.",1.3613043340010336,6.588426475000233,1.7858400249988335,4.705560173999402,1.0561476229995606,2.869260958999803,19,5184.87,996.02,630.02
187,MiniCPM-v2.6-Q5_K,0.9999999996666668,0.8944271906868665,0.7368062994538218,0.604275079227126,0.8884559181685339,0.7587064676616916,1.1436508499503117,0.07692307692307693,0.2727272727272727,0.0,Two people fishing from a sailboat.,1.3613043340010336,6.812800579999021,1.7744684700010112,4.7117402689982555,1.0716564419999486,1.3516659950000758,9,5184.87,996.02,630.02
188,MiniCPM-v2.6-Q5_K,0.8461538460236689,0.7510676160808549,0.5897597461221931,0.37844811369685144,0.3299556449747084,0.563944530046225,0.7672171044239157,0.05217391304347826,0.21428571428571427,0.0,A sailboat is in the water with a buoy in front of it.,1.3613043340010336,6.8245465500003775,1.7773136099986004,4.667409966999912,1.0848607040006755,2.424669685000481,16,5184.87,996.02,630.02
189,MiniCPM-v2.6-Q5_K,0.9999999997777782,0.9999999997708338,0.9499142513674551,0.8694417436747791,0.49203182126854744,0.9512670565302144,1.5807066765561135,0.08510638297872342,0.2727272727272727,0.03508771929824561,A person fishing from a boat on a lake.,1.3613043340010336,6.837396085000364,1.781449640999199,4.669392758001777,1.0535428469993349,1.6452064750010322,11,5184.87,996.02,630.02
190,MiniCPM-v2.6-Q5_K,0.9999999997777782,0.8660254035859749,0.7539474409501415,0.6803749331487142,0.46878561955591425,0.8888888888888888,0.7963641746494674,0.11111111111111112,0.32,0.0689655172413793,A lone boat sailing on the ocean at dusk.,1.3613043340010336,7.10828718599987,1.843001406001349,5.0265678689993365,1.1813863610004773,2.0001635210010136,11,5184.87,996.02,630.02
192,MiniCPM-v2.6-Q5_K,0.8888888886913584,0.8164965807406125,0.6586337558519678,0.4671379776125745,0.32314032182352137,0.6666666666666666,0.6694487760131209,0.0980392156862745,0.25,0.03773584905660377,Three men in a red boat on a river.,1.3613043340010336,6.221686147000582,1.803540349999821,4.671738775999984,1.0535497850014508,1.6650854280014755,11,5184.87,996.02,630.02
193,MiniCPM-v2.6-Q5_K,0.9999999998000004,0.9428090413882642,0.8735804645510677,0.7311104455483693,0.26312439743343224,0.5313588850174217,0.6831575533369026,0.08264462809917354,0.23529411764705882,0.034482758620689655,A river in a city with a bridge and boats.,1.3613043340010336,6.604617634000533,1.7833378390005237,4.721833100000367,1.0594406199998048,1.8172826029986027,12,5184.87,996.02,630.02
194,MiniCPM-v2.6-Q5_K,0.9999999996000004,0.8660254034163782,6.299605246569555e-06,1.880301545563874e-08,0.3081739754982746,0.6472148541114059,0.3798947096508126,0.03571428571428572,0.125,0.0,A boat on the water.,1.3613043340010336,6.666655856999569,1.774559176999901,4.672422353000002,1.0558291750003264,1.159697334998782,7,5184.87,996.02,630.02
196,MiniCPM-v2.6-Q5_K,0.9999999997777782,0.9999999997708338,0.9499142513674551,0.7311104455280607,0.3852850663151549,0.8806393400360918,0.9324368067153842,0.13333333333333333,0.2608695652173913,0.0425531914893617,Two people on a small boat in the water.,1.3613043340010336,6.63324151300003,1.7743425099997694,4.664996130000873,1.072013003999018,1.754360020000604,11,5184.87,996.02,630.02
198,MiniCPM-v2.6-Q5_K,0.9999999997777782,0.9999999997708338,0.9999999997625665,0.9554427919678762,0.9052631578947371,0.8806393400360918,2.1010124050596244,0.13636363636363635,0.2857142857142857,0.07142857142857142,Three friends posing for a picture on a boat.,1.3613043340010336,6.631100283999331,1.7954184589998476,4.735073326999554,1.0624883799991949,1.6895686510015366,11,5184.87,996.02,630.02
200,MiniCPM-v2.6-Q5_K,0.9999999997142859,0.9999999997023811,0.9999999996873018,0.9999999996672622,0.92,1.0,3.1965098890746386,0.1951219512195122,0.33333333333333337,0.11764705882352941,A cat sits in a bathroom sink.,1.3613043340010336,6.6030253329990956,1.7757446420000633,4.696242432000872,1.0560578950007766,1.3473793649991421,9,5184.87,996.02,630.02
204,MiniCPM-v2.6-Q5_K,0.636363636247934,0.504524979015488,0.43942156221435824,0.3816330910616986,0.3973104313801979,0.671559633027523,0.41793887560410126,0.07692307692307691,0.16,0.05714285714285715,A person holds a baby with a thermometer in its mouth.,1.3613043340010336,6.657563369000854,1.7714316170004167,4.681652391998796,1.0705455809984414,2.061993553999855,13,5184.87,996.02,630.02
205,MiniCPM-v2.6-Q5_K,0.9999999997777782,0.8660254035859749,0.685006710431798,8.555261856594855e-05,0.4498267664868765,0.6939704209328782,1.2646713718921065,0.12500000000000003,0.2608695652173913,0.05,Three men at an event pose for a photo.,1.3613043340010336,7.141143367000041,1.8007729959990684,4.767909816000611,1.0631904060010129,1.8553954909984895,11,5184.87,996.02,630.02
206,MiniCPM-v2.6-Q5_K,0.9090909089256201,0.7385489457383579,0.3928004878610713,5.2463410218244473e-05,0.314110365602042,0.7047496790757382,0.5991873189474882,0.08196721311475409,0.29629629629629634,0.03846153846153846,A bottle of flowers and a wine glass on a table.,1.3613043340010336,6.6710780120010895,1.7883426850003161,4.66532451799867,1.062359915998968,2.02147766500093,13,5184.87,996.02,630.02
207,MiniCPM-v2.6-Q5_K,0.9999999996666668,0.9999999996500001,0.999999999627778,0.9999999995958335,0.5586858268679828,1.0,1.2822630262055137,0.06185567010309278,0.17391304347826084,0.0,A man holding a sleeping baby.,1.3613043340010336,6.6393949659996,1.778064705998986,4.668180194999877,1.0517399119999027,1.19561375900048,8,5184.87,996.02,630.02
208,MiniCPM-v2.6-Q5_K,0.9090909089256201,0.8528028652635105,0.686285665468639,0.4483386699498256,0.36453733734181487,0.7128547579298832,0.42150347459357523,0.053571428571428575,0.20689655172413793,0.0,A man sitting on the grass with a bottle of water.,1.3613043340010336,6.596923748998961,1.794643122000707,4.685778109000239,1.055771924999135,1.9657534310008487,13,5184.87,996.02,630.02
211,MiniCPM-v2.6-Q5_K,0.7777777776049386,0.6972166886186177,0.517872084202683,6.936319082096155e-05,0.4163894388649849,0.7672955974842767,0.9604666110565407,0.1111111111111111,0.1875,0.09302325581395349,Three bottles of personal care products on a table.,1.3613043340010336,6.879495324001255,1.7473067339997215,4.705913181000142,1.0702306709990808,1.663563416001125,11,5184.87,996.02,630.02
213,MiniCPM-v2.6-Q5_K,0.916666666590278,0.816496580856592,0.6933612742872518,0.5773502691340049,0.3912382070796279,0.7672955974842767,1.3087625995219232,0.0963855421686747,0.23076923076923075,0.05555555555555555,A person in a green sweater is holding a bottle of beer.,1.3613043340010336,6.774246376999145,1.895228159999533,5.0169595110000955,1.1597545629992965,2.5405109060011455,14,5184.87,996.02,630.02
214,MiniCPM-v2.6-Q5_K,0.9999999998333334,0.9534625890830704,0.89928862588807,0.7540127607744195,0.44956050969389405,0.7393939393939394,1.0450135571215944,0.10101010101010101,0.3076923076923077,0.0,A man pets a horse over a fence while holding a beer.,1.3613043340010336,7.150681831999464,1.8223381870011508,4.721637985001507,1.0743267930010916,2.1345908789990062,14,5184.87,996.02,630.02
216,MiniCPM-v2.6-Q5_K,0.7999999998400004,0.5962847938773745,0.44628863329348356,0.3356891924299591,0.35597877816626644,0.679936305732484,0.7603187418376717,0.0759493670886076,0.2,0.0,A baby eating from a spoon in a high chair.,1.3613043340010336,6.641431719999673,1.7707875300002343,4.6673031719983555,1.0581195970007684,1.849403070002154,12,5184.87,996.02,630.02
217,MiniCPM-v2.6-Q5_K,0.9999999997777782,0.8660254035859749,0.685006710431798,0.5721248423132396,0.2900137233706977,0.6215429403202329,0.3462178201353845,0.04907975460122699,0.12903225806451613,0.0,A workspace with a computer and various office supplies.,1.3613043340010336,6.591569833999529,1.7718024789992342,4.689416567998705,1.0555402720001439,1.6567474559997208,11,5184.87,996.02,630.02
218,MiniCPM-v2.6-Q5_K,0.7647058822629758,0.6558559740680396,0.5855193421018804,0.4893717819311161,0.38247480780539495,0.7293478260869565,0.4172996155404451,0.08474576271186442,0.25806451612903225,0.0,A dirty car with a jacket on the steering wheel and a beer bottle on the floor.,1.3613043340010336,6.645289522999519,1.7745711190000293,4.66456649400061,1.0591037590002088,2.9224698729995,19,5184.87,996.02,630.02
219,MiniCPM-v2.6-Q5_K,0.6249999998437503,0.5175491693727575,0.35474585289687116,5.4663255680950514e-05,0.34119261573023246,0.5865384615384615,0.6907700827801391,0.09195402298850575,0.22222222222222218,0.08333333333333333,A classic 8 fl oz bottle of Coca-Cola.,1.3613043340010336,20.32159182900068,1.7735770730032527,14.227514117999817,1.0669550799975696,1.822542705998785,12,5184.87,996.02,630.02
221,MiniCPM-v2.6-Q5_K,0.9999999997777782,0.9354143464791199,0.8549879731353458,0.8034284187457875,0.31145246800443444,0.7427701674277016,0.6258324608588453,0.09917355371900825,0.20512820512820512,0.06451612903225806,A person at a table with food and drinks.,1.3613043340010336,6.639609865000239,1.787331241001084,4.6814357549992565,1.0563412130013603,1.7458637270010513,11,5184.87,996.02,630.02
222,MiniCPM-v2.6-Q5_K,0.8571428570204084,0.7262730390968146,0.6034799806125941,0.49479954678243143,0.33718990103323965,0.5154929577464789,0.6097151674814081,0.07633587786259542,0.2424242424242424,0.029411764705882356,"A couple sits on a dock by a lake, one fishing and one sunbathing.",1.3613043340010336,6.648538091998489,1.7804155049998371,4.686529827999038,1.0567638100001204,2.860685353000008,19,5184.87,996.02,630.02
225,MiniCPM-v2.6-Q5_K,0.8888888886913584,0.7453559923291194,0.54144350708125,0.40329891157498915,0.2943929856228683,0.8299319727891156,1.113620559508918,0.05714285714285714,0.15789473684210525,0.03389830508474576,"A kitchen with a counter, cabinets, and a chair.",1.3613043340010336,6.648509615000876,1.7742969739992986,4.658761165001124,1.0549343719994795,2.047055950999493,13,5184.87,996.02,630.02
228,MiniCPM-v2.6-Q5_K,0.9999999998461542,0.999999999842949,0.9687293059958432,0.9234732617360961,0.5298512963925994,0.7400346620450605,1.248368445690223,0.12612612612612614,0.19354838709677416,0.038461538461538464,A milk bottle sits on a rock in a black and white photo.,1.3613043340010336,6.823726779999561,1.7906919979996019,4.737110166001003,1.0641412129989476,2.2635470209988853,15,5184.87,996.02,630.02
229,MiniCPM-v2.6-Q5_K,0.9166666665138891,0.8660254036368208,0.8067143228713007,0.7348889199554272,0.41626984022260394,0.7735507246376813,1.137579658370416,0.1904761904761905,0.3636363636363636,0.16666666666666669,A man in a white t-shirt holds up a bottle of beer.,1.3613043340010336,6.788829652999993,1.846128264998697,4.78719518500111,1.1063150460013276,2.339304011000422,15,5184.87,996.02,630.02
230,MiniCPM-v2.6-Q5_K,0.7210206393336078,0.6183889841855338,0.4581227183818221,0.28367278946995167,0.32524622282168636,0.5700934579439252,0.28042160398693594,0.050955414012738856,0.15789473684210525,0.02666666666666667,A man with a brown robe is sitting on the floor with a stick and a bottle.,1.3613043340010336,20.82122854299996,1.839500654999938,14.791994249999334,1.135752443000456,3.353091613000288,19,5184.87,996.02,630.02
231,MiniCPM-v2.6-Q5_K,0.9999999997777782,0.9999999997708338,0.9999999997625665,0.9999999997524806,0.43265246564448867,0.7390100380754587,1.1998489892970867,0.0851063829787234,0.2424242424242424,0.05333333333333333,A bowl of pasta with a bottle of water.,1.3613043340010336,6.8144686659998115,1.767602486999749,4.812282568000228,1.0724469420001697,1.6921395859990298,11,5184.87,996.02,630.02
232,MiniCPM-v2.6-Q5_K,0.6249999998437503,0.5175491693727575,0.35474585289687116,5.4663255680950514e-05,0.2539683701588211,0.505524861878453,0.34249765206543165,0.03669724770642201,0.08333333333333333,0.0,"An open fridge with milk, eggs, and juice.",1.3613043340010336,6.635397837999335,1.7913404049977544,4.701045015001,1.065695498000423,1.7971595449998858,12,5184.87,996.02,630.02
233,MiniCPM-v2.6-Q5_K,0.9999999996000004,0.9999999995750004,0.9999999995388893,0.9999999994791672,1.0,1.0,1.0173192313740445,0.09195402298850576,0.16,0.046511627906976744,Two women having a conversation.,1.3613043340010336,6.952522178000436,1.8237561489986547,4.781832110000323,1.0640135899993766,1.0732974330003344,7,5184.87,996.02,630.02
240,MiniCPM-v2.6-Q5_K,0.8461538460887575,0.7510676161386293,0.46809262073744085,5.659119256155881e-05,0.25552083168005724,0.5343065693430658,0.2696900098430841,0.0704225352112676,0.15,0.029411764705882356,A street scene with a wooden fence and a cat on the ground.,1.3613043340010336,6.68192028699923,1.7714603470012662,4.657523455998671,1.064470186998733,2.331459234999784,15,5184.87,996.02,630.02
242,MiniCPM-v2.6-Q5_K,0.9999999997777782,0.8660254035859749,0.685006710431798,0.5721248423132396,0.37045108498387974,0.594541910331384,0.4914047074197964,0.04878048780487805,0.18181818181818182,0.0,"A man and woman standing together, both wearing white.",1.3613043340010336,6.661039876998984,1.9261355639991962,4.876388665999912,1.1315428300003987,2.0158481879989267,12,5184.87,996.02,630.02
249,MiniCPM-v2.6-Q5_K,0.7692307691124263,0.7161148739269665,0.6539953361130565,0.5783569865512508,0.4610376907949382,0.8459167950693374,0.6552938058964185,0.08474576271186442,0.21428571428571427,0.058823529411764705,A man and a woman sit on a couch and brush their teeth.,1.3613043340010336,6.645791869999812,1.7572004690009635,4.698576975000833,1.0590654229999927,2.262464014998841,15,5184.87,996.02,630.02
251,MiniCPM-v2.6-Q5_K,0.8749999999453126,0.5916079782717537,0.2924017738017353,3.7239098946814616e-05,0.3187849214875433,0.6421052631578947,0.32996082251690795,0.14814814814814814,0.21428571428571427,0.05128205128205128,"A white, yellow, and red bus with the words ""Victory Liner"" and ""1888"" on the side.",1.3613043340010336,6.69244216900006,1.7765850609994231,4.668770791000497,1.0575027470003988,4.458707601999777,29,5184.87,996.02,630.02
254,MiniCPM-v2.6-Q5_K,0.9999999996666668,0.9999999996500001,0.999999999627778,0.9036020032446392,0.4103506064507601,0.8356164383561644,1.3348297389283004,0.05660377358490566,0.16666666666666669,0.039999999999999994,A man stands beside a bus.,1.3613043340010336,6.8029435589996865,1.7881366109977535,4.688336170998809,1.05534053899828,1.198248672997579,8,5184.87,996.02,630.02
255,MiniCPM-v2.6-Q5_K,0.9999999997777782,0.9999999997708338,0.8939035348843251,0.6985342054851089,0.37559430177880176,0.6939704209328782,1.39063117049128,0.13186813186813187,0.1904761904761905,0.047619047619047616,A red and white bus on a city street.,1.3613043340010336,6.634806445999857,1.789698173000943,4.727261211999576,1.0587989140003629,1.6479390360000252,11,5184.87,996.02,630.02
256,MiniCPM-v2.6-Q5_K,0.8571428570204084,0.7703288864074802,0.6669717772127058,0.5731224483222676,0.36397032638606014,0.7093023255813954,0.5107916399870813,0.10101010101010101,0.20689655172413793,0.0,A white and blue bus from Central Community College is parked in a lot.,1.3613043340010336,6.572448559996701,1.8026442660011526,4.685859839999466,1.0559494250010175,2.401067372000398,16,5184.87,996.02,630.02
257,MiniCPM-v2.6-Q5_K,0.6874999999785157,0.515876954555215,0.3286071411426107,0.2224158572507284,0.2948155566960971,0.4269051321928461,0.0021982226198986364,0.09756097560975609,0.17391304347826086,0.030769230769230767,A group of women wearing red and white uniforms are walking in a line on a black surface with orange traffic cones and a white bus with red writing in the background.,1.3613043340010336,6.655769494002016,1.7723368989973096,4.677644021998276,1.070451289997436,5.250849397998536,34,5184.87,996.02,630.02
258,MiniCPM-v2.6-Q5_K,0.9230769229349115,0.7337993855900989,0.58068507605578,0.4448493878854624,0.29342533227715734,0.6446499339498017,0.8598699226160418,0.07407407407407407,0.16,0.07843137254901959,A bus that is yellow and white with a face on the front.,1.3613043340010336,6.909641448000912,1.822171599000285,4.772262228001637,1.0560321289995045,2.3596584030001395,15,5184.87,996.02,630.02
259,MiniCPM-v2.6-Q5_K,0.9999999997777782,0.9999999997708338,0.9499142513674551,0.7311104455280607,0.49141930590728927,0.7390100380754587,0.8225200739236609,0.11764705882352941,0.16666666666666669,0.0,A red double-decker bus driving down a busy street.,1.3613043340010336,7.037436204000187,2.039454382000258,4.969546976999482,1.0840632990002632,2.00650085199959,13,5184.87,996.02,630.02
261,MiniCPM-v2.6-Q5_K,0.9999999997777782,0.8660254035859749,0.685006710431798,0.4810977289787999,0.4268416430693324,0.8888888888888888,1.0323406110266247,0.13043478260869565,0.25,0.1142857142857143,A bus from Vermont sits in a parking lot.,1.3613043340010336,6.672786881999855,1.7695727209993493,4.691178721001052,1.0547332700007246,1.6507645460005733,11,5184.87,996.02,630.02
264,MiniCPM-v2.6-Q5_K,0.9999999997500004,0.7559289458227232,0.4566711402730659,6.60632863415386e-05,0.23793479703136822,0.6489361702127661,0.2475396834158156,0.06382978723404256,0.15384615384615385,0.0,A red Citybus number 24 on the street.,1.3613043340010336,6.586361378998845,1.8118261189993063,4.657759490997705,1.0543458449974423,1.9438902280016919,13,5184.87,996.02,630.02
267,MiniCPM-v2.6-Q5_K,0.9285714284387758,0.8451542546054587,0.6197980941489565,0.3835654722982469,0.23741510587137482,0.6224489795918368,0.2722047362116266,0.08484848484848484,0.16216216216216214,0.029850746268656716,A large old building with a clock tower in the middle of a city.,1.3613043340010336,6.666383488000065,1.7831237130012596,4.70926684099868,1.0597522859989112,2.412532051999733,16,5184.87,996.02,630.02
268,MiniCPM-v2.6-Q5_K,0.9999999997500004,0.9258200995328305,0.753947440925708,0.5410822689004724,0.38497544273759704,0.716442953020134,2.630812012798277,0.08888888888888889,0.25806451612903225,0.0,A school bus in front of a building.,1.3613043340010336,6.793624979000015,1.7829215109995857,4.644757804999244,1.0501397869993525,1.518143321000025,10,5184.87,996.02,630.02
270,MiniCPM-v2.6-Q5_K,0.8571428568979593,0.8451542544769828,0.8298265331067581,0.8091067113010008,0.3211049062484098,0.6841121495327103,0.5841896948764322,0.06611570247933884,0.1875,0.033898305084745756,A city street with people and cars.,1.3613043340010336,6.623969999998735,1.776196324999546,4.710254251000151,1.0611383939994994,1.364236194998739,9,5184.87,996.02,630.02
271,MiniCPM-v2.6-Q5_K,0.8571428568979593,0.6546536705131399,4.409111381704975e-06,1.2098967346218613e-08,0.1779155028988902,0.5126050420168067,0.40015228638001166,0.03305785123966942,0.16666666666666669,0.0,A silver car driving down a street.,1.3613043340010336,6.417841699001656,1.8098340960004862,4.680941101998542,1.059118570999999,1.3477799629999936,9,5184.87,996.02,630.02
276,MiniCPM-v2.6-Q5_K,0.8124999998984376,0.5700877124771204,0.2852671577390921,3.655552228063032e-05,0.22005006902152072,0.4723451327433628,0.1393826473654895,0.0547945205479452,0.24242424242424243,0.0,A person on a wheelchair and a person on a bicycle on a street with cars.,1.3613043340010336,5.821274619998803,1.8010212289991614,4.6745469010002125,1.057127660000333,2.6990255670007173,18,5184.87,996.02,630.02
277,MiniCPM-v2.6-Q5_K,0.8749999997812503,0.7905694148373941,0.592815550588378,8.034284187167748e-05,0.3564978072474187,0.6984732824427481,1.1436607837892105,0.13333333333333333,0.32,0.05,School buses and taxis driving on a street.,1.3613043340010336,6.798666296001102,1.7815687830006937,4.659269324998604,1.0683497190002527,1.5370673809993605,10,5184.87,996.02,630.02
278,MiniCPM-v2.6-Q5_K,0.9090909089256201,0.6030226890431458,0.3431428327343196,4.7406042589410913e-05,0.248948358057238,0.6988543371522096,0.08406799129727402,0.029411764705882353,0.1176470588235294,0.0,"A green, landscaped area with a red train in the background.",1.3613043340010336,7.31048882200048,1.9106554879999749,4.8946487630000775,1.1108420629989268,2.5262723639989417,15,5184.87,996.02,630.02
279,MiniCPM-v2.6-Q5_K,0.8333333330555557,0.7071067809390603,0.49999999981388915,8.034284186199331e-05,0.3036064826967712,0.782051282051282,2.304174559762628,0.07692307692307693,0.2222222222222222,0.0,A school bus on the street.,1.3613043340010336,6.658212051999726,1.7802313009997306,4.696231223999348,1.053493890000027,1.2134367639991979,8,5184.87,996.02,630.02
281,MiniCPM-v2.6-Q5_K,0.9999999996666668,0.9999999996500001,0.999999999627778,0.9036020032446392,0.8666666666666667,1.0,1.6710916417085424,0.09756097560975609,0.18181818181818182,0.06060606060606061,A yellow bus on the street.,1.3613043340010336,6.648073109001416,1.7781604019983206,4.675690093999947,1.0652325660012139,1.2575570990011329,8,5184.87,996.02,630.02
284,MiniCPM-v2.6-Q5_K,0.9285714284387758,0.8451542546054587,0.7094917058797212,0.5586536421354963,0.3332089833521461,0.7504393673110722,0.5571565337486332,0.101010101010101,0.32,0.0392156862745098,A young girl with her arms outstretched standing in the doorway of a bus.,1.3613043340010336,6.92948353599968,1.8584648209998704,4.874397509000119,1.098423420000472,2.7823443119996227,18,5184.87,996.02,630.02
287,MiniCPM-v2.6-Q5_K,0.9999999997500004,0.8451542545096824,0.6197980940738467,0.4671379775957057,0.43775233045691647,0.5791139240506329,0.9481855076281555,0.09411764705882353,0.18181818181818182,0.0,A red double-decker bus driving down a street.,1.3613043340010336,7.261575372000152,1.8509109689985053,4.898120844000005,1.147607680000874,2.016998405999402,12,5184.87,996.02,630.02
288,MiniCPM-v2.6-Q5_K,0.9999999998571432,0.8770580191793259,0.7655810008213507,0.6720284980516696,0.42266017897486663,0.8591549295774649,0.49150493656046895,0.10526315789473684,0.1875,0.0,"A colorful red, orange, and white bus with a yellow license plate is parked.",1.3613043340010336,6.651129384001251,1.7913244030005444,4.692015778000496,1.0556133070003852,2.7188227079986973,18,5184.87,996.02,630.02
289,MiniCPM-v2.6-Q5_K,0.9999999996666668,0.7745966689703747,0.5313292843935332,8.408964149138525e-05,0.353591575123119,0.5020576131687242,0.7201273605098497,0.04347826086956522,0.11764705882352941,0.0,A double-decker bus and some flags.,1.3613043340010336,6.612945593002223,1.774275908999698,4.705977364999853,1.0543650869985868,1.4963575459987624,10,5184.87,996.02,630.02
290,MiniCPM-v2.6-Q5_K,0.8333333331944446,0.6741998623483217,0.5665163348437076,0.3770063803872098,0.31347606398332883,0.5865384615384615,0.4734044719681895,0.061538461538461535,0.10810810810810811,0.0,A snowplow and a fuel truck are on a snowy airport tarmac.,1.3613043340010336,6.598480362999908,1.8062865850006347,4.663709357000698,1.0555390770005033,2.54560261000006,17,5184.87,996.02,630.02
292,MiniCPM-v2.6-Q5_K,0.8571428570816327,0.7262730391486911,0.508994728540685,0.3308923998411138,0.3005445838836781,0.6224489795918368,0.5358430572154695,0.06451612903225806,0.24,0.0,A bus in front of a church and a woman in a blue dress.,1.3613043340010336,6.61543170799996,1.7727238810002746,4.69546715999968,1.0561540900016553,2.47951151199959,16,5184.87,996.02,630.02
293,MiniCPM-v2.6-Q5_K,0.9999999997500004,0.9258200995328305,0.8298265331423224,0.6914415690877681,0.3867824955239881,0.7970383275261324,0.9723595817521874,0.07999999999999999,0.17647058823529413,0.058823529411764705,A bus is on the street at night.,1.3613043340010336,6.755419609000455,1.772268778999205,4.813005136000356,1.0484572460009076,1.516288380998958,10,5184.87,996.02,630.02
296,MiniCPM-v2.6-Q5_K,0.9999999997500004,0.9999999997410718,0.9410360286270985,0.6389431040650488,0.5033678042321144,0.9446902654867256,2.4964702982916935,0.11111111111111112,0.18181818181818182,0.0,A school bus parked on a dirt lot.,1.3613043340010336,6.7943887780002115,1.7735351379997155,4.706470454999362,1.067455622000125,1.5570479830003023,10,5184.87,996.02,630.02
299,MiniCPM-v2.6-Q5_K,0.8571428570816327,0.7703288864625035,0.5826535151450889,6.511928251875427e-05,0.4356031848349974,0.5736677115987461,0.43492666547864106,0.1149425287356322,0.32,0.0,A double-decker bus that says Tesco on the side is parked on a road.,1.3613043340010336,7.070049947998996,1.8264475329997367,4.763720831999308,1.0578987629996845,3.226074440000957,19,5184.87,996.02,630.02
303,MiniCPM-v2.6-Q5_K,0.9090909089256201,0.797724035068799,0.6564086248823298,0.5156626917220543,0.47784205351040476,0.8102466793168881,1.344063683054758,0.06896551724137931,0.18181818181818182,0.04081632653061224,A man wearing a black jacket is standing in the snow.,1.3613043340010336,6.635530237999774,1.7717731250013458,4.696759866999855,1.0543030429998907,1.9681610600000568,13,5184.87,996.02,630.02
305,MiniCPM-v2.6-Q5_K,0.9999999997500004,0.9999999997410718,0.9410360286270985,0.75983568543608,0.4044878966845712,0.6984732824427481,1.6508782926449361,0.08333333333333333,0.18181818181818182,0.03333333333333333,A street sign covered in stickers and graffiti.,1.3613043340010336,6.816483624001194,1.7826727560004656,4.67346179299966,1.0537010900006862,1.5981101540000964,10,5184.87,996.02,630.02
306,MiniCPM-v2.6-Q5_K,0.6999999998600002,0.5577733509080639,3.387987855331136e-06,8.633400211807387e-09,0.2617368011081236,0.5236051502145923,0.6870405303862182,0.043478260869565216,0.1111111111111111,0.0,Two children at a shed with a dog on top.,1.3613043340010336,6.669916161999936,1.777884338000149,4.668222845000855,1.0649039420004556,1.869225511998593,12,5184.87,996.02,630.02
307,MiniCPM-v2.6-Q5_K,0.7777777776049386,0.5400617247435577,0.3466806370930039,5.133450479131077e-05,0.32348592644579255,0.6161616161616161,1.1574883537100287,0.0396039603960396,0.08,0.0,A green bus with the number 503 on it.,1.3613043340010336,6.640453645000889,1.775968997999371,4.664866797000286,1.0804182160009077,2.098071799999161,14,5184.87,996.02,630.02
311,MiniCPM-v2.6-Q5_K,0.7999999998400004,0.7302967431901053,0.6436595896006071,0.5253819787693834,0.4073682332171003,0.6802973977695167,1.0899583889882944,0.08888888888888888,0.24,0.0,A red sports car with gold wheels on a racetrack.,1.3613043340010336,7.042621270000382,1.815559796999878,4.70171597099943,1.0825384319996374,2.130581670000538,14,5184.87,996.02,630.02
312,MiniCPM-v2.6-Q5_K,0.8999999998200003,0.8366600263620957,0.7591472428079485,0.6580370063316481,0.38731801992069836,0.7470912431108391,0.6198234849902755,0.07812499999999999,0.14285714285714288,0.0,A red pickup truck is drifting in a parking lot.,1.3613043340010336,6.635373548999269,1.775800513998547,4.695371888999944,1.0562538920003135,1.8194724429995404,12,5184.87,996.02,630.02
316,MiniCPM-v2.6-Q5_K,0.9999999997777782,0.8660254035859749,0.5984084804464933,7.730551755025992e-05,0.34176196748792775,0.6666666666666666,1.4881683327417183,0.099009900990099,0.13793103448275862,0.04166666666666667,A liquor and laundry store with a parking lot.,1.3613043340010336,6.724060545999237,1.7807066709992796,4.6800242379995325,1.0569288589995267,1.670272138000655,11,5184.87,996.02,630.02
318,MiniCPM-v2.6-Q5_K,0.9999999998000004,0.9999999997944449,0.9999999997879634,0.919322715022905,0.4580812184155056,0.850597609561753,0.7131159022538087,0.078125,0.19999999999999998,0.04,A group of people are riding bikes on a road.,1.3613043340010336,6.627757787000519,1.7717071199986094,4.67810978200032,1.0578077889986162,1.7906683099990914,12,5184.87,996.02,630.02
319,MiniCPM-v2.6-Q5_K,0.818181818033058,0.4954336942145316,0.3010067188967283,4.296943522970798e-05,0.21990820852163825,0.4737864077669903,0.21388880705235208,0.038461538461538464,0.09523809523809523,0.0,"A sign saying ""Boston Express"" is hanging from a yellow pole.",1.3613043340010336,6.642492951999884,1.7740811179974116,4.727969167997799,1.0555394769980921,2.2489809750004497,15,5184.87,996.02,630.02
320,MiniCPM-v2.6-Q5_K,0.9999999998000004,0.9999999997944449,0.9564655911833888,0.8891397048240804,0.3615646363489253,0.7286689419795221,1.109078828252902,0.10989010989010987,0.16666666666666669,0.0,A silver sports car is parked on a brick driveway.,1.3613043340010336,6.678278911998859,1.7786062089999177,4.6778763929996785,1.0582441259994084,1.807256920999862,12,5184.87,996.02,630.02
321,MiniCPM-v2.6-Q5_K,0.999999999818182,0.8944271908332274,0.6436595896137727,0.4272870063117749,0.3743490641942324,0.7584369449378331,0.4117265972875097,0.0892857142857143,0.14814814814814814,0.0,"Three young men, smiling and laughing, embrace in a parking lot.",1.3613043340010336,6.658636247000686,1.7806204240005172,4.691878126999654,1.0550430980001693,2.271983992999594,15,5184.87,996.02,630.02
324,MiniCPM-v2.6-Q5_K,0.8571428568979593,0.8451542544769828,0.8298265331067581,0.8091067113010008,0.39706237862362553,0.7904967602591793,2.6727980996841563,0.051948051948051945,0.09090909090909091,0.0,A white van parked on a rooftop.,1.3613043340010336,6.768326144998355,1.790961849001178,4.758170264,1.0539980070007005,1.3663727060011297,9,5184.87,996.02,630.02
326,MiniCPM-v2.6-Q5_K,0.8571428571020409,0.8535639568891754,0.7720283710113625,0.6925760137010317,0.41468405035508926,0.7404295051353874,0.35554444966100224,0.13559322033898302,0.26666666666666666,0.0,A red fire engine is parked in front of a brick building with a large American flag hanging on the side.,1.3613043340010336,6.794524627999635,1.8243053259993758,4.815443685998616,1.1138348169988603,3.5979931829988345,23,5184.87,996.02,630.02
327,MiniCPM-v2.6-Q5_K,0.9999999997142859,0.9999999997023811,0.9999999996873018,0.9999999996672622,0.5119556177223324,1.0,2.260232078691663,0.06000000000000001,0.16666666666666669,0.0,Two cars are parked in a field.,1.3613043340010336,7.140188157998637,1.849103386999559,4.793885549001061,1.0930367749988363,1.5442436590001307,9,5184.87,996.02,630.02
328,MiniCPM-v2.6-Q5_K,0.9999999997777782,0.8660254035859749,0.685006710431798,0.4810977289787999,0.3986499683445153,0.7558859975216852,0.6437982880440168,0.1238938053097345,0.19354838709677416,0.06060606060606061,A colorful painted car sitting on a blue tarp.,1.3613043340010336,6.956503110000995,1.7796176350002497,4.684773478000352,1.0535332409999683,1.809687846000088,12,5184.87,996.02,630.02
330,MiniCPM-v2.6-Q5_K,0.7222222221820989,0.35700277362729155,0.19971364246833992,2.6994978423290748e-05,0.16903465418786293,0.4149659863945578,0.08334259320592763,0.052631578947368425,0.13333333333333333,0.0,"A yellow Beetle has cartoon eyes, a mouth, and a red and yellow ""Funmobile"" sign on the door.",1.3613043340010336,20.310544600000867,1.7735924039989186,14.165455766000377,1.091310383999371,3.7910070980015007,25,5184.87,996.02,630.02
331,MiniCPM-v2.6-Q5_K,0.9999999997777782,0.9999999997708338,0.9999999997625665,0.9554427919678762,0.5012889273780614,0.8323586744639376,1.323300822254235,0.06722689075630252,0.12121212121212122,0.0,A Toyota race car driving down a dirt road.,1.3613043340010336,7.025994620000347,1.7587546699996892,4.721266517000913,1.058870394999758,1.6712244939990342,11,5184.87,996.02,630.02
332,MiniCPM-v2.6-Q5_K,0.8571428568979593,0.6546536705131399,0.4409111381704973,6.803749330907337e-05,0.24109509755070058,0.4680306905370844,0.4529998368800099,0.05714285714285714,0.14285714285714288,0.0,A classic car has a funny face.,1.3613043340010336,6.65964660699683,1.7715421810025873,4.690079068001069,1.0601625380004407,1.3543928010003583,9,5184.87,996.02,630.02
334,MiniCPM-v2.6-Q5_K,0.999999999818182,0.7745966690971268,0.5848035475305353,0.47287080440811846,0.38203205242187743,0.6500888099467139,2.3329562111344755,0.11904761904761904,0.2608695652173913,0.05882352941176471,A red and white Esso gas station with a parked car.,1.3613043340010336,6.965138197003398,1.7709536059992388,4.667813854000997,1.083987578000233,2.1016283390017634,14,5184.87,996.02,630.02
336,MiniCPM-v2.6-Q5_K,0.8806997462775461,0.8135555769400272,0.7082680747798961,0.5660979188081822,0.3511442643814504,0.703059513830679,0.6211348278427852,0.1,0.22222222222222218,0.030303030303030304,A black and white photo of a dog's head sticking out of a car window.,1.3613043340010336,6.0747125260004395,1.7801157260000764,4.719820865000656,1.0644980060005764,2.7224519639985374,18,5184.87,996.02,630.02
338,MiniCPM-v2.6-Q5_K,0.9090909089256201,0.8528028652635105,0.7856009757221424,0.7016879389890388,0.3965292093211725,0.8270563422717685,1.6944639592498065,0.056338028169014086,0.2222222222222222,0.0,A car with its hood open is parked in a lot.,1.3613043340010336,6.641943730999628,1.802425930998652,4.684033139001258,1.0617694579996169,1.940719103000447,13,5184.87,996.02,630.02
342,MiniCPM-v2.6-Q5_K,0.9166666665138891,0.8164965807885507,0.6933612742294717,0.5773502690858924,0.3769855003228084,0.6939704209328782,0.6211855806238848,0.06611570247933883,0.19999999999999998,0.0,A two-story fire station with a white car in front of it.,1.3613043340010336,6.623066458998437,1.7655485820014292,4.701794250999228,1.056820259998858,2.2549435309992987,15,5184.87,996.02,630.02
345,MiniCPM-v2.6-Q5_K,0.9166666665138891,0.7637626156957866,0.6156382500416967,0.4771897074953508,0.330296023986607,0.6842948717948718,0.4113123340050015,0.09174311926605504,0.25,0.03636363636363637,A team of rowers is competing in a race on a lake.,1.3613043340010336,6.815317144999426,1.774626652999359,4.67940565400022,1.059176804999879,2.3621171559989307,15,5184.87,996.02,630.02
348,MiniCPM-v2.6-Q5_K,0.7499999999062502,0.5477225574355599,0.34995140234232947,4.261082723355068e-05,0.28175488101493235,0.5210706150341685,0.5899701986768597,0.08510638297872342,0.27777777777777773,0.0,"A street scene with a red car, a black SUV, a blue bus, and a KFC.",1.3613043340010336,6.903661902000749,1.7725507490013115,4.778250757000933,1.113621268001225,3.4713582469994435,22,5184.87,996.02,630.02
349,MiniCPM-v2.6-Q5_K,0.8333333331944446,0.7784989440288245,0.6235319076547835,0.4817712540105097,0.3855683375730734,0.7261904761904763,1.1068853075936278,0.05555555555555555,0.14814814814814814,0.0,A Jeep Rubicon with a brown roof is parked outside a store.,1.3613043340010336,6.664880509000795,1.776625600999978,4.6721006330008095,1.0564236369991704,2.3759690150000097,15,5184.87,996.02,630.02
350,MiniCPM-v2.6-Q5_K,0.8888888886913584,0.8164965807406125,0.780896665433669,0.6311969076663554,0.4228151101659734,0.8299319727891156,1.7681566705681195,0.08955223880597014,0.33333333333333337,0.0,A cat lying on a blanket on a bed.,1.3613043340010336,6.681771151999783,1.7955948959988746,4.690822045000459,1.054998539000735,1.7428988909996406,11,5184.87,996.02,630.02
352,MiniCPM-v2.6-Q5_K,0.8999999998200003,0.8366600263620957,0.6402895823579823,7.825422898646865e-05,0.39493719081437073,0.832764505119454,1.3193587537141118,0.16949152542372883,0.4,0.08333333333333334,A gray cat on a table with a colorful plate.,1.3613043340010336,6.826622722999673,1.7904757119995338,4.853260189000139,1.079684988999361,1.9665895600010117,12,5184.87,996.02,630.02
354,MiniCPM-v2.6-Q5_K,0.9999999997500004,0.9258200995328305,0.6586337558306233,8.694417436433826e-05,0.4155676773125241,0.7970383275261324,1.4028817720218012,0.10526315789473682,0.23529411764705882,0.0,A sleeping orange tabby cat on a couch.,1.3613043340010336,6.834678048999194,1.7759462559988606,4.690222256000197,1.0557405760009715,1.6495961620003072,11,5184.87,996.02,630.02
358,MiniCPM-v2.6-Q5_K,0.636363636247934,0.564076074712643,0.4733525285913085,0.33932513401226405,0.3927342884491986,0.8102466793168881,0.9760308962111469,0.10958904109589042,0.18181818181818182,0.0,A ginger cat in a bin with a black plastic bag.,1.3613043340010336,20.36781838999923,1.7809434280006826,14.146939017000477,1.0798953379999148,2.0077280469995458,13,5184.87,996.02,630.02
359,MiniCPM-v2.6-Q5_K,0.9090909089256201,0.6741998623375959,0.4657164750911581,5.960994272089826e-05,0.45742328517948283,0.6500888099467139,2.0172220668977854,0.07272727272727272,0.23529411764705882,0.0,"A cat is sitting in front of a window, looking outside.",1.3613043340010336,6.619482737998624,1.757938868002384,4.69103522200021,1.0563724050007295,2.099990639999305,14,5184.87,996.02,630.02
362,MiniCPM-v2.6-Q5_K,0.9999999997142859,0.9999999997023811,0.9999999996873018,0.9306048587924521,0.5043952760908179,1.0,2.0490353662439915,0.10989010989010987,0.2857142857142857,0.04545454545454545,A white kitten sleeping on a rock.,1.3613043340010336,6.580103289999897,1.774641158999657,4.69376985999952,1.0560669059996144,1.3499786960001074,9,5184.87,996.02,630.02
364,MiniCPM-v2.6-Q5_K,0.9166666665138891,0.7071067810660181,0.5313292844984572,0.4272870063194628,0.46076005595009917,0.7735507246376813,1.408345833313379,0.15384615384615383,0.2222222222222222,0.05714285714285715,"Two cats, one white and one orange, are lying on a bed.",1.3613043340010336,18.192308641000636,1.784560774000056,14.11805467099839,1.0609804880004958,2.471204593002767,16,5184.87,996.02,630.02
366,MiniCPM-v2.6-Q5_K,0.9999999998000004,0.9999999997944449,0.9564655911833888,0.7825422898646865,0.42827057150108816,0.850597609561753,0.7960238027450796,0.12195121951219512,0.19999999999999998,0.05128205128205127,A black and white kitten is sitting on a windowsill.,1.3613043340010336,6.637353277999864,1.7961955850005324,4.66928791600003,1.0645332140011305,2.064595816000292,13,5184.87,996.02,630.02
368,MiniCPM-v2.6-Q5_K,0.9230769229349115,0.7844645404295353,0.6071154898674398,0.5090187719202145,0.3473961178344186,0.689822294022617,0.6333613971343189,0.0784313725490196,0.22222222222222218,0.0,A cat sitting on a red cloth with a bookshelf in the background.,1.3613043340010336,5.871602450000864,1.7908992160009802,4.688974564998716,1.0581504090005183,2.4175720490002277,16,5184.87,996.02,630.02
371,MiniCPM-v2.6-Q5_K,0.7999999998400004,0.5962847938773745,3.5421952298576307e-06,8.926472273745138e-09,0.29470621821428816,0.6376306620209059,0.9301162539665788,0.06451612903225806,0.12903225806451613,0.0,Two kittens peek out of a cow print cat bed.,1.3613043340010336,6.944575864999933,1.9486289479991683,4.788372998000341,1.0553299540006265,1.8325675109990698,12,5184.87,996.02,630.02
375,MiniCPM-v2.6-Q5_K,0.9999999996666668,0.9999999996500001,0.999999999627778,0.9999999995958335,1.0,1.0,2.157848395690498,0.13333333333333333,0.2222222222222222,0.07692307692307693,A cat on a white couch.,1.3613043340010336,6.8585040679990925,1.785057080000115,4.7054548430005525,1.1334759689998464,1.3131201830001373,8,5184.87,996.02,630.02
376,MiniCPM-v2.6-Q5_K,0.9999999996000004,0.9999999995750004,0.8735804643334817,0.0001351200154103285,0.3899751238121113,0.8944281524926685,1.0165195363075907,0.05263157894736842,0.1904761904761905,0.0,A cat on a rug.,1.3613043340010336,6.60108398400007,1.807395557001655,4.679879326000446,1.0564479299991945,1.0498838919993432,7,5184.87,996.02,630.02
380,MiniCPM-v2.6-Q5_K,0.9999999997777782,0.9999999997708338,0.9999999997625665,0.9999999997524806,0.5095454278464926,0.8951781970649895,1.1977589303035352,0.10869565217391304,0.16,0.05,A gray and white cat sitting on a log.,1.3613043340010336,6.670079003000865,1.7739151700006914,4.6665391189999355,1.089535323999371,1.6446747450008843,11,5184.87,996.02,630.02
382,MiniCPM-v2.6-Q5_K,0.9999999997142859,0.9999999997023811,0.9999999996873018,0.9306048587924521,0.3813186669931855,0.8090185676392573,1.4300381428548339,0.04938271604938272,0.21052631578947367,0.0,A cat lying down in the sun.,1.3613043340010336,6.6095031470031245,1.8185077289999754,4.658199200999661,1.053924313000607,1.3530227960000047,9,5184.87,996.02,630.02
383,MiniCPM-v2.6-Q5_K,0.818181818033058,0.8090398348051151,0.7584894025955535,0.6360188026450376,0.2982070530971736,0.6801529149410641,0.5146660122182021,0.03225806451612903,0.05405405405405405,0.0,A tabby kitten sits on a red and white checkered surface.,1.3613043340010336,6.643342806999499,1.7795080289997713,4.671431435999693,1.0565585290005401,2.382039308000458,15,5184.87,996.02,630.02
386,MiniCPM-v2.6-Q5_K,0.9999999997142859,0.9128709289035893,0.7937005257359111,0.7071067809512664,0.39730208417254065,0.8356164383561644,1.1506379715930815,0.10204081632653061,0.23076923076923078,0.04545454545454545,A cat lounging in a cat bed.,1.3613043340010336,6.658229044000109,1.785753095000473,4.691490027000327,1.0597321980003471,1.5158384869992005,10,5184.87,996.02,630.02
390,MiniCPM-v2.6-Q5_K,0.9999999997777782,0.9999999997708338,0.9999999997625665,0.9999999997524806,1.0,1.0,2.1591899050144976,0.1621621621621622,0.35294117647058826,0.06451612903225806,A black and white cat sleeping on a bed.,1.3613043340010336,6.659491116999561,1.7799192180009413,4.712088263999249,1.0585780020010134,1.6518215500000224,11,5184.87,996.02,630.02
391,MiniCPM-v2.6-Q5_K,0.8749999997812503,0.6123724355372341,0.39685026288496356,5.9460355733271294e-05,0.3066502276716621,0.6747787610619468,1.136422949160691,0.041666666666666664,0.17391304347826084,0.0,A curious cat looks up from the sand.,1.3613043340010336,20.316239388999747,1.7737013779988047,14.121224794000227,1.065510769998582,1.5166240829985327,10,5184.87,996.02,630.02
396,MiniCPM-v2.6-Q5_K,0.9999999999230771,0.9574271076796214,0.8355496557574771,0.5844356469894815,0.4263260695161762,0.8058124174372522,0.8561184538490703,0.24615384615384614,0.35294117647058826,0.13333333333333333,A black and white photo of a tabby cat lying on a rug.,1.3613043340010336,7.202115842999774,1.8196118910000223,4.796855111000696,1.0884232879998308,2.6658800479999627,16,5184.87,996.02,630.02
399,MiniCPM-v2.6-Q5_K,0.9090909089256201,0.7385489457383579,0.4948976030651392,6.238986070884278e-05,0.3106353572434404,0.5787476280834916,0.643265053647148,0.09174311926605504,0.125,0.07017543859649122,A grey cat is resting its head on a black object.,1.3613043340010336,6.0922718179990625,1.7892959410000913,4.702435799999876,1.0587566060003155,2.062468206999256,13,5184.87,996.02,630.02
403,MiniCPM-v2.6-Q5_K,0.9999999998000004,0.9428090413882642,0.822070691269181,0.5307712169906119,0.45308817399345536,0.832764505119454,1.5240049900833774,0.1388888888888889,0.35294117647058826,0.0,A man standing next to a cake with lit candles.,1.3613043340010336,6.654213286999948,1.7791572450005333,4.678560088001177,1.060695324000335,1.916499622999254,12,5184.87,996.02,630.02
404,MiniCPM-v2.6-Q5_K,0.7499999998750001,0.4522670167895546,0.27348275374864417,3.882726776824618e-05,0.3570244411718052,0.6713836477987422,0.3633826807954463,0.08547008547008547,0.13793103448275865,0.03278688524590164,Two men in plaid and a safety vest stand outside a cabin.,1.3613043340010336,6.795118611998987,1.783410376001484,4.675932766000187,1.0600525970003218,2.3584985210000013,15,5184.87,996.02,630.02
405,MiniCPM-v2.6-Q5_K,0.7999999998400004,0.5962847938773745,0.3542195229857629,5.019724247692751e-05,0.4077888023072324,0.7729905865314989,2.530460919133177,0.08080808080808081,0.3,0.0,A child sitting in a chair outside a lemonade stand.,1.3613043340010336,6.850551286999689,1.7934976680007821,4.716734652000014,1.0581287860004522,1.9461314999971364,13,5184.87,996.02,630.02
406,MiniCPM-v2.6-Q5_K,0.999999999818182,0.8944271908332274,0.7084390459860164,0.5460241724338841,0.39535433174154466,0.7128547579298832,0.8814113263021744,0.11650485436893204,0.32,0.039999999999999994,A young boy and girl sitting in chairs at an event.,1.3613043340010336,6.935163121999722,1.8582809830004408,4.774874724000256,1.0981231999994634,2.176340807000088,13,5184.87,996.02,630.02
408,MiniCPM-v2.6-Q5_K,0.7788007826820048,0.7788007826495548,0.6181345907828544,0.0001164578800882262,0.44024853642610645,0.8714285714285713,0.5767431212129849,0.03738317757009346,0.17391304347826084,0.0,A baby eating food.,1.3613043340010336,6.679754288001277,1.7801817079998727,4.669432618000428,1.0916203600008885,0.9105733010001131,6,5184.87,996.02,630.02
409,MiniCPM-v2.6-Q5_K,0.636363636247934,0.504524979015488,0.43942156221435824,0.3816330910616986,0.375430815143153,0.6110183639398998,1.015393764549237,0.08080808080808081,0.24,0.03636363636363637,A group of people sit around a table in a restaurant.,1.3613043340010336,6.605638344999534,1.7843989480006712,4.703497233000235,1.0585903629998938,2.027397612000641,13,5184.87,996.02,630.02
413,MiniCPM-v2.6-Q5_K,0.9999999998000004,0.9999999997944449,0.9564655911833888,0.7825422898646865,0.46076005595009917,0.850597609561753,1.0112248974243563,0.1045751633986928,0.19999999999999998,0.09302325581395349,A modern living room with a dining table and chairs.,1.3613043340010336,8.317652312000064,2.1327992739988986,5.8411634339991,1.3033764110004995,2.0039761349999026,12,5184.87,996.02,630.02
414,MiniCPM-v2.6-Q5_K,0.8999999998200003,0.7071067810411981,0.49999999989398175,6.50059325891524e-05,0.37180475499449017,0.7439024390243903,0.6270563368128895,0.03870967741935484,0.15,0.0,"A home office with a desk, chair, and a lamp.",1.3613043340010336,6.629285728999093,1.8349534859989944,4.66373167400161,1.05895665099888,2.120574395998119,14,5184.87,996.02,630.02
420,MiniCPM-v2.6-Q5_K,0.7894736841689751,0.6945906278511694,0.5215864577285939,0.4038732119245941,0.41447170748050155,0.5844311377245509,0.3443312086564747,0.1509433962264151,0.24,0.1142857142857143,A red plastic chair is in the foreground of a room with a yellow wall and other red chairs.,1.3613043340010336,6.630537120001463,1.7695102990001033,4.667720091001684,1.0649849949986674,3.223373812999853,21,5184.87,996.02,630.02
423,MiniCPM-v2.6-Q5_K,0.8421052631135734,0.6839855680197703,0.5775385768950682,0.39392473545946793,0.4173921551747512,0.6871088861076345,0.19391418810122713,0.16438356164383564,0.4,0.05714285714285715,A man wearing a plaid shirt and glasses is sitting in a chair with a smile on his face.,1.3613043340010336,7.211904058998698,1.9699018119990797,4.762745088999509,1.076295991000734,3.871832066999559,22,5184.87,996.02,630.02
424,MiniCPM-v2.6-Q5_K,0.9999999999166668,0.9045340336544869,0.7888607682266757,0.6360188027094826,0.4048047983240046,0.8798076923076923,1.56872431634721,0.10389610389610389,0.4444444444444445,0.0,A picture of an office cubicle with a phone and a chair.,1.3613043340010336,6.656484705999901,1.7752685609993932,4.67605162899963,1.0630467600003612,2.351594368001315,15,5184.87,996.02,630.02
425,MiniCPM-v2.6-Q5_K,0.9230769229349115,0.8770580191692865,0.8239824905019124,0.7611606002096152,0.5165231618170287,0.8905109489051095,2.0593475289810663,0.19047619047619047,0.28571428571428575,0.058823529411764705,A black cat sitting on a pink chair next to a round mirror.,1.3613043340010336,6.636360045999027,1.8273645070003113,4.672037203999935,1.0557906900030503,2.256578169999557,15,5184.87,996.02,630.02
426,MiniCPM-v2.6-Q5_K,0.9166666665138891,0.7637626156957866,0.6156382500416967,0.4771897074953508,0.4132074110087813,0.7393939393939394,0.8196889354018461,0.07874015748031496,0.25806451612903225,0.029850746268656716,A group of friends sitting around a table enjoying drinks and food.,1.3613043340010336,6.6422299449986895,1.8032565050016274,4.639392170000065,1.0522367699995812,2.1242194430014933,14,5184.87,996.02,630.02
428,MiniCPM-v2.6-Q5_K,0.777777777734568,0.6763995415558403,0.5556644666323387,0.388905561129032,0.3281768356632195,0.4236111111111111,0.20851468745354673,0.1,0.24,0.0588235294117647,A group of people sit around a table with a pot of soup and a platter of food.,1.3613043340010336,7.519616262999989,1.9085220550005033,5.067756648999421,1.0777559840007598,3.7455945530000463,21,5184.87,996.02,630.02
430,MiniCPM-v2.6-Q5_K,0.9166666665138891,0.8164965807885507,0.6933612742294717,0.5216948599306954,0.31314984709480126,0.6541053921568627,0.5897886889797516,0.109375,0.2857142857142857,0.07142857142857142,A quaint home with a patio and a white table and chairs.,1.3613043340010336,6.803741313000501,1.7769864819983923,4.699373126000864,1.0594342360000155,2.0937836989996867,14,5184.87,996.02,630.02
432,MiniCPM-v2.6-Q5_K,0.8888888886913584,0.8164965807406125,0.6586337558519678,0.5555238066648553,0.25543832193707244,0.5213675213675214,0.39516329755932916,0.03773584905660377,0.14814814814814817,0.0,A living room with a couch and a dog.,1.3613043340010336,6.685974916001214,1.7686003380003967,4.674225983000724,1.0552411299995583,1.654125669001587,11,5184.87,996.02,630.02
435,MiniCPM-v2.6-Q5_K,0.9999999998333334,0.9045340335791091,0.83045471403132,0.7510499814360355,0.5444343595960655,0.8798076923076923,2.484867326529458,0.11009174311926606,0.21428571428571425,0.07142857142857142,A woman is wearing a Viking helmet and sitting in a chair.,1.3613043340010336,6.655324744999234,1.7773297270014154,4.6722827200010215,1.0805961819987715,2.109010271000443,14,5184.87,996.02,630.02
436,MiniCPM-v2.6-Q5_K,0.9999999997777782,0.9999999997708338,0.9499142513674551,0.8694417436747791,0.490095427716608,0.9384615384615386,2.533031242431778,0.23728813559322035,0.375,0.21052631578947367,An old green car in front of a saloon.,1.3613043340010336,6.664594271000169,1.7735448849998647,4.661808532999203,1.0540696870011743,1.800288182001168,12,5184.87,996.02,630.02
442,MiniCPM-v2.6-Q5_K,0.9230769229349115,0.8320502942071694,0.6801825595000807,0.5543058125243637,0.40238639240914664,0.7124087591240876,0.9657110968518787,0.1,0.18181818181818182,0.048780487804878044,A carved wooden chair with a design of a ship on the back.,1.3613043340010336,6.66639748399939,1.7891605690001597,4.6800420340005076,1.0571294519995718,2.3473288350014627,15,5184.87,996.02,630.02
443,MiniCPM-v2.6-Q5_K,0.9999999996666668,0.9999999996500001,0.9085602960778836,0.7071067809007587,0.42806095520525345,0.7393939393939394,0.6291145733914378,0.07575757575757576,0.15789473684210528,0.044444444444444446,Two kids laughing in a room.,1.3613043340010336,6.659647569998924,1.778691350002191,4.671094179000647,1.0574409410000953,1.1978104940026242,8,5184.87,996.02,630.02
446,MiniCPM-v2.6-Q5_K,0.9999999997777782,0.9354143464791199,0.8549879731353458,0.8034284187457875,0.4500250505412164,0.8323586744639376,0.8780845404148931,0.09022556390977444,0.20512820512820512,0.04444444444444444,A home kitchen with wood cabinets and a refrigerator.,1.3613043340010336,6.608471194000231,1.7777132659994095,4.68019799799913,1.051819346001139,1.6433877759991447,11,5184.87,996.02,630.02
448,MiniCPM-v2.6-Q5_K,0.9999999998000004,0.9999999997944449,0.9999999997879634,0.962195457984327,0.5012258995950178,1.0,2.0327187436419183,0.1518987341772152,0.2727272727272727,0.05405405405405406,A clear plastic chair is in front of a bookshelf.,1.3613043340010336,6.657114523999553,1.7805895600013173,4.700176516000283,1.057175466999979,1.9516034449989093,13,5184.87,996.02,630.02
449,MiniCPM-v2.6-Q5_K,0.8333333331944446,0.728219081130291,0.6424382212448114,0.5859059369098998,0.4262045715501302,0.7672955974842767,0.9242750472633544,0.064,0.17647058823529416,0.02631578947368421,A person in colorful clothes is holding a baby in the air.,1.3613043340010336,6.640460996000911,1.7808294120004575,4.669829985999968,1.060491099000501,2.1948819999997795,14,5184.87,996.02,630.02
450,MiniCPM-v2.6-Q5_K,0.7083333333038194,0.5820378990350926,0.4254187404413828,0.29262750085678757,0.30973892146760174,0.5400505902192243,0.031362057722371765,0.13114754098360656,0.125,0.06451612903225806,A black and white cow with a yellow tag in its ear is standing in a fenced area with other cows in the background.,1.3613043340010336,6.500169029999597,1.8341959520003002,4.825940291000734,1.108112694000738,4.118923477999488,26,5184.87,996.02,630.02
456,MiniCPM-v2.6-Q5_K,0.9999999996666668,0.9999999996500001,0.793700525688667,0.00011362193660082777,0.4398732861414338,0.8133333333333334,1.4240727737608159,0.06382978723404255,0.17391304347826084,0.0392156862745098,A woman is petting a cow.,1.3613043340010336,6.720241224000347,1.7734505139997054,4.687437124001008,1.0561696639997535,1.34908513299888,9,5184.87,996.02,630.02
458,MiniCPM-v2.6-Q5_K,0.9999999996666668,0.9999999996500001,0.9085602960778836,0.7071067809007587,0.4491243340081131,0.8333333333333334,1.542171099866894,0.07339449541284404,0.14814814814814814,0.038461538461538464,Cows graze in a snowy field.,1.3613043340010336,6.608312646998456,1.7708814609995898,4.679393942000388,1.0498364429986395,1.5063807619990257,10,5184.87,996.02,630.02
460,MiniCPM-v2.6-Q5_K,0.818181818033058,0.5720775534407411,0.33130076240849077,4.6173663085283404e-05,0.34460504495862737,0.6110183639398998,0.778227058663521,0.05357142857142857,0.22222222222222218,0.0,A cow standing on a lush green field near a river.,1.3613043340010336,6.823605445999419,1.7914055199998984,4.780539277000571,1.0951134349998028,2.0973353809986293,13,5184.87,996.02,630.02
461,MiniCPM-v2.6-Q5_K,0.7272727272506888,0.49999999998461186,0.3183313678358191,0.1810836596358519,0.21118221174033752,0.4118143459915612,0.0011217035134984186,0.14102564102564102,0.3478260869565218,0.027397260273972608,"A man wearing a straw hat and a green shirt is leading two cows and a bull on a dirt path near water. In the background, there are large rock formations and mountains.",1.3613043340010336,6.61710421600219,1.7703247889985505,4.688462708996667,1.054247250998742,5.668675707998773,37,5184.87,996.02,630.02
463,MiniCPM-v2.6-Q5_K,0.8999999998200003,0.6324555319036713,0.4641588832628592,6.147881528161698e-05,0.27398452133131185,0.5545454545454546,0.4202228715772966,0.030303030303030304,0.10810810810810811,0.0,A dog is lying on the ground under a tree.,1.3613043340010336,6.642466557997977,1.766630810998322,4.682904714998585,1.0552978520026954,1.7984732209988579,12,5184.87,996.02,630.02
465,MiniCPM-v2.6-Q5_K,0.8888888886913584,0.8164965807406125,0.6586337558519678,8.307018472356643e-05,0.4265340679477821,0.6916099773242631,0.48021568791259045,0.10344827586206895,0.2666666666666667,0.0,A child is pretending to milk a fake cow.,1.3613043340010336,7.094819919999281,1.8150438100001338,4.7778105460001825,1.0992305729996588,1.695080206000057,11,5184.87,996.02,630.02
467,MiniCPM-v2.6-Q5_K,0.999999999818182,0.8944271908332274,0.8109602659210878,0.7186082237841256,0.3436425023930487,0.8102466793168881,0.6699361434342115,0.12631578947368421,0.25,0.11428571428571428,Four cows standing close together with yellow tags in their ears.,1.3613043340010336,6.796631347000584,1.7836230789998808,4.714070287998766,1.058449414000279,1.9532123320004757,13,5184.87,996.02,630.02
468,MiniCPM-v2.6-Q5_K,0.9999999997500004,0.9999999997410718,0.9410360286270985,0.6389431040650488,0.4261736761537477,0.8798076923076923,0.858635411051276,0.05,0.125,0.0,A cow is standing on a dirt field.,1.3613043340010336,6.672783714999241,1.780941750999773,4.696822820000307,1.056124754000848,1.500429609001003,10,5184.87,996.02,630.02
471,MiniCPM-v2.6-Q5_K,0.9999999997500004,0.9999999997410718,0.8735804645005713,0.6042750792999629,0.45854922269204135,0.75,1.0044446996920364,0.13043478260869565,0.2222222222222222,0.052631578947368425,A white cow standing on a grassy field.,1.3613043340010336,6.6103677339997375,1.7848241600004258,4.701760232999732,1.0621926240000903,1.6464293769986398,11,5184.87,996.02,630.02
473,MiniCPM-v2.6-Q5_K,0.9999999998571432,0.9999999998543959,0.8735804646064355,0.7419446626236685,0.4316982097032784,0.8145400593471811,0.9558673342475501,0.12844036697247707,0.25,0.039215686274509796,A black and white cow stands in the snow in front of a barn.,1.3613043340010336,6.631845702000646,1.8145716229992104,4.669911359000253,1.0584041910005908,2.399255053000161,16,5184.87,996.02,630.02
474,MiniCPM-v2.6-Q5_K,0.8749999997812503,0.7905694148373941,0.7469007908913164,0.6389431040650487,0.32384383865920374,0.75,0.6590631559900195,0.02941176470588235,0.1111111111111111,0.0,Two donkeys are carrying loads on their backs.,1.3613043340010336,6.6797548350004945,1.7814402260009956,4.685100885999418,1.0649341489988728,1.7627056519995676,11,5184.87,996.02,630.02
475,MiniCPM-v2.6-Q5_K,0.9999999997500004,0.9258200995328305,0.6586337558306233,8.694417436433826e-05,0.4079740885599933,0.7176470588235294,1.2092702645749291,0.14285714285714285,0.35294117647058826,0.0,Three cows eating grass on a green field.,1.3613043340010336,6.684007634001318,1.785401909999564,4.6885481999997864,1.0587085970000771,1.6158197420008946,10,5184.87,996.02,630.02
478,MiniCPM-v2.6-Q5_K,0.9999999997777782,0.9999999997708338,0.9999999997625665,0.9554427919678762,0.546544685870167,0.8951781970649895,1.887794566359697,0.12121212121212122,0.21428571428571425,0.09302325581395349,Two cows are grazing on hay in a field.,1.3613043340010336,6.845029712001633,1.7757772130007652,4.661791067999729,1.0538653130006423,1.7190962840013526,11,5184.87,996.02,630.02
479,MiniCPM-v2.6-Q5_K,0.9999999996666668,0.8944271906868665,0.5848035474248966,9.036020032446394e-05,0.2919511738875817,0.6069651741293532,0.9987769117650005,0.09411764705882354,0.2222222222222222,0.0,Three cows standing at a barrier.,1.3613043340010336,6.690200064000237,1.781277582000257,4.7130096849996335,1.0601044650011318,1.2044853030001832,8,5184.87,996.02,630.02
481,MiniCPM-v2.6-Q5_K,0.9999999997500004,0.9999999997410718,0.9999999997301591,0.9457416087349345,0.505196991172699,0.9446902654867256,1.572164744683397,0.1515151515151515,0.3157894736842105,0.06060606060606061,Two black and white cows crossing the road.,1.3613043340010336,6.699718554998981,1.7827345599998807,4.656938559999617,1.0518223580002086,1.516119203000926,10,5184.87,996.02,630.02
483,MiniCPM-v2.6-Q5_K,0.9999999998333334,0.9999999998295456,0.965489384436913,0.8801117366352623,0.49267892647275185,0.8764367816091955,0.9475925788001273,0.13333333333333333,0.35294117647058826,0.039215686274509796,A black and white image of a cow grazing in a field.,1.3613043340010336,6.753436159999183,1.7700389480014564,4.689444767998793,1.0561574650000694,2.112879590000375,14,5184.87,996.02,630.02
484,MiniCPM-v2.6-Q5_K,0.8888888886913584,0.7453559923291194,0.6821760719005707,8.528733593525009e-05,0.46218655767130695,0.6161616161616161,0.9661871525897807,0.024390243902439025,0.10526315789473684,0.0,A family sits on the beach with a cow.,1.3613043340010336,6.679762575000495,1.7679540790013561,4.713570134001202,1.0511642630008282,1.6637180249999801,11,5184.87,996.02,630.02
485,MiniCPM-v2.6-Q5_K,0.9166666665138891,0.7637626156957866,0.6631762012001771,0.6000342905052756,0.5193512032139626,0.8472222222222222,0.6105198083194991,0.12173913043478261,0.2424242424242424,0.12244897959183675,Cows with identification tags on their ears are standing in a field.,1.3613043340010336,6.993687897998825,1.81013793800048,4.9247413860011875,1.1615672560001258,2.777001577000192,15,5184.87,996.02,630.02
486,MiniCPM-v2.6-Q5_K,0.9999999997500004,0.9999999997410718,0.9999999997301591,0.9457416087349345,0.48686163397042903,1.0,1.8436202515550626,0.07058823529411765,0.16,0.0,A cow being milked in a milking station.,1.3613043340010336,6.646585195001535,1.7785929229994508,4.721087173000342,1.0572998110001208,1.8052992739994806,12,5184.87,996.02,630.02
490,MiniCPM-v2.6-Q5_K,0.9999999997777782,0.9354143464791199,0.9085602962003473,0.8891397047993821,0.5991546711750068,0.9512670565302144,1.8403560007763051,0.10416666666666666,0.2222222222222222,0.04878048780487806,Two brown and white cows drinking from a trough.,1.3613043340010336,6.989394548998462,1.8776661039992177,4.816953933001059,1.0575402040012705,1.8209427399997367,11,5184.87,996.02,630.02
491,MiniCPM-v2.6-Q5_K,0.7499999998125003,0.46291004976641537,0.3293168779153118,5.169731538105413e-05,0.43859882851596915,0.6224489795918368,0.3070530843008,0.03883495145631067,0.14814814814814814,0.0,A person is herding cattle in a field.,1.3613043340010336,6.85929300799944,1.7808823249997658,4.8600268160007545,1.0894683309998072,1.8099764759990649,11,5184.87,996.02,630.02
492,MiniCPM-v2.6-Q5_K,0.9999999998000004,0.9999999997944449,0.9564655911833888,0.8891397048240804,0.4800707485133138,0.9,1.4146175251415183,0.1386138613861386,0.25,0.047619047619047616,A black and white cow standing on a green field.,1.3613043340010336,19.858934488001978,1.7830807699974685,14.232742168002005,1.0694179980018816,1.816022161001456,12,5184.87,996.02,630.02
493,MiniCPM-v2.6-Q5_K,0.9166666665138891,0.8164965807885507,0.7756555903479769,0.7468422529706558,0.46624529471140985,0.8798076923076923,1.158486796707735,0.15,0.47058823529411764,0.05263157894736842,A black cow is standing in a field with patches of snow.,1.3613043340010336,6.603528841000298,1.7777035969993449,4.705370470999696,1.0667705230007414,2.106423041999733,14,5184.87,996.02,630.02
494,MiniCPM-v2.6-Q5_K,0.7999999996800004,0.6324555317648827,0.5108729546934666,9.036020031392194e-05,0.4522316326838585,0.9070631970260222,0.9199392250125425,0.05454545454545455,0.17647058823529413,0.0,Cows eating in a barn.,1.3613043340010336,6.798578318999716,2.0506890020005812,4.934673579000446,1.0718218170004548,1.2048950969983707,8,5184.87,996.02,630.02
495,MiniCPM-v2.6-Q5_K,0.9999999997777782,0.9999999997708338,0.9499142513674551,0.8694417436747791,0.49199802584502117,1.0,1.7452208940556282,0.1,0.20689655172413793,0.08333333333333333,A cow looks at the camera through a fence.,1.3613043340010336,6.613987703000021,1.8125332899981004,4.671424097999989,1.0541366149991518,1.6491265990007378,11,5184.87,996.02,630.02
496,MiniCPM-v2.6-Q5_K,0.9999999996000004,0.8660254034163782,0.6299605246569553,0.00010573712628898506,0.4022481364398531,1.0,0.5737757130093082,0.05454545454545455,0.16666666666666669,0.0,Two cows on the grass.,1.3613043340010336,6.5847030019995145,1.7886093340002844,4.696089053000833,1.0546047349998844,1.0487933080003131,7,5184.87,996.02,630.02
499,MiniCPM-v2.6-Q5_K,0.9999999998333334,0.8528028652770777,0.7137658553788795,0.44833866995789223,0.34691923894249715,0.6984732824427481,0.8284057958956399,0.11965811965811966,0.2857142857142857,0.03278688524590164,Two cows in a pasture with a red barn in the background.,1.3613043340010336,6.795213118999527,1.8684626750000461,4.711609173000397,1.0673656720009603,2.3148006690007605,14,5184.87,996.02,630.02
501,MiniCPM-v2.6-Q5_K,0.9999999997142859,0.9999999997023811,0.9999999996873018,0.9999999996672622,1.0,1.0,1.1622466512793406,0.05454545454545455,0.13793103448275862,0.03278688524590164,A woman is standing in a home.,1.3613043340010336,6.663743503999285,1.7658861570016597,4.669694623997202,1.088981375000003,1.35908844900041,9,5184.87,996.02,630.02
504,MiniCPM-v2.6-Q5_K,0.9999999998333334,0.7385489457501074,0.47781838223420653,0.331807740224778,0.3217020826235283,0.5865384615384615,0.6014319862938954,0.14285714285714285,0.29629629629629634,0.0625,"A dining room table with a candle, wine glasses, and dinner plates.",1.3613043340010336,6.668140024999957,1.7725596300006146,4.707712379999066,1.0647269719993346,2.4761291009999695,16,5184.87,996.02,630.02
506,MiniCPM-v2.6-Q5_K,0.9999999997500004,0.9999999997410718,0.9999999997301591,0.9999999997163694,0.398984978841341,0.8291262135922329,1.3741008767380325,0.053691275167785234,0.1,0.0,A view of a kitchen and dining room.,1.3613043340010336,6.939797651000845,1.8356527470004949,4.735887646000265,1.054921386001297,1.5359472399995866,10,5184.87,996.02,630.02
508,MiniCPM-v2.6-Q5_K,0.9999999997500004,0.9258200995328305,0.8298265331423224,0.5814307368033079,0.41180175944634084,0.6984732824427481,0.5080238048855716,0.05172413793103448,0.11764705882352941,0.0,A family standing together in a dining room.,1.3613043340010336,6.650651296000433,1.7695086390012875,4.686997214997973,1.0551861110034224,1.5138048000007984,10,5184.87,996.02,630.02
509,MiniCPM-v2.6-Q5_K,0.8124999999492188,0.6582805885618694,0.39558640006544493,0.26269098942419056,0.3371785849569357,0.5552184466019418,0.20449112052825777,0.12587412587412586,0.25641025641025644,0.0425531914893617,"A home dining room with a wooden table and chairs, a chandelier, and a large window.",1.3613043340010336,6.767943486000149,1.7712966809995123,4.701151870000103,1.05179031499938,3.1843845380008133,21,5184.87,996.02,630.02
510,MiniCPM-v2.6-Q5_K,0.8333333331944446,0.6741998623483217,0.5147142491101443,0.35084396950083196,0.42510801784923846,0.7735507246376813,0.8031716331042899,0.12499999999999999,0.21428571428571425,0.047619047619047616,Three men smile as they pose for a photo at a party.,1.3613043340010336,7.03799284500019,1.87855691599907,4.90389281500029,1.1344871130004321,2.444906511998852,14,5184.87,996.02,630.02
511,MiniCPM-v2.6-Q5_K,0.9999999998000004,0.816496580759891,0.5503212080324162,6.985342055045127e-05,0.3769978201939643,0.7286689419795221,0.8676402287983566,0.05714285714285715,0.21052631578947367,0.0,"A room with a dining table, chairs, and a couch.",1.3613043340010336,6.981507282000166,1.8935378810001566,4.73899661500036,1.051366332998441,2.3042027470000903,14,5184.87,996.02,630.02
512,MiniCPM-v2.6-Q5_K,0.999999999818182,0.948683297873714,0.8879040015724939,0.8132882806881351,0.4723081657615449,0.8628005657708628,1.4304690382553749,0.10344827586206896,0.25806451612903225,0.07272727272727274,A group of people sit around a table at a restaurant.,1.3613043340010336,6.577792625999791,1.7959324790008395,4.688906616000168,1.0562346410006285,1.9487408730001334,13,5184.87,996.02,630.02
515,MiniCPM-v2.6-Q5_K,0.8749999999453126,0.724568837262677,0.6402895824509343,0.563688260128798,0.46403177156069514,0.7625000000000001,0.38150546073164127,0.07894736842105264,0.21621621621621623,0.048780487804878044,A group of military and civilian people are sitting at a table with drinks and salad.,1.3613043340010336,6.597363811000832,1.7501799990004656,4.700530697999056,1.0589516620002541,2.7198148909992597,18,5184.87,996.02,630.02
522,MiniCPM-v2.6-Q5_K,0.9090909089256201,0.8528028652635105,0.7392788224786261,0.6704226836838146,0.4085352865486801,0.6801529149410641,0.4387264676253272,0.06611570247933884,0.12903225806451613,0.0,A fancy dinner table is set with white tablecloths and silverware.,1.3613043340010336,6.806796025999574,1.779558927000835,4.672628899001211,1.0548241729993606,2.502970371000629,16,5184.87,996.02,630.02
524,MiniCPM-v2.6-Q5_K,0.9166666665138891,0.7637626156957866,0.6156382500416967,0.40126711442880914,0.3862010033371993,0.7558859975216852,0.5091836774261324,0.11570247933884298,0.21428571428571425,0.0,Two pug dogs sit on a blue rug in a living room.,1.3613043340010336,6.784621732000232,1.8580951759995514,4.882123118000891,1.0679701140015823,2.309244365000268,15,5184.87,996.02,630.02
525,MiniCPM-v2.6-Q5_K,0.9230769229349115,0.8320502942071694,0.722801825461322,0.6591844161413376,0.42141986700263195,0.8182926829268292,0.7260810636519299,0.09599999999999999,0.23529411764705882,0.03125,A group of friends sit around a table eating food and drinking wine.,1.3613043340010336,6.790272569000081,1.7790546189989982,4.683852824000496,1.0574605779984267,2.3514975670004787,15,5184.87,996.02,630.02
527,MiniCPM-v2.6-Q5_K,0.8124999999492188,0.6982120021433543,0.5583915824953921,0.44771188437041143,0.28275532019435157,0.5865384615384615,0.1547809001339503,0.056818181818181816,0.1777777777777778,0.0,"A small, dimly lit room with a pink bed and a table with a flowered tablecloth.",1.3613043340010336,6.641008643997338,1.7797373460016388,4.673647233998054,1.0551700120013265,3.478629542001727,22,5184.87,996.02,630.02
530,MiniCPM-v2.6-Q5_K,0.9999999997777782,0.9999999997708338,0.9999999997625665,0.9999999997524806,0.5469484251077111,0.9384615384615386,1.9454971483341867,0.09638554216867469,0.19999999999999998,0.047619047619047616,Three men sitting at a table eating and drinking.,1.3613043340010336,6.654224715000964,1.7697082989998307,4.670810644000085,1.059123338000063,1.654442223998558,11,5184.87,996.02,630.02
531,MiniCPM-v2.6-Q5_K,0.9999999997142859,0.9999999997023811,0.9283177664322725,0.7952707285024341,0.34993483716671053,0.8090185676392573,0.976825054871089,0.06349206349206349,0.20689655172413793,0.052631578947368425,A table and chairs in a room.,1.3613043340010336,8.088479910000387,2.133543144000214,5.901390741999421,1.300328076000369,1.4214958299999125,9,5184.87,996.02,630.02
534,MiniCPM-v2.6-Q5_K,0.9999999998666668,0.8451542546138172,0.7272363034365337,0.5568544121989327,0.41792433854838545,0.7854077253218884,0.6342983598105869,0.11940298507462686,0.30303030303030304,0.07017543859649122,A statue of a Buddha sits on a table with a mat of autumn leaves.,1.3613043340010336,6.6232065170006535,1.787146529999518,4.721968662999643,1.0594909240007837,2.5471649530009017,17,5184.87,996.02,630.02
535,MiniCPM-v2.6-Q5_K,0.8749999997812503,0.7905694148373941,0.592815550588378,0.45180100167677795,0.2661401507895101,0.6984732824427481,0.37733886445742354,0.02962962962962963,0.125,0.0,A table and chairs in a small kitchenette.,1.3613043340010336,6.662846731000172,1.7760025930001575,4.670497344999603,1.056081828999595,1.6491222929998912,11,5184.87,996.02,630.02
539,MiniCPM-v2.6-Q5_K,0.9999999998000004,0.9428090413882642,0.9196413919320425,0.9036020034112857,0.3764494609981183,0.8049853372434018,0.8410601734181247,0.10526315789473684,0.23076923076923078,0.03636363636363636,A small dining room table with a vase on it.,1.3613043340010336,6.654451189999236,1.7843929149985343,4.722477444998731,1.0622083820016996,1.8049482160004118,12,5184.87,996.02,630.02
541,MiniCPM-v2.6-Q5_K,0.9999999997777782,0.790569414860923,0.44695176744216264,6.210944974110337e-05,0.28805235944614754,0.6666666666666666,0.3393095004357275,0.09174311926605504,0.25,0.03125,A group of four people having a meal together.,1.3613043340010336,8.166695958998389,2.100726983999266,5.946788559000197,1.2845074720007688,1.7274170450000383,11,5184.87,996.02,630.02
545,MiniCPM-v2.6-Q5_K,0.777777777734568,0.5659164583857459,0.39159334911515953,0.2515380359363901,0.31303474840871415,0.5532879818594103,0.22159803857324162,0.08602150537634408,0.2962962962962963,0.0,A woman with a plate of food and a cell phone on the table in front of her.,1.3613043340010336,6.627268742000524,1.772368470999936,4.692896311998993,1.0543963170002826,3.017273830999329,20,5184.87,996.02,630.02
546,MiniCPM-v2.6-Q5_K,0.999999999818182,0.8944271908332274,0.7631428282226833,0.5773502690755045,0.44463865444394446,0.7584369449378331,0.6554760242400586,0.07462686567164178,0.18181818181818182,0.05797101449275362,A group of people sit around a table eating and drinking.,1.3613043340010336,6.6145584839996445,1.809890295000514,4.688187793999532,1.0607516540003417,1.9526596630003041,13,5184.87,996.02,630.02
549,MiniCPM-v2.6-Q5_K,0.7999999996800004,0.7745966689122801,0.7368062993883281,0.6687403046281203,0.38540163269843797,0.5907990314769976,0.2203225895310684,0.017699115044247787,0.06060606060606061,0.0,People having a meal outdoors.,1.3613043340010336,6.747438651000266,1.8070386750005127,4.7320315209999535,1.0545646880000277,1.0696495989996038,7,5184.87,996.02,630.02
550,MiniCPM-v2.6-Q5_K,0.9999999997777782,0.9354143464791199,0.7937005257956488,0.6389431040881217,0.284680126101892,0.594541910331384,0.6814429056301391,0.09803921568627451,0.17391304347826084,0.0,A brown and white dog wearing a red collar.,1.3613043340010336,6.65958915200099,1.7966629160000593,4.685499938999783,1.060327318000418,1.6511243439999816,11,5184.87,996.02,630.02
551,MiniCPM-v2.6-Q5_K,0.6666666665185187,0.4999999998854169,0.329316877925984,4.939382735892778e-05,0.22882379019033558,0.6666666666666666,0.3114107123041846,0.0272108843537415,0.10810810810810811,0.0,People hanging out in a cabin with a dog.,1.3613043340010336,19.7752781349991,1.7760998970006767,14.192687687000216,1.0620159069985675,1.6694736580011522,11,5184.87,996.02,630.02
552,MiniCPM-v2.6-Q5_K,0.9999999998823529,0.968245836436163,0.9331277890909492,0.8728182801056678,0.4814561718833954,0.7757225433526013,1.3833277631295613,0.16363636363636364,0.47619047619047616,0.08571428571428572,A woman reading a book to a young girl and a dog is sleeping on the couch.,1.3613043340010336,6.807576758999858,1.7580208199997287,4.604890489999889,1.0379198450009426,2.854314565000095,19,5184.87,996.02,630.02
553,MiniCPM-v2.6-Q5_K,0.8999999998200003,0.7071067810411981,0.39685026290790326,5.4663255684442885e-05,0.30794150048685776,0.6145063801208865,0.6998003497219423,0.05263157894736843,0.1875,0.0,A person and a dog are outside near a fence.,1.3613043340010336,6.780141355999149,1.7740453549995436,4.701103785000669,1.0558514929998637,1.8157723949989304,12,5184.87,996.02,630.02
556,MiniCPM-v2.6-Q5_K,0.6666666665185187,0.4999999998854169,0.4149132665846075,5.873949093245297e-05,0.27962342794466816,0.594541910331384,0.5867022028730411,0.017857142857142856,0.07407407407407407,0.0,A small pug in a coat and bow tie.,1.3613043340010336,7.065871276998223,1.8755435589991976,4.848787052000262,1.1168088229987916,1.8954997550008557,12,5184.87,996.02,630.02
561,MiniCPM-v2.6-Q5_K,0.9999999997777782,0.9354143464791199,0.8549879731353458,0.7476743904255464,0.49059078691147917,0.8323586744639376,0.7061814689768438,0.09876543209876543,0.16666666666666669,0.06451612903225806,A brown dachshund is sitting on a wooden floor.,1.3613043340010336,6.607160273999398,1.8152094929992018,4.669538059000843,1.0592504190008185,2.1007089119993907,14,5184.87,996.02,630.02
562,MiniCPM-v2.6-Q5_K,0.7499999999375001,0.5838742080702745,0.40852897028427665,5.246341022356036e-05,0.32829530035898663,0.6224489795918368,0.6451594932219501,0.07407407407407406,0.20689655172413793,0.058823529411764705,A sad-looking Saint Bernard dog with a white patch on his face.,1.3613043340010336,19.9875076060016,1.7777630910004518,14.161414511998373,1.0615264150001167,2.346094603999518,15,5184.87,996.02,630.02
563,MiniCPM-v2.6-Q5_K,0.9999999998333334,0.79772403508149,0.5030121207602791,0.3448444257333739,0.35259406473468424,0.7735507246376813,0.7307278132764156,0.16949152542372883,0.47058823529411764,0.0,"A brown dog with his mouth open, standing next to a person.",1.3613043340010336,8.301422225000351,2.1474563810006657,5.995448719999331,1.3120631040001172,2.38338810499954,15,5184.87,996.02,630.02
565,MiniCPM-v2.6-Q5_K,0.7777777776049386,0.6236095643194133,0.4807498566549901,0.3688939731421322,0.3286656018595605,0.639412997903564,0.24535389664994606,0.03508771929824561,0.06666666666666667,0.0,"A small, fluffy dog is being fed a treat.",1.3613043340010336,6.613244340000165,1.7809375309989264,4.703160660999856,1.0563399639995623,1.8037812839993421,12,5184.87,996.02,630.02
566,MiniCPM-v2.6-Q5_K,0.9999999997142859,0.9999999997023811,0.9283177664322725,0.7952707285024341,0.5072418884157028,0.9360613810741688,1.297558481841844,0.11267605633802819,0.3157894736842105,0.052631578947368425,A dog chasing sheep in a field.,1.3613043340010336,6.023716866999166,1.7739706360007403,4.68605475700133,1.0612877570001729,1.3536059540001588,9,5184.87,996.02,630.02
569,MiniCPM-v2.6-Q5_K,0.999999999818182,0.9999999998136365,0.9614997133540659,0.8164965807663341,0.4688953153102325,0.866785079928952,1.3878155987508842,0.17283950617283952,0.3,0.06666666666666667,A small white dog in a sweater on a wooden floor.,1.3613043340010336,7.073282602999825,1.8394374780000362,4.8079386509998585,1.1033373350001057,2.1358421410004667,13,5184.87,996.02,630.02
570,MiniCPM-v2.6-Q5_K,0.9999999996666668,0.9999999996500001,0.999999999627778,0.9036020032446392,0.3722101262511628,0.8356164383561644,1.57111066097368,0.0821917808219178,0.3157894736842105,0.0,A dog standing in the grass.,1.3613043340010336,6.997127250000631,1.8273795300010534,4.865659332001087,1.067208827000286,1.2823505050000676,8,5184.87,996.02,630.02
571,MiniCPM-v2.6-Q5_K,0.9999999997142859,0.9999999997023811,0.9283177664322725,0.7952707285024341,0.3792841923979475,0.8224719101123595,1.5836550504305977,0.07339449541284404,0.25,0.02777777777777778,A dog and a woman in bed.,1.3613043340010336,6.633553290001146,1.7594484740002372,4.686949784998433,1.0557019240004593,1.3449449200015806,9,5184.87,996.02,630.02
574,MiniCPM-v2.6-Q5_K,0.9999999997142859,0.9999999997023811,0.9999999996873018,0.9306048587924521,0.8933333333333332,1.0,2.335111773570473,0.11764705882352941,0.2727272727272727,0.046511627906976744,A black dog standing in the garden.,1.3613043340010336,6.920787648999976,1.8937904390004405,4.896326465999664,1.0926643399998284,1.5038752319997002,9,5184.87,996.02,630.02
575,MiniCPM-v2.6-Q5_K,0.9999999998461542,0.999999999842949,0.9999999998393554,0.9740037462648646,0.9777777777777776,0.9669749009247028,3.2432791012223774,0.20454545454545456,0.4,0.11320754716981131,A young girl sits with her dog in front of a Christmas tree.,1.3613043340010336,20.462216271000216,1.7983161060001294,14.444129491999774,1.0866543629999796,2.4897945490010898,15,5184.87,996.02,630.02
581,MiniCPM-v2.6-Q5_K,0.9999999997777782,0.9999999997708338,0.9999999997625665,0.9999999997524806,1.0,1.0,2.296775994791635,0.13793103448275862,0.20689655172413793,0.10526315789473684,Two dogs are swimming in a body of water.,1.3613043340010336,6.461960683000143,1.780895560999852,4.682447231998594,1.0767415089994756,1.6529744700001174,11,5184.87,996.02,630.02
584,MiniCPM-v2.6-Q5_K,0.8333333332407409,0.6262242910145458,0.4189418027205733,0.26460159520512233,0.30717337063339945,0.6075697211155379,0.20239684862095705,0.06329113924050633,0.1777777777777778,0.0,A person is in a crouched position in the background and a white dog is in the foreground.,1.3613043340010336,6.6881056310012355,1.7749649999987014,4.662394191000203,1.0624381829984486,3.374356694999733,22,5184.87,996.02,630.02
585,MiniCPM-v2.6-Q5_K,0.9999999996666668,0.9999999996500001,0.9085602960778836,0.7071067809007587,0.30682430845229675,0.6559139784946236,0.9090863185392881,0.0392156862745098,0.17391304347826084,0.0,A dog laying on the floor.,1.3613043340010336,6.999719768999057,1.8805377570006385,4.809796527000799,1.1278888470005768,1.3293847200002347,8,5184.87,996.02,630.02
590,MiniCPM-v2.6-Q5_K,0.9999999997777782,0.9999999997708338,0.9499142513674551,0.8694417436747791,0.3553184500461984,0.6666666666666666,1.5263592723925978,0.16666666666666669,0.3157894736842105,0.0625,A black and white dog sleeping on a rug.,1.3613043340010336,6.831356878999941,1.7955215570000291,4.681036083000436,1.0565273859992885,1.7484615009998379,11,5184.87,996.02,630.02
591,MiniCPM-v2.6-Q5_K,0.8333333331944446,0.728219081130291,0.6424382212448114,0.545246911865121,0.4824021066567701,0.7820512820512819,1.0927539979068772,0.12987012987012989,0.18181818181818182,0.05263157894736842,A brown and white dog wearing a collar looks out a window.,1.3613043340010336,6.611665967999215,1.772526791000928,4.709990058001495,1.0576694480005244,2.1067166709999583,14,5184.87,996.02,630.02
593,MiniCPM-v2.6-Q5_K,0.35714285709183685,0.23440361543511762,1.6605391601226059e-06,4.51688122026784e-09,0.19484948306579936,0.19122257053291536,0.04924937760705555,0.06382978723404255,0.21428571428571425,0.0,A dog lies on a bed while another dog looks in from a doorway.,1.3613043340010336,6.632256303000759,1.7945683059988369,4.71776366999984,1.0563283930023317,2.419074001001718,16,5184.87,996.02,630.02
594,MiniCPM-v2.6-Q5_K,0.999999999818182,0.9999999998136365,0.9999999998084177,0.9999999998023361,0.5227741227478632,1.0,2.5522971145863793,0.10204081632653061,0.23076923076923078,0.0851063829787234,"A man is sitting on a bench, next to a dog.",1.3613043340010336,6.78544319699904,1.7854190110010677,4.719569707998744,1.055937475999599,2.118581886001266,14,5184.87,996.02,630.02
596,MiniCPM-v2.6-Q5_K,0.9999999997777782,0.9999999997708338,0.9499142513674551,0.8694417436747791,0.48259694613957305,0.7777777777777778,1.8806781861730153,0.12,0.24000000000000002,0.10526315789473684,A man and his dog walk on the beach.,1.3613043340010336,6.661163296999803,1.7763592800001788,4.685161371999129,1.0577422960013791,1.6494174049985304,11,5184.87,996.02,630.02
597,MiniCPM-v2.6-Q5_K,0.9411764704775086,0.7276068750220607,0.5609068938120407,0.3350704079100343,0.3505486858384822,0.5892296546727843,0.3054795103473975,0.15384615384615385,0.2702702702702703,0.11594202898550725,A woman in red shirt and a child in a black costume sit together at a table.,1.3613043340010336,6.792518170999756,1.7680389390006894,4.681902991998868,1.0474294390005525,2.9690880269990885,19,5184.87,996.02,630.02
598,MiniCPM-v2.6-Q5_K,0.9999999998000004,0.9999999997944449,0.8549879731570598,0.6500593258915242,0.3996954702217728,0.832764505119454,1.4961495876062578,0.15217391304347827,0.33333333333333337,0.09756097560975609,A dog drinks from a blue bowl in a kitchen.,1.3613043340010336,6.617718636000063,1.8104666279996309,4.664683754999714,1.055848017000244,1.801092752999466,12,5184.87,996.02,630.02
599,MiniCPM-v2.6-Q5_K,0.7999999998400004,0.7302967431901053,0.6933612742036167,0.6606328634575929,0.45107349599946645,0.7849264705882353,0.9591904493085656,0.09259259259259259,0.19999999999999998,0.04081632653061224,A black dog standing in a room with unfinished walls.,1.3613043340010336,6.794384512999386,1.7849466200004827,4.707500649999929,1.0567384340010904,1.7954290390007372,12,5184.87,996.02,630.02
603,MiniCPM-v2.6-Q5_K,0.9999999996666668,0.8944271906868665,0.5848035474248966,9.036020032446394e-05,0.413084760778755,0.7393939393939394,0.907399034882852,0.052631578947368425,0.13333333333333333,0.0,A person and a white horse.,1.3613043340010336,7.005587609999566,1.7895694769995316,4.710796700001083,1.052900196000337,1.276222651000353,8,5184.87,996.02,630.02
605,MiniCPM-v2.6-Q5_K,0.9999999997142859,0.9999999997023811,0.9999999996873018,0.9306048587924521,0.4996193377772159,1.0,2.4095777769563167,0.16901408450704225,0.21052631578947367,0.06451612903225806,Two brown horses in a grassy field.,1.3613043340010336,6.672946508000678,1.7805619160008064,4.707289921998381,1.0558763729986822,1.512652559000344,10,5184.87,996.02,630.02
609,MiniCPM-v2.6-Q5_K,0.9999999996000004,0.8660254034163782,0.6299605246569553,0.00010573712628898506,0.3308534455565891,0.7155425219941348,1.5717557267279645,0.04195804195804196,0.10526315789473684,0.0,Two women on a donkey.,1.3613043340010336,6.80199758299932,1.7508040569991863,4.747863323000274,1.0529376079994108,1.2164736529994116,8,5184.87,996.02,630.02
610,MiniCPM-v2.6-Q5_K,0.8333333330555557,0.8164965806419523,0.6933612740925504,0.00010266900956653873,0.2918892587450871,0.7587064676616916,0.8819917713627247,0.042105263157894736,0.12903225806451613,0.0,A race horse in a race.,1.3613043340010336,20.276480090000405,1.8016799019987957,14.100264566999613,1.0617619000004197,1.217820866000693,8,5184.87,996.02,630.02
612,MiniCPM-v2.6-Q5_K,0.9090909089256201,0.8528028652635105,0.7392788224786261,0.6238986070884277,0.4709435014944855,0.9165275459098498,1.3461495756921389,0.058252427184466014,0.19999999999999998,0.0,A jockey on a horse with a man petting the horse.,1.3613043340010336,5.777010035000785,1.7807586430008087,4.701127403999635,1.0533912539995072,2.252583030000096,15,5184.87,996.02,630.02
617,MiniCPM-v2.6-Q5_K,0.9999999997142859,0.9128709289035893,0.7937005257359111,0.5946035573035137,0.4443438716486749,0.9360613810741688,2.0012164983286707,0.10256410256410256,0.2727272727272727,0.0,A jockey in blue riding a horse.,1.3613043340010336,19.730129421999663,1.7939338779997342,14.438535743000102,1.0855204799991043,1.7454821549999906,10,5184.87,996.02,630.02
618,MiniCPM-v2.6-Q5_K,0.7999999998400004,0.5962847938773745,0.3542195229857629,5.019724247692751e-05,0.43518963092076196,0.7854077253218884,1.0338120806468407,0.03883495145631068,0.18181818181818182,0.0,A man in a black tank top petting a horse.,1.3613043340010336,7.167334732999734,1.8232428020000953,4.823112215999572,1.1312169909997465,2.3393898960002844,13,5184.87,996.02,630.02
620,MiniCPM-v2.6-Q5_K,0.8823529410726644,0.7788566279578417,0.6566096689301703,0.4484416534904152,0.3739237754347124,0.6494296577946769,0.4325432975473038,0.10714285714285714,0.33333333333333337,0.028169014084507043,A man with a Mazda shirt is standing on a street with a horse-drawn carriage behind him.,1.3613043340010336,6.657451264998599,1.8028381320000335,4.697254488999533,1.0569376340008603,3.1539773650001734,21,5184.87,996.02,630.02
621,MiniCPM-v2.6-Q5_K,0.9999999997500004,0.9999999997410718,0.9410360286270985,0.8408964150152106,0.444148062557748,0.875,1.1450762647896533,0.09009009009009009,0.1875,0.0,A person in equestrian gear rides a horse.,1.3613043340010336,6.669561799000803,1.7843285300004936,4.673008371999458,1.0619948180010397,1.8096478860006755,12,5184.87,996.02,630.02
622,MiniCPM-v2.6-Q5_K,0.7999999998400004,0.5962847938773745,0.44628863329348356,0.3356891924299591,0.37666169517660775,0.7854077253218884,0.7678533548682069,0.075,0.21052631578947367,0.05263157894736842,A horse wearing a halter stands in a grassy field.,1.3613043340010336,6.644045584000196,1.7858615149998514,4.708691583000473,1.0596467920004216,2.1036745340006746,14,5184.87,996.02,630.02
624,MiniCPM-v2.6-Q5_K,0.8461538460236689,0.7510676160808549,0.6751063810707115,0.5923033071047642,0.45457796003908213,0.7691230036424768,1.1641599116655637,0.22784810126582278,0.5263157894736842,0.10526315789473684,A jockey rides a grey horse with the number 6 on its side.,1.3613043340010336,19.759558650001054,1.824810398000409,14.13476034300038,1.061662811000133,2.5783184169995366,17,5184.87,996.02,630.02
626,MiniCPM-v2.6-Q5_K,0.9394130626960491,0.9075592407861178,0.8206528998857824,0.6996579199170951,0.3632992725814603,0.842964824120603,0.5680977765409955,0.125,0.3636363636363636,0.03389830508474576,A closeup of a horse's face with a tree and blue sky in the background.,1.3613043340010336,6.797679773999334,1.7787247779997415,4.687564709000071,1.0577223980017152,2.954575969000871,19,5184.87,996.02,630.02
627,MiniCPM-v2.6-Q5_K,0.8888888886913584,0.8819171034860912,0.8735804645288816,0.863340021156757,0.4975333396914027,0.9512670565302144,2.3737199983565245,0.11904761904761907,0.2222222222222222,0.125,A man is riding a horse in a field.,1.3613043340010336,6.315101549998872,1.7840398400003323,4.779792051998811,1.067695712999921,1.672983310998461,11,5184.87,996.02,630.02
629,MiniCPM-v2.6-Q5_K,0.9999999996666668,0.8944271906868665,0.7368062994538218,0.604275079227126,0.29714285714285715,0.6666666666666666,1.0089442344330797,0.06818181818181818,0.16666666666666669,0.0,A brown horse running on sand.,1.3613043340010336,6.639435240000239,1.781153419000475,4.677654208000604,1.0679978849984764,1.269155113999659,8,5184.87,996.02,630.02
630,MiniCPM-v2.6-Q5_K,0.4999999999000002,0.4082482903799455,0.27516060401620823,4.153509236293698e-05,0.3819999987388553,0.6421052631578947,1.3131609813271221,0.08163265306122448,0.16,0.03508771929824561,Two horses stand next to each other behind a fence.,1.3613043340010336,6.612994376999268,1.7770280369986722,4.720140800000081,1.0581962550004391,1.7999608340014674,12,5184.87,996.02,630.02
631,MiniCPM-v2.6-Q5_K,0.8571428568979593,0.8451542544769828,0.7539474408933958,0.572124842264484,0.3773598823853845,0.6853932584269663,0.8436634215973142,0.07575757575757576,0.1875,0.05633802816901409,Children look at horses behind a fence.,1.3613043340010336,6.585979118000978,1.776473571000679,4.689260113998898,1.054281565000565,1.3437056050006504,9,5184.87,996.02,630.02
632,MiniCPM-v2.6-Q5_K,0.9999999997142859,0.9999999997023811,0.9999999996873018,0.9999999996672622,1.0,1.0,1.99800950595326,0.05607476635514019,0.14814814814814814,0.03636363636363636,A man is sitting on a horse.,1.3613043340010336,6.773790519000613,1.7736933340001997,4.705791630998647,1.0608661969999957,1.3558486609999818,9,5184.87,996.02,630.02
633,MiniCPM-v2.6-Q5_K,0.9999999999333334,0.9999999999309525,0.9162603270085081,0.7875110620515292,0.401835681105667,0.7187745483110761,0.6544615513713332,0.10256410256410256,0.25,0.0,A brown and white horse standing in a field with other horses in the background.,1.3613043340010336,6.634884103999866,1.807215474998884,4.713228092999998,1.0863323740013584,2.8084156639997673,17,5184.87,996.02,630.02
634,MiniCPM-v2.6-Q5_K,0.9999999998000004,0.8819171035069142,0.8355496556502636,0.8034284187681051,0.5279124806700477,0.9070631970260222,1.6094763410026813,0.11235955056179775,0.2222222222222222,0.1,A man is riding a horse in a dark arena.,1.3613043340010336,6.87424008799826,1.7653422519997548,4.8209907860000385,1.1341268100004527,1.876729076000629,12,5184.87,996.02,630.02
635,MiniCPM-v2.6-Q5_K,0.9999999998571432,0.9999999998543959,0.9085602962810064,0.799751304389242,0.5502333589095307,0.8994638069705092,1.2012903575959086,0.16071428571428573,0.2857142857142857,0.1,A man wearing a black suit and top hat is riding a white horse.,1.3613043340010336,6.826804393000202,1.7641607760015177,4.6779901679983595,1.0591923870015307,2.5120677380000416,16,5184.87,996.02,630.02
639,MiniCPM-v2.6-Q5_K,0.9999999997777782,0.9999999997708338,0.9999999997625665,0.9554427919678762,0.4486619791646135,0.7777777777777778,1.3902559025743988,0.06666666666666667,0.17647058823529413,0.03076923076923077,A rider is jumping a horse over a hurdle.,1.3613043340010336,6.803351626000222,1.7849701140003162,4.665680230000362,1.058780007999303,1.7515753629995743,11,5184.87,996.02,630.02
640,MiniCPM-v2.6-Q5_K,0.9999999998333334,0.9045340335791091,0.83045471403132,0.7510499814360355,0.5486720405760996,0.9242424242424241,1.795405752224194,0.12244897959183673,0.25,0.08,A black horse is galloping with its mane blowing in the wind.,1.3613043340010336,6.818964734000474,1.8699642899991886,4.834621435000372,1.0764375689996086,2.7104800550005166,16,5184.87,996.02,630.02
643,MiniCPM-v2.6-Q5_K,0.9999999996666668,0.9999999996500001,0.793700525688667,0.6389431039880333,0.3589014087673215,0.7587064676616916,1.4606586668762402,0.08196721311475409,0.17647058823529413,0.06060606060606061,People with horses in a field.,1.3613043340010336,6.620440676997532,1.7694112509998376,4.6552547569990566,1.058709874003398,1.2614363729990146,8,5184.87,996.02,630.02
645,MiniCPM-v2.6-Q5_K,0.9999999996666668,0.9999999996500001,0.999999999627778,0.9999999995958335,0.4766362624370249,1.0,1.7355668450848294,0.09302325581395349,0.17391304347826084,0.046511627906976744,A brown horse in a stable.,1.3613043340010336,5.807862790999934,1.7992887440013874,4.71050830799868,1.0595907219976652,1.2136778370004322,8,5184.87,996.02,630.02
646,MiniCPM-v2.6-Q5_K,0.9999999996666668,0.9999999996500001,0.9085602960778836,0.8408964149138524,0.48868490782586277,0.9104477611940297,1.0775322329287083,0.0625,0.14285714285714288,0.0,A horse wearing a blue bridle.,1.3613043340010336,6.617402581003262,1.8246601630016812,4.685461803997896,1.0580651679993025,1.3481760510003369,9,5184.87,996.02,630.02
650,MiniCPM-v2.6-Q5_K,0.9999999998000004,0.9999999997944449,0.9999999997879634,0.9999999997802583,0.9400000000000001,1.0,3.776673314958425,0.13513513513513511,0.24000000000000002,0.05405405405405406,A woman sitting on the hood of a white car.,1.3613043340010336,6.675073298998541,1.7880849470002431,4.729073259999495,1.0576849099998071,1.8005050280007708,12,5184.87,996.02,630.02
651,MiniCPM-v2.6-Q5_K,0.9999999998000002,0.9999999997750002,0.8735804645081976,0.00013512001543735248,0.3500686819754815,0.6472148541114059,0.5063189562336939,0.03738317757009346,0.14814814814814814,0.0,A person riding a motorcycle.,1.3613043340010336,6.7931621359985,1.7774381810013438,4.673791651999636,1.0579343730005348,1.1552701970013004,7,5184.87,996.02,630.02
652,MiniCPM-v2.6-Q5_K,0.9999999997500004,0.9999999997410718,0.9410360286270985,0.8408964150152106,0.369475681927896,0.8714285714285713,2.376405438868819,0.0588235294117647,0.14814814814814814,0.0,A red car is sitting on a truck.,1.3613043340010336,6.668605107000985,1.7711546840000665,4.652383777000068,1.0793116240001837,1.5315986229998089,10,5184.87,996.02,630.02
653,MiniCPM-v2.6-Q5_K,0.9999999997500004,0.8451542545096824,0.7094917057937421,0.5169731538105413,0.34369588392319195,0.6708211143695014,0.6276651113065648,0.05673758865248227,0.15789473684210528,0.0,A motocross rider jumps on a dirt track.,1.3613043340010336,6.813719690999278,1.792734576998555,4.683804558000702,1.0593801499999245,1.8457836309989943,12,5184.87,996.02,630.02
654,MiniCPM-v2.6-Q5_K,0.9090909089256201,0.797724035068799,0.7070947561413086,0.6484115070115969,0.39275571201744486,0.7765205091937766,0.6304229059496544,0.06369426751592357,0.17391304347826084,0.029411764705882356,A group of people stand near a motorcycle and a building.,1.3613043340010336,6.809119994999492,1.7758031809989916,4.707410667999284,1.0617637369996373,1.9640528649997577,13,5184.87,996.02,630.02
656,MiniCPM-v2.6-Q5_K,0.9999999997777782,0.8660254035859749,0.5984084804464933,0.4347208718373896,0.4047653176160075,0.5893719806763285,0.8778571421812367,0.06611570247933884,0.17647058823529413,0.0,"A banner above a sidewalk that says ""Borkop Rocker"".",1.3613043340010336,8.077735503999065,2.154377684000792,5.888972462000311,1.337048560999392,2.385216696000498,15,5184.87,996.02,630.02
657,MiniCPM-v2.6-Q5_K,0.9999999997777782,0.9354143464791199,0.8549879731353458,0.7476743904255464,0.47664833374148197,0.8951781970649895,1.5297860372747385,0.15384615384615385,0.21052631578947367,0.1111111111111111,A yellow and black motorcycle parked on the street.,1.3613043340010336,6.594086064000294,1.784915968999485,4.705259424999895,1.0544996410008025,1.7347461869994731,11,5184.87,996.02,630.02
658,MiniCPM-v2.6-Q5_K,0.8333333330555557,0.5773502689875534,0.4367902322055667,7.259795288220608e-05,0.39214801947684375,0.6256410256410255,0.6723108798229994,0.04838709677419355,0.12903225806451613,0.0,Three people sitting on dirt bikes.,1.3613043340010336,6.611646002998896,1.8112185720001435,4.671113001999402,1.061477826000555,1.199299982001321,8,5184.87,996.02,630.02
660,MiniCPM-v2.6-Q5_K,0.7777777776049386,0.6972166886186177,0.517872084202683,6.936319082096155e-05,0.4027704706042566,0.6559139784946236,1.0676375235293156,0.08888888888888889,0.06666666666666667,0.0,A parked orange motor scooter with a red seat.,1.3613043340010336,6.620646977000433,1.797102601000006,4.673760693000077,1.0567842969994672,1.7466195920005703,11,5184.87,996.02,630.02
662,MiniCPM-v2.6-Q5_K,0.9999999998000004,0.9428090413882642,0.8735804645510677,0.7856293016283906,0.3769978201939643,0.850597609561753,0.9996852854026216,0.07692307692307693,0.16666666666666669,0.0,A yellow and black motorcycle is parked on a sidewalk.,1.3613043340010336,6.674926576999496,1.7807216479995986,4.723798730999988,1.0582911469991814,1.7947699510004895,12,5184.87,996.02,630.02
663,MiniCPM-v2.6-Q5_K,0.9999999997500004,0.9258200995328305,0.753947440925708,0.5410822689004724,0.43217731325829456,0.75,0.9372037069496857,0.0879120879120879,0.24000000000000002,0.0,A woman riding a moped on the street.,1.3613043340010336,7.399555555000916,1.8406594849984685,4.930046061999747,1.1248149479997664,1.7272140280001622,11,5184.87,996.02,630.02
664,MiniCPM-v2.6-Q5_K,0.7777777776049386,0.6236095643194133,0.38157141409384626,5.51625153137941e-05,0.45584790183549256,0.7530864197530864,1.2472494317054048,0.05194805194805195,0.1904761904761905,0.0,A man in a white t-shirt riding a motorcycle.,1.3613043340010336,6.997338870000021,1.7756354709999869,4.852993136000805,1.071861902000819,1.8988230399991153,12,5184.87,996.02,630.02
665,MiniCPM-v2.6-Q5_K,0.999999999818182,0.948683297873714,0.8879040015724939,0.8132882806881351,0.38869128896080407,0.7128547579298832,0.7058825623516797,0.11881188118811882,0.33333333333333337,0.04,A moped in front of the stairs of an ancient temple.,1.3613043340010336,8.01136244600093,2.1338092269998015,5.787743095999758,1.378463107999778,2.2061628499996004,14,5184.87,996.02,630.02
666,MiniCPM-v2.6-Q5_K,0.9999999997500004,0.7559289458227232,0.57536958250953,0.4417918225578522,0.43454915456371634,0.8798076923076923,0.9003531463799976,0.05673758865248227,0.15384615384615383,0.029411764705882356,A street in India with people riding motorcycles.,1.3613043340010336,6.800709709999865,1.779535866000515,4.664532945998872,1.0539417479994881,1.5139624949988502,10,5184.87,996.02,630.02
669,MiniCPM-v2.6-Q5_K,0.8999999998200003,0.9486832978555071,0.8772053212778601,0.7333845334911964,0.3887152710748134,0.7557522123893805,0.9526307174681112,0.09448818897637795,0.13793103448275862,0.0,Four dirt bike riders are racing on a dirt track.,1.3613043340010336,7.003402243999517,1.8368664019999414,4.897273797001617,1.0592864840000402,1.933839491000981,12,5184.87,996.02,630.02
672,MiniCPM-v2.6-Q5_K,0.9999999996666668,0.9999999996500001,0.999999999627778,0.9036020032446392,0.48406698485029875,0.9104477611940297,1.605876415849403,0.0689655172413793,0.14285714285714288,0.0689655172413793,A scooter parked on the sidewalk.,1.3613043340010336,7.950012584000433,2.1312449069992,5.911347543000375,1.3539526200002001,1.3128227070010325,8,5184.87,996.02,630.02
673,MiniCPM-v2.6-Q5_K,0.9999999998333334,0.9999999998295456,0.9999999998252527,0.9709835432401888,0.4793979087924899,0.8261851015801355,1.3329276714957072,0.08080808080808081,0.24000000000000002,0.0,A red moped parked next to a wall with graffiti on it.,1.3613043340010336,19.698829411998304,1.8098143200004415,14.110537521999504,1.061791871998139,2.2843119309982285,15,5184.87,996.02,630.02
674,MiniCPM-v2.6-Q5_K,0.8571428568979593,0.6546536705131399,0.4409111381704973,6.803749330907337e-05,0.36628244195402204,0.7625000000000001,1.0513464260151704,0.19512195121951217,0.4444444444444445,0.1111111111111111,A man works on his red motorcycle.,1.3613043340010336,6.644624877999377,1.800012367999443,4.665862761999961,1.0532763579994935,1.3587445760003902,9,5184.87,996.02,630.02
676,MiniCPM-v2.6-Q5_K,0.8749999997812503,0.8660254035602003,0.8549879731076379,0.8408964150152105,0.3887662972078962,0.7966417910447762,0.934939599063801,0.01694915254237288,0.048780487804878044,0.0,A motorcycle is parked on a gravel surface.,1.3613043340010336,6.639518156996928,1.7812324240003363,4.68487255600121,1.0587622109997028,1.539708119998977,10,5184.87,996.02,630.02
677,MiniCPM-v2.6-Q5_K,0.6666666666296297,0.485071250044925,0.35334920129456326,0.23287896952722034,0.28699212107730554,0.5083333333333333,0.07076042904589777,0.07407407407407407,0.12903225806451613,0.0,"A young man is wearing a white t-shirt with a green graphic and the word ""hope"" on it.",1.3613043340010336,6.7892529720011225,1.780354084999999,4.710995953000747,1.0603810440006782,3.4857077229989955,23,5184.87,996.02,630.02
678,MiniCPM-v2.6-Q5_K,0.588235294048443,0.5072996561352775,0.3249545513651914,3.956716728963071e-05,0.3462819961571228,0.5406203840472673,0.1942529902734475,0.03669724770642201,0.14285714285714285,0.0,A man wearing a black helmet and a gray shirt is riding a motorcycle on a ramp.,1.3613043340010336,6.792707856999186,1.7749891109997407,4.684690430000046,1.0513105659993016,2.8454451230009,19,5184.87,996.02,630.02
681,MiniCPM-v2.6-Q5_K,0.7499999998125003,0.6546536705384689,0.4149132665711613,6.147881527768917e-05,0.391934081659344,0.7176470588235294,1.291737923430998,0.057971014492753624,0.2222222222222222,0.0,A man with a motorcycle and a book.,1.3613043340010336,6.627391472999079,1.7852621899983205,4.6959534819998225,1.0541174989994033,1.4981067909993726,10,5184.87,996.02,630.02
683,MiniCPM-v2.6-Q5_K,0.8999999998200003,0.8366600263620957,0.7591472428079485,0.7071067810311668,0.4285908264153471,0.7000000000000001,2.057059712923398,0.08695652173913045,0.28571428571428575,0.0,A motorcycle and a car are parked on the street.,1.3613043340010336,6.581561159000557,1.8060204510002222,4.670699805999902,1.0547095080000872,1.7942142889987736,12,5184.87,996.02,630.02
684,MiniCPM-v2.6-Q5_K,0.9166666665138891,0.8660254036368208,0.7663094322596425,0.5623413250893124,0.4619615250940244,0.580952380952381,1.0949131014802376,0.06451612903225806,0.2608695652173913,0.0,A bike rack at night with a scooter parked next to it.,1.3613043340010336,6.776767293999001,1.7800341920010396,4.711769895000543,1.062732402999245,2.10364120200029,14,5184.87,996.02,630.02
685,MiniCPM-v2.6-Q5_K,0.9999999998666668,0.9636241115286541,0.8298265332514458,0.6147881528644228,0.4404225242686343,0.6547824420164844,1.0346970508175344,0.11023622047244096,0.2857142857142857,0.06060606060606061,A motorcycle parked near a wall with graffiti and a dog sitting on a ledge.,1.3613043340010336,6.661245293998945,1.7757321659992158,4.681232766999528,1.0621107120005036,2.676318727000762,17,5184.87,996.02,630.02
687,MiniCPM-v2.6-Q5_K,0.9166666665138891,0.8660254036368208,0.8067143228713007,0.7348889199554272,0.5347623527743243,0.8798076923076923,1.2753494829932812,0.12962962962962962,0.2222222222222222,0.0425531914893617,Two women pose for a photo on a red and yellow motorcycle.,1.3613043340010336,19.693277712000054,1.8086564620007266,14.164102140999603,1.064894954999545,2.1138710150007682,14,5184.87,996.02,630.02
688,MiniCPM-v2.6-Q5_K,0.9999999997500004,0.9999999997410718,0.9999999997301591,0.9999999997163694,0.4358550777105225,0.7981308411214955,0.6329139724389398,0.06611570247933884,0.21428571428571425,0.03389830508474576,A person riding a bike in the woods.,1.3613043340010336,6.813986525001383,1.7795210880030936,4.660079599998426,1.0687176599967643,1.498169581998809,10,5184.87,996.02,630.02
690,MiniCPM-v2.6-Q5_K,0.7777777776049386,0.6972166886186177,0.6524779400398905,0.6104735834296803,0.2905595142185128,0.6069651741293532,0.7206493600290443,0.07142857142857142,0.11764705882352941,0.04545454545454545,"Caption: ""Colorful Suzuki motorcycles lined up on a street.""",1.3613043340010336,6.627319227998669,1.7744035540017649,4.700128933000087,1.0555416099996364,2.1085372529996675,14,5184.87,996.02,630.02
691,MiniCPM-v2.6-Q5_K,0.3636363636198348,0.322329185595152,0.27492216321059015,0.2162601067486027,0.34129078794195183,0.3639618138424821,0.04707811062331448,0.08064516129032258,0.20689655172413793,0.037735849056603765,A man wearing a red and white checkered shirt and a man wearing a red shirt ride dirt bikes on a course.,1.3613043340010336,6.81856127500032,1.7766940259989497,4.70064703800017,1.0556716610008152,3.8472120980004547,25,5184.87,996.02,630.02
692,MiniCPM-v2.6-Q5_K,0.5199999999792001,0.44158804329836093,0.2940871238449009,3.279074903308138e-05,0.2561698654202727,0.40056285178236395,0.02153576715060968,0.07476635514018691,0.25,0.0,A person wearing a red and black jacket and a helmet is running behind a motorcycle that is on its side in a dirt field.,1.3613043340010336,6.747292308999022,1.780048999000428,4.714349832000153,1.0566375750004227,4.078201536998677,27,5184.87,996.02,630.02
707,MiniCPM-v2.6-Q5_K,0.8461538460236689,0.7966275066905804,0.660738031400086,0.542378283682493,0.41705672963239676,0.7960848287112561,0.6242874905012773,0.11428571428571428,0.25806451612903225,0.07692307692307691,A man wearing a sweater is posing for a photo in a garden.,1.3613043340010336,8.686113735999243,2.1421669800001837,5.88312381400101,1.3514337639990117,2.362810040000113,15,5184.87,996.02,630.02
708,MiniCPM-v2.6-Q5_K,0.8999999998200003,0.774596669082261,0.7211247850007994,0.6331602188170473,0.4649903708049833,0.7729905865314989,1.4754572044284797,0.08247422680412372,0.16,0.04347826086956522,Two women paddling in a red canoe on a lake.,1.3613043340010336,6.930126761000793,1.7544019350007147,4.66559919700012,1.047407418000148,1.9838419469997461,13,5184.87,996.02,630.02
709,MiniCPM-v2.6-Q5_K,0.8749999997812503,0.7905694148373941,0.6786044039656115,8.891397047672742e-05,0.3455700419625743,0.7970383275261324,0.8082947908732768,0.11235955056179775,0.21052631578947367,0.05128205128205127,A little girl on a mechanical animal ride.,1.3613043340010336,6.8532086110008095,1.8117192090012395,4.758315060000314,1.050779553999746,1.5642633560000831,10,5184.87,996.02,630.02
710,MiniCPM-v2.6-Q5_K,0.9999999997777782,0.9354143464791199,0.7937005257956488,0.6389431040881217,0.32817683566321953,0.7667789001122334,0.7098211165791285,0.07692307692307693,0.23529411764705882,0.034482758620689655,A group of friends in a street at night.,1.3613043340010336,7.997395307000261,2.141706795000573,5.578712679000091,1.1050079300002835,1.8408628209999733,11,5184.87,996.02,630.02
714,MiniCPM-v2.6-Q5_K,0.9999999996000004,0.9999999995750004,0.9999999995388893,0.8408964148157482,0.3796952092031439,0.8714285714285713,0.8990920222656407,0.04395604395604395,0.07999999999999999,0.0,Two men laughing and drinking.,1.3613043340010336,6.689734244999272,1.7802792830007093,4.706632486002491,1.0569539979987894,1.0481982700002845,7,5184.87,996.02,630.02
716,MiniCPM-v2.6-Q5_K,0.9999999997500004,0.9258200995328305,0.8298265331423224,0.6914415690877681,0.48548461491460776,0.8097345132743362,0.8679063145470706,0.06666666666666667,0.19354838709677416,0.028571428571428574,A mother helping her children with their homework.,1.3613043340010336,6.789695495999695,1.7890315789991291,4.700284709000698,1.0568188359993655,1.5169803049993789,10,5184.87,996.02,630.02
718,MiniCPM-v2.6-Q5_K,0.4130434782518904,0.2709796148930639,0.18828982527594898,0.11162282905849125,0.2604393831508707,0.3248520710059172,7.4382996760947e-08,0.06153846153846154,0.22222222222222224,0.0,A man in a white shirt and a woman in a white shirt and pants are sitting at a table with drinks. A woman with sunglasses on her head is sitting next to them and a woman in a black shirt is sitting across from them.,1.3613043340010336,7.323203297999498,1.8537885879995883,5.003495210999972,1.0654091309988871,7.651902847999736,49,5184.87,996.02,630.02
719,MiniCPM-v2.6-Q5_K,0.8333333330555557,0.7071067809390603,0.49999999981388915,8.034284186199331e-05,0.4087155950397489,0.6666666666666666,0.613220405941657,0.08602150537634409,0.2857142857142857,0.0,Two women smile at the camera.,1.3613043340010336,6.634953657001461,1.7813655610007118,4.702348910999717,1.0574725219994434,1.199971751000703,8,5184.87,996.02,630.02
720,MiniCPM-v2.6-Q5_K,0.818181818033058,0.6396021489476329,0.5147142491014792,0.4296943522970798,0.4204122910426401,0.7504393673110721,0.7932729612621016,0.08849557522123895,0.23076923076923078,0.029411764705882356,Three women and a young girl are standing on a beach.,1.3613043340010336,6.567739588001132,1.765432616999533,4.817226658999061,1.0875448379993031,2.0396466689999215,13,5184.87,996.02,630.02
721,MiniCPM-v2.6-Q5_K,0.9999999998000004,0.9999999997944449,0.9564655911833888,0.7825422898646865,0.44060180350228234,0.7439024390243903,1.2534092575130424,0.08163265306122448,0.24000000000000002,0.03636363636363636,A girl taking a picture of herself with a camera.,1.3613043340010336,6.768784230000165,1.815282917001241,4.663912005000384,1.0542691230002674,1.8033271950007475,12,5184.87,996.02,630.02
723,MiniCPM-v2.6-Q5_K,0.9166666665138891,0.8164965807885507,0.6933612742294717,0.43869133757201056,0.45756625811552815,0.7735507246376813,1.2683637395681833,0.15,0.2608695652173913,0.0,A young girl sits on a floral couch wearing a pink dress.,1.3613043340010336,5.864258712999799,1.778634606000196,4.673463149998497,1.0580011520014523,2.204203442001017,14,5184.87,996.02,630.02
726,MiniCPM-v2.6-Q5_K,0.8571428570816327,0.8119979428809196,0.7603371308182669,0.6685732242586269,0.4392405800116129,0.7113702623906706,0.6272807092068997,0.1,0.24,0.04081632653061225,Two girls standing in a store with clothes hanging on the wall behind them.,1.3613043340010336,6.079395647999263,1.7798749369994766,4.670797451999533,1.0640835020003578,2.52884006900058,16,5184.87,996.02,630.02
727,MiniCPM-v2.6-Q5_K,0.8571428570816327,0.679366220436365,0.535832289795743,0.40896014717138585,0.38470039894415475,0.6545064377682404,0.5588999818951459,0.0759493670886076,0.1904761904761905,0.05555555555555555,A boy throws a ball to another boy who is wearing a baseball mitt.,1.3613043340010336,6.632235936000143,1.7825289850006811,4.687756027000432,1.0647158510000736,2.5011716130011337,16,5184.87,996.02,630.02
735,MiniCPM-v2.6-Q5_K,0.9999999999230771,0.8660254037150458,0.6985747127120858,0.4296943523442915,0.41378451879249684,0.7809388335704124,0.9287129969597936,0.18181818181818182,0.3636363636363636,0.06896551724137931,A woman with brown hair wearing a black top and a silver necklace.,1.3613043340010336,6.800264524999875,1.7728970980006125,4.674095268999736,1.054825028999403,2.348641714999758,15,5184.87,996.02,630.02
736,MiniCPM-v2.6-Q5_K,0.9999999997777782,0.9354143464791199,0.8549879731353458,0.8034284187457875,0.9294117647058824,0.8888888888888888,2.9392722230106867,0.07547169811320754,0.23076923076923078,0.0,A woman with a bikini top and jeans on.,1.3613043340010336,6.061423250999724,1.7860416379990056,4.658775075999074,1.054507951001142,1.7646557759999268,11,5184.87,996.02,630.02
737,MiniCPM-v2.6-Q5_K,0.8636363635971074,0.7854190708314265,0.6523366805922375,0.5441307404502378,0.4710484545191673,0.6281464530892449,0.20921410712697655,0.21978021978021978,0.4166666666666667,0.11428571428571428,"A little girl is sitting in a black chair, wearing a pink dress and black tights, holding a phone in her hands.",1.3613043340010336,8.02984740500142,2.1487319540010503,5.84151256000041,1.3875763460000599,4.2647988259996055,27,5184.87,996.02,630.02
738,MiniCPM-v2.6-Q5_K,0.9999999997500004,0.9258200995328305,0.753947440925708,0.5410822689004724,0.47206594077566366,0.75,1.1256914636048707,0.08888888888888889,0.33333333333333337,0.03636363636363636,A man on a bicycle in the snow.,1.3613043340010336,6.796800408999843,1.78962622400104,4.688824457998635,1.0590049649999855,1.5455557980003505,10,5184.87,996.02,630.02
740,MiniCPM-v2.6-Q5_K,0.9499999999525,0.8660254037399979,0.72112478511568,0.5450176720628163,0.34239867512733174,0.6133455210237659,0.25436053189041913,0.12698412698412698,0.30303030303030304,0.0,A man running on a street wearing a blue and white running suit with the number 129 on his front.,1.3613043340010336,6.800810626999009,1.8106878390008205,4.67530769699988,1.0582453800016083,3.8509652749999077,25,5184.87,996.02,630.02
741,MiniCPM-v2.6-Q5_K,0.9230769230059173,0.9198662109340927,0.7728038897097268,0.6100034456478836,0.4199218046000527,0.657935285053929,0.649379143558446,0.10218978102189781,0.2857142857142857,0.0,Two officers in a city at night standing in front of a bus.,1.3613043340010336,6.627109403998475,1.7813444589992287,4.711262761000398,1.055010169000525,2.246804094000254,15,5184.87,996.02,630.02
743,MiniCPM-v2.6-Q5_K,0.6666666665185187,0.5773502690573166,0.52275795845059,0.39281465080328387,0.3311921088257268,0.639412997903564,0.5419980517753352,0.06451612903225806,0.23529411764705882,0.0,A baby in a carrier with a safety harness.,1.3613043340010336,8.258636346001367,2.1821866059999593,5.867496189001031,1.3098414720006986,1.8350542190000851,11,5184.87,996.02,630.02
744,MiniCPM-v2.6-Q5_K,0.8888888886913584,0.8164965807406125,0.6586337558519678,0.5555238066648553,0.5095454278464926,0.8299319727891156,1.7867378477075424,0.08510638297872342,0.19999999999999998,0.0,A person riding a horse on a dirt field.,1.3613043340010336,7.585032636998221,2.0266410409985838,5.1506278720007685,1.1175108269999328,1.7801408710001851,11,5184.87,996.02,630.02
746,MiniCPM-v2.6-Q5_K,0.9999999997142859,0.9128709289035893,0.7937005257359111,0.5946035573035137,0.4746383708883552,0.842929525564256,1.2844677553324504,0.05,0.2222222222222222,0.0,A family sitting together on a couch.,1.3613043340010336,6.746523067999078,1.828607640998598,5.682173396999133,1.2762337820004177,1.4134087549991818,9,5184.87,996.02,630.02
747,MiniCPM-v2.6-Q5_K,0.8749999998906252,0.8366600264277502,0.6299605248659419,0.4428500142107446,0.444237412660811,0.7582872928176796,0.3663458241391916,0.18181818181818182,0.35294117647058826,0.13793103448275862,"A man with glasses, a watch, and a green shirt is holding a bottle of water.",1.3613043340010336,6.648239174999617,1.785493254999892,4.68736071999956,1.0547360559994559,3.1004327289992943,20,5184.87,996.02,630.02
748,MiniCPM-v2.6-Q5_K,0.7999999998400004,0.7302967431901053,0.5848035475185734,0.4111336168101766,0.3316440145030878,0.5398230088495575,0.7877517116828621,0.10309278350515465,0.2727272727272727,0.08695652173913045,"Caption: ""Vintage railway station with people waiting for the train""",1.3613043340010336,6.792470410000533,1.8383525680001185,4.669327986999633,1.054552097000851,2.1049877860004926,14,5184.87,996.02,630.02
753,MiniCPM-v2.6-Q5_K,0.4761904761678005,0.43643578045068265,0.34228066122815465,0.2172544323033763,0.27022057878330696,0.43109540636042404,0.2222083268570292,0.09345794392523364,0.30769230769230765,0.039999999999999994,"A woman in a blue dress is standing in a backyard with a flag, tents, and a planter with orange flowers.",1.3613043340010336,6.662754157998279,1.76561175399911,4.692599562997202,1.059855121999135,3.9041593200017815,26,5184.87,996.02,630.02
757,MiniCPM-v2.6-Q5_K,0.8888888886913584,0.7453559923291194,0.54144350708125,0.40329891157498915,0.23075829083204127,0.5893719806763285,0.25656669121939135,0.06504065040650407,0.19354838709677416,0.039999999999999994,A view down a residential street in a city.,1.3613043340010336,6.608557727000516,1.779517812999984,4.703337296999962,1.0591643450006814,1.7109163519999129,11,5184.87,996.02,630.02
758,MiniCPM-v2.6-Q5_K,0.999999999666667,0.9999999995833336,0.9999999993888895,0.03162277658719003,0.2629337275802196,0.6288659793814433,0.6831579277070532,0.030303030303030307,0.07999999999999999,0.0,A wedding photo.,1.3613043340010336,6.672579164001945,1.7768380070010608,4.7230693609999435,1.0575023999990663,0.7475630689987156,5,5184.87,996.02,630.02
759,MiniCPM-v2.6-Q5_K,0.47826086954442354,0.36115755924124826,0.1838194128820333,2.3606740828063765e-05,0.2899525142602661,0.3426966292134831,0.055718316872334084,0.05925925925925926,0.1142857142857143,0.0,"A black and tan dog with a beard and a long tail stands on a dark carpet, behind potted plants and other items.",1.3613043340010336,6.605792438998833,1.7827786139987438,4.70029443599924,1.0539531270005682,4.051808174999678,27,5184.87,996.02,630.02
760,MiniCPM-v2.6-Q5_K,0.9999999996666668,0.9999999996500001,0.999999999627778,0.9999999995958335,1.0,1.0,1.6856985688474464,0.052631578947368425,0.1904761904761905,0.0,A bird sitting on a pot.,1.3613043340010336,6.798687947000872,1.7846423259998119,4.682660010999825,1.0572766870009218,1.1972639739997248,8,5184.87,996.02,630.02
761,MiniCPM-v2.6-Q5_K,0.999999999818182,0.8366600263781527,0.6156382500313324,0.4914498404459434,0.2917066638304278,0.7237288135593221,0.5400172197647858,0.0945945945945946,0.16666666666666669,0.08333333333333333,"A cozy, decorated living room with a lamp, chair, and plant.",1.3613043340010336,6.628127740001219,1.7748506829993858,4.701221094001085,1.059443869999086,2.3984660770001938,16,5184.87,996.02,630.02
762,MiniCPM-v2.6-Q5_K,0.999999999818182,0.9999999998136365,0.9999999998084177,0.9999999998023361,0.4934978472863866,0.9606299212598426,0.9516330333268566,0.13793103448275862,0.2608695652173913,0.05555555555555555,A young girl in a blue dress sitting on a wall.,1.3613043340010336,6.797596152000551,1.8348718769993866,4.665562791000411,1.0552600949995394,1.9620663820005575,13,5184.87,996.02,630.02
764,MiniCPM-v2.6-Q5_K,0.9230769230059173,0.9198662109340927,0.8505807404947683,0.7447819789225794,0.5045848127880471,0.8459167950693374,1.6861920916636985,0.11594202898550725,0.4444444444444445,0.0,A man is sitting in a chair on a patio playing a guitar.,1.3613043340010336,6.654029561999778,1.78758627499883,4.6860410230001435,1.0561390040002152,2.348033699001462,15,5184.87,996.02,630.02
765,MiniCPM-v2.6-Q5_K,0.8333333330555557,0.8164965806419523,0.6933612740925504,0.5773502689562804,0.22836796590708788,0.6069651741293532,0.2685667706178112,0.017391304347826087,0.05714285714285715,0.0,People looking out at a marina.,1.3613043340010336,6.652746396999646,1.7764210349996574,4.6722529210001085,1.0605698019990086,1.456368322000344,9,5184.87,996.02,630.02
768,MiniCPM-v2.6-Q5_K,0.8888888886913584,0.8164965807406125,0.7249202484964744,0.596949179054208,0.4495714466092475,0.7777777777777778,1.077996725968806,0.08510638297872342,0.24000000000000002,0.05405405405405405,A red flower pot with a plant in it.,1.3613043340010336,6.601925489001587,1.7787909580001724,4.703476945998773,1.0561633209999854,1.6524817860008625,11,5184.87,996.02,630.02
770,MiniCPM-v2.6-Q5_K,0.8571428568979593,0.7559289457934757,0.4852855004887696,7.311104454657567e-05,0.28484279747988406,0.6240409207161125,0.4181319382776937,0.036585365853658534,0.10256410256410257,0.026666666666666665,"A small, well-organized bookshelf in a home.",1.3613043340010336,6.8787609489991155,1.8275135339990811,4.827530267999464,1.0650904739995894,2.1179738990012993,13,5184.87,996.02,630.02
774,MiniCPM-v2.6-Q5_K,0.8749999997812503,0.7071067810034577,0.5503212080006054,0.42728700627504257,0.23134504178960608,0.5922330097087378,0.11619478894746382,0.024096385542168672,0.10256410256410257,0.0,A toy creature sits in a flower pot.,1.3613043340010336,6.638873550000426,1.811736261999613,4.676144529999874,1.1015248550011165,1.537082011000166,10,5184.87,996.02,630.02
775,MiniCPM-v2.6-Q5_K,0.999999999818182,0.9999999998136365,0.9196413919508533,0.6640471004904511,0.4467276948434393,0.8102466793168881,0.7116018250733152,0.1263157894736842,0.2222222222222222,0.0,A terra cotta pot filled with soil and small green plants.,1.3613043340010336,6.620152416000565,1.7852550259995041,4.715382059999683,1.0592187689999264,2.0992884329989465,14,5184.87,996.02,630.02
776,MiniCPM-v2.6-Q5_K,0.9999999997777782,0.790569414860923,0.5631239400880987,7.386099954102403e-05,0.2954343543984844,0.4756335282651072,0.34654262305901823,0.07936507936507937,0.15789473684210528,0.0,An abandoned building with overgrown weeds and broken windows.,1.3613043340010336,6.641790342999229,1.7837433110016718,4.703427606000332,1.062357034001252,1.8021878750005271,12,5184.87,996.02,630.02
778,MiniCPM-v2.6-Q5_K,0.9999999996666668,0.9999999996500001,0.999999999627778,0.9999999995958335,0.4061338637498297,0.8090185676392573,1.5914923462950894,0.1142857142857143,0.4,0.052631578947368425,A cat sleeping on a windowsill.,1.3613043340010336,6.831475230999786,1.8782749980000517,4.848903650001375,1.0845633319986518,1.5078934880002635,9,5184.87,996.02,630.02
781,MiniCPM-v2.6-Q5_K,0.999999999818182,0.948683297873714,0.8879040015724939,0.8132882806881351,0.8956521739130435,0.9165275459098498,0.921435120952624,0.08602150537634409,0.19999999999999998,0.0,Two kids sit across from each other at a glass table.,1.3613043340010336,8.74777381199965,2.142935808000402,5.924638208998658,1.2985297269988223,2.068507280000631,13,5184.87,996.02,630.02
782,MiniCPM-v2.6-Q5_K,0.9999999997500004,0.9999999997410718,0.7937005257699269,0.562341325030852,0.4376571708202872,0.75,0.4190816155330182,0.08620689655172414,0.25806451612903225,0.0,Two cyclists standing in front of a house.,1.3613043340010336,6.975910561001001,1.9135252779997245,4.836876031000429,1.096005110999613,1.5183976410007745,10,5184.87,996.02,630.02
784,MiniCPM-v2.6-Q5_K,0.8888888886913584,0.7453559923291194,0.6197980940939327,0.4463236136748592,0.4415894784343025,0.8299319727891156,1.1221110916978194,0.0761904761904762,0.18181818181818182,0.048780487804878044,A potted plant in a pot on a table.,1.3613043340010336,6.653758978000042,1.7827162710000266,4.694251901999451,1.0593332129992632,1.8999377410000307,12,5184.87,996.02,630.02
785,MiniCPM-v2.6-Q5_K,0.9999999998461542,0.9574271076059733,0.8355496556932042,0.6950150296076474,0.5192205319374765,0.8459167950693374,2.0779465177280327,0.12121212121212122,0.3636363636363636,0.03636363636363636,A man sitting in a living room on a couch with a laptop.,1.3613043340010336,6.983437160999529,1.8636540619991138,4.839832949999618,1.0966593569992256,2.4535146899997926,15,5184.87,996.02,630.02
788,MiniCPM-v2.6-Q5_K,0.9374999999414063,0.7071067811408803,0.5631239401841498,0.45055464231003056,0.3904169781609548,0.6959939148073022,0.5627876828578284,0.1568627450980392,0.4166666666666667,0.04,A group of people are walking along a street with large balloons and a giant mushroom.,1.3613043340010336,6.620249290001084,1.7764779689987336,4.70471585300038,1.0597813829990628,2.7172831679999945,18,5184.87,996.02,630.02
789,MiniCPM-v2.6-Q5_K,0.8999999998200003,0.7071067810411981,0.5723571211553053,0.4810977289921636,0.47342576252132257,0.7936802973977695,0.6715534523804014,0.07079646017699115,0.14285714285714285,0.04347826086956522,"A happy, long-eared dog stands next to a potted plant.",1.3613043340010336,6.67607391599995,1.7947426540013112,4.699602479999157,1.0618313270006183,2.438168887998472,16,5184.87,996.02,630.02
790,MiniCPM-v2.6-Q5_K,0.6999999998600002,0.5577733509080639,0.33879878553311354,4.854917716006407e-05,0.2768190567058028,0.6376306620209059,0.46182111830188355,0.03305785123966942,0.15384615384615385,0.0,A potted cactus plant with a ladybug on the soil.,1.3613043340010336,19.859799216999818,1.776922953000394,14.211717025000326,1.0629430780008988,2.2591515250005614,15,5184.87,996.02,630.02
791,MiniCPM-v2.6-Q5_K,0.8888888886913584,0.6666666665138892,0.39893898696432895,5.7035079043965714e-05,0.2953621508171658,0.6559139784946236,0.7923348432771338,0.09345794392523366,0.21428571428571425,0.0,A display of various potted plants on a table.,1.3613043340010336,7.068348950000654,1.923318997000024,4.786762240999451,1.0536906520010234,1.8821938050004974,12,5184.87,996.02,630.02
792,MiniCPM-v2.6-Q5_K,0.9999999998000004,0.9428090413882642,0.822070691269181,0.6311969076838888,0.3316354717558818,0.679936305732484,1.3537644838471854,0.06382978723404255,0.15384615384615385,0.0,A man standing next to a statue on a pedestal.,1.3613043340010336,6.806586655000501,1.7765644600003725,4.712858042999869,1.067000574001213,1.8947919869988255,12,5184.87,996.02,630.02
794,MiniCPM-v2.6-Q5_K,0.8333333330555557,0.8164965806419523,0.550321207944263,8.633400210215175e-05,0.34849819110591923,0.726190476190476,1.7933062659392607,0.05263157894736843,0.06666666666666667,0.0,Two potted plants in the sun.,1.3613043340010336,6.863801732999491,1.9224451739992219,5.06891922000068,1.140814799000509,1.5080868790009845,9,5184.87,996.02,630.02
795,MiniCPM-v2.6-Q5_K,0.8571428570816327,0.6289709019864966,0.46245240143714167,0.30793007513209525,0.23223747842669987,0.5154929577464789,0.206866005670994,0.06134969325153375,0.1777777777777778,0.03333333333333333,A photo of an outdoor building with a dome and a flag on top.,1.3613043340010336,6.616228079999928,1.777517163000084,4.708087660999809,1.0574267279989726,2.4665982690003148,16,5184.87,996.02,630.02
796,MiniCPM-v2.6-Q5_K,0.818181818033058,0.4954336942145316,0.3010067188967283,4.296943522970798e-05,0.2367494843538888,0.4629981024667932,0.36320280719651293,0.04411764705882353,0.1142857142857143,0.0,A view of an artist's workspace with various art supplies.,1.3613043340010336,6.660337264000191,1.7771215930006292,4.668337540999346,1.0541633180000645,1.9658441279989347,13,5184.87,996.02,630.02
797,MiniCPM-v2.6-Q5_K,0.8888888886913584,0.6666666665138892,0.575369582528176,0.42210681253297316,0.3065134099616858,0.6559139784946236,0.8217987450198301,0.046875,0.18181818181818182,0.0,A sculpture of a fish made from mosaic tiles.,1.3613043340010336,6.6273063349999575,1.7753994949998742,4.682360064000022,1.0540683290000743,1.6501136349997978,11,5184.87,996.02,630.02
805,MiniCPM-v2.6-Q5_K,0.8888888886913584,0.8164965807406125,0.7249202484964744,0.596949179054208,0.43215991901846906,0.8096321577550247,1.1771968976353815,0.06666666666666667,0.17142857142857143,0.029850746268656723,A woman and a sheep sit on a hillside.,1.3613043340010336,6.9311129769994295,1.8127425419988867,4.7600151900005585,1.0605886409994127,1.827693344999716,12,5184.87,996.02,630.02
807,MiniCPM-v2.6-Q5_K,0.818181818033058,0.7006490496147952,0.3792447012977769,5.109955810281731e-05,0.3335623223228527,0.5787476280834916,0.6784549739912781,0.11627906976744187,0.2857142857142857,0.0,Three goats are running on a grassy field with a dog.,1.3613043340010336,6.788884800998858,1.7749794160008605,4.703888697000366,1.0541330429987283,2.112414840999918,14,5184.87,996.02,630.02
808,MiniCPM-v2.6-Q5_K,0.9999999998000004,0.9999999997944449,0.9085602962234217,0.6803749331676135,0.3670926334591606,0.8,0.9134338726287439,0.08403361344537814,0.13793103448275862,0.0689655172413793,A mother sheep with two baby sheep in a field.,1.3613043340010336,6.6597686980003346,1.7787963800001307,4.667476352999074,1.056892008999057,1.8400663760003226,12,5184.87,996.02,630.02
810,MiniCPM-v2.6-Q5_K,0.9285714284387758,0.886405260298854,0.7710108347491744,0.638943104149104,0.433841163569439,0.647902283590016,0.5803361627033019,0.06493506493506494,0.2380952380952381,0.0,Two sheep graze along the edge of a road near a lake and mountain.,1.3613043340010336,6.650489761999779,1.792628508001144,4.682594922000135,1.0664372020000883,2.663666103999276,17,5184.87,996.02,630.02
811,MiniCPM-v2.6-Q5_K,0.9999999996666668,0.9999999996500001,0.9085602960778836,0.8408964149138524,0.5382211445651263,0.9242424242424241,1.3906786452066935,0.06315789473684211,0.14814814814814814,0.05714285714285715,Three sheep are in a pen.,1.3613043340010336,6.760722449000241,1.8313432859995373,4.712868103999426,1.078383493999354,1.3384238180005923,8,5184.87,996.02,630.02
814,MiniCPM-v2.6-Q5_K,0.5999999999600001,0.4140393355768242,0.2976619229836147,0.21651956744566095,0.2726425150234403,0.5083333333333333,0.19282848795141505,0.05357142857142856,0.18750000000000003,0.0,Two sheep in a fenced area with one having a blue tag in its ear.,1.3613043340010336,6.784997938000743,1.7678384079990792,4.6731256379989645,1.044816585999797,2.686902174000352,17,5184.87,996.02,630.02
815,MiniCPM-v2.6-Q5_K,0.9999999998000004,0.9428090413882642,0.7631428282070738,0.5019724247692751,0.47002616389860374,0.9070631970260222,1.1876849296400467,0.09032258064516129,0.15789473684210528,0.07058823529411765,An old man stands with his sheep in the background.,1.3613043340010336,6.786129637999693,1.8310947680001846,4.817985756999406,1.1061804609998944,1.9265433640011906,12,5184.87,996.02,630.02
816,MiniCPM-v2.6-Q5_K,0.9999999998000004,0.9999999997944449,0.9999999997879634,0.9999999997802583,0.9400000000000001,0.9384615384615386,2.164485452822647,0.17073170731707318,0.29629629629629634,0.17142857142857143,A boy feeds hay to a sheep in a pen.,1.3613043340010336,6.627328648000912,1.7912670999994589,4.705841262000831,1.0556889929994213,1.8167402220005897,12,5184.87,996.02,630.02
819,MiniCPM-v2.6-Q5_K,0.6999999998600002,0.5577733509080639,3.387987855331136e-06,8.633400211807387e-09,0.23590697228461766,0.4535315985130111,0.3034559759867954,0.0625,0.19354838709677416,0.0,Two white lambs in a field with a black bear.,1.3613043340010336,6.636151916000017,1.7790147289997549,4.7024508449994755,1.0584258579983725,1.9520397060005052,13,5184.87,996.02,630.02
820,MiniCPM-v2.6-Q5_K,0.9999999997142859,0.8164965806847213,0.5108729547692865,7.598356853987667e-05,0.35138917666010155,0.7142857142857143,1.1499632125643375,0.07407407407407407,0.18181818181818182,0.05,A sheep stands on a grassy hill.,1.3613043340010336,6.785887639998691,1.7758887169984519,4.70300588399914,1.0588151189986093,1.500032428999475,10,5184.87,996.02,630.02
822,MiniCPM-v2.6-Q5_K,0.8571428570204084,0.7262730390968146,0.641293172728129,0.5884191415337892,0.45596047303255227,0.7683694891532541,0.9685492920602918,0.11290322580645161,0.23529411764705882,0.037735849056603765,A black sheep standing in front of a fence with a sheep behind it.,1.3613043340010336,21.059421808999105,1.7989810909984953,14.373471838000114,1.1139774139992369,2.774749685999268,16,5184.87,996.02,630.02
823,MiniCPM-v2.6-Q5_K,0.8571428568979593,0.7559289457934757,0.6114214172745694,8.694417436006866e-05,0.36178415100641653,0.842929525564256,1.0526371116505777,0.07339449541284404,0.14285714285714288,0.04166666666666667,Two rams stand together in the snow.,1.3613043340010336,6.826676705999489,1.781310566000684,4.837478825000289,1.0604907820015796,1.5318308570003865,10,5184.87,996.02,630.02
824,MiniCPM-v2.6-Q5_K,0.6666666665185187,9.128709289660775e-09,2.283355701439329e-11,1.1868405216583314e-12,0.25192499868427304,0.27664399092970515,0.19873552460641014,0.018691588785046728,0.07407407407407407,0.0,A few young sheep cuddle up with their mother.,1.3613043340010336,6.624259485999573,1.7655059789994993,4.687893140000597,1.0539588920000824,1.8019023420001758,12,5184.87,996.02,630.02
825,MiniCPM-v2.6-Q5_K,0.8749999997812503,0.7905694148373941,0.592815550588378,8.034284187167748e-05,0.38925294765690377,0.6984732824427481,0.9422688580035611,0.0396039603960396,0.07142857142857144,0.0,A small goat looking up at the sky.,1.3613043340010336,7.08401731199956,1.8322611779985891,4.76008144700063,1.067901634000009,1.5297373970006447,10,5184.87,996.02,630.02
826,MiniCPM-v2.6-Q5_K,0.9999999996666668,0.9999999996500001,0.9085602960778836,0.8408964149138524,0.42750933026297866,0.9104477611940297,0.8886308665070184,0.07692307692307693,0.17391304347826084,0.04347826086956522,Two sheep in a grassy area.,1.3613043340010336,6.63349613399987,1.7702216359975864,4.700753577999421,1.0556863299971155,1.3461020499998995,9,5184.87,996.02,630.02
827,MiniCPM-v2.6-Q5_K,0.9999999996000004,0.8660254034163782,0.6299605246569553,0.00010573712628898506,0.38831863258290245,0.6472148541114059,0.7019038587090571,0.04597701149425288,0.17391304347826084,0.0,A woman sheering a sheep.,1.3613043340010336,6.816961374999664,1.7756571270001587,4.678399686001285,1.0573749909999606,1.2148705019990302,8,5184.87,996.02,630.02
832,MiniCPM-v2.6-Q5_K,0.8333333330555557,0.7071067809390603,0.49999999981388915,8.034284186199331e-05,0.29738189075319876,0.9242424242424241,0.8868795958080377,0.04819277108433735,0.16666666666666669,0.0,A sheep smiles for the camera.,1.3613043340010336,20.594001395000305,1.8866311279998627,14.647976514999755,1.0717577670002356,1.2745142909989227,8,5184.87,996.02,630.02
833,MiniCPM-v2.6-Q5_K,0.7142857140816329,0.6900655591369779,0.658633755802396,0.5169731537851542,0.4757572717363803,0.7625000000000001,1.035725610586947,0.03508771929824561,0.1176470588235294,0.0,A ram standing on a stone wall.,1.3613043340010336,6.63206295099917,1.7826094720003312,4.681947634999233,1.0884674710014224,1.3810149510009069,9,5184.87,996.02,630.02
834,MiniCPM-v2.6-Q5_K,0.7999999998400004,0.6666666665296299,0.5503212080324162,0.3928146508141954,0.3918255395834617,0.7470912431108391,0.8280337591142586,0.07207207207207207,0.17391304347826084,0.0,A large and a small sheep in a fenced area.,1.3613043340010336,6.6531198199991195,1.7770161619991995,4.6699161939995975,1.0781170679983916,1.8502863770008844,12,5184.87,996.02,630.02
838,MiniCPM-v2.6-Q5_K,0.8571428568979593,0.7559289457934757,0.6999028045563435,0.6434588839466586,1.0,0.7904967602591793,0.4135008761820408,0.06741573033707865,0.1739130434782609,0.058823529411764705,A close-up of a sheep's face.,1.3613043340010336,6.609325256000375,1.786126257999058,4.715397620999283,1.0567560219988081,1.513992361000419,10,5184.87,996.02,630.02
839,MiniCPM-v2.6-Q5_K,0.6666666664444446,0.5163977793135832,0.4054801328872982,6.865890476915431e-05,0.26986986554933645,0.5570776255707762,0.28541453869656863,0.03076923076923077,0.07142857142857144,0.0,"Caption: ""Lambs exploring a grassy hillside.""",1.3613043340010336,6.766916628001127,1.7880639850009175,4.629079202999492,1.0468026840007951,2.243267490001017,14,5184.87,996.02,630.02
840,MiniCPM-v2.6-Q5_K,0.9999999997142859,0.9999999997023811,0.9999999996873018,0.9999999996672622,0.4996193377772159,0.9360613810741688,1.0300291602143643,0.07999999999999999,0.19999999999999998,0.03278688524590164,A sheep standing in a snowy forest.,1.3613043340010336,6.9631298599997535,1.8319771309998032,5.007916540000224,1.0895739250008774,1.4994799079995573,9,5184.87,996.02,630.02
844,MiniCPM-v2.6-Q5_K,0.9999999997500004,0.9999999997410718,0.9410360286270985,0.8408964150152106,0.49490784113577635,0.875,2.126553012837402,0.09615384615384615,0.2222222222222222,0.07407407407407407,A group of sheep are in a field.,1.3613043340010336,6.802672873996926,1.8145320969997556,4.665555890998803,1.054805061998195,1.5074309179981356,10,5184.87,996.02,630.02
850,MiniCPM-v2.6-Q5_K,0.9999999997500004,0.9999999997410718,0.9999999997301591,0.9457416087349345,0.9249999999999999,0.9446902654867256,1.4052546137209632,0.20689655172413793,0.375,0.21428571428571425,A woman holds a baby in her arms.,1.3613043340010336,6.665934815999208,1.7840107510000962,4.651495527001316,1.0814644109996152,1.5090945100000681,10,5184.87,996.02,630.02
853,MiniCPM-v2.6-Q5_K,0.9999999998461542,0.999999999842949,0.9687293059958432,0.8593887046224761,0.45420141756874216,0.6882933709449929,0.836152204416575,0.09022556390977444,0.2857142857142857,0.027777777777777776,A woman holds a baby while a young boy sits on her lap.,1.3613043340010336,6.810538671001268,1.8001480470011302,4.707741510999767,1.0687181749999581,2.5000390149998566,15,5184.87,996.02,630.02
854,MiniCPM-v2.6-Q5_K,0.9999999996666668,0.9999999996500001,0.999999999627778,0.9036020032446392,0.43848766653861393,0.9104477611940297,0.7842875078202409,0.07843137254901959,0.16666666666666669,0.044444444444444446,Four kids sit on a couch.,1.3613043340010336,6.582249806000618,1.7757178769988968,4.706848904001163,1.053265422999175,1.197738703000141,8,5184.87,996.02,630.02
856,MiniCPM-v2.6-Q5_K,0.6999999999650001,0.6069769786357365,0.4677501973519423,0.33124989792866955,0.3517666984758874,0.6662621359223301,0.12344897850564776,0.11494252873563218,0.22222222222222224,0.08695652173913045,"A man sitting on a green couch with a red shirt and a sign that says ""Give Peace a Chance"".",1.3613043340010336,6.906705027000498,1.754906898999252,4.834761801999775,1.0779893509989051,3.6238867429983657,23,5184.87,996.02,630.02
857,MiniCPM-v2.6-Q5_K,0.9999999998333334,0.8528028652770777,0.7137658553788795,0.5900468725332663,0.5161810922107133,0.7735507246376813,0.8285228696568481,0.13114754098360656,0.3333333333333333,0.07142857142857142,A man sits on a couch with a remote in his hand.,1.3613043340010336,6.764213595999536,1.7755820760012284,4.696368098999301,1.054306282001562,2.121996058998775,14,5184.87,996.02,630.02
858,MiniCPM-v2.6-Q5_K,0.8571428570204084,0.6289709019415702,0.5482979500665426,0.4947995467824314,0.39029106531092456,0.7185527976440891,0.641268747172017,0.0839160839160839,0.1875,0.08163265306122448,"A tidy, warm and inviting bedroom with a large bed and a matching sofa.",1.3613043340010336,6.652807632999611,1.7855192120005086,4.693741028000659,1.058474583998759,2.6002955259991722,17,5184.87,996.02,630.02
859,MiniCPM-v2.6-Q5_K,0.999999999818182,0.948683297873714,0.7937005258320408,0.5946035573838289,0.3866813183413256,0.7195517546446476,1.360862337595966,0.14492753623188406,0.4444444444444445,0.05128205128205127,A man and a woman on a couch holding a dog.,1.3613043340010336,7.995421378998799,2.167122135999307,5.864054492001742,1.29821934499887,2.063292201000877,13,5184.87,996.02,630.02
861,MiniCPM-v2.6-Q5_K,0.9374999999414063,0.9013878188077828,0.8341262294108056,0.7730551756403113,0.556272469177055,0.7582872928176796,0.8086087802101539,0.15238095238095237,0.19999999999999998,0.09756097560975609,A black and white photograph of a living room with a view of a lake outside.,1.3613043340010336,6.943360483999641,1.8611781990002783,4.897985282999798,1.0967397530002927,3.0190670709998813,18,5184.87,996.02,630.02
862,MiniCPM-v2.6-Q5_K,0.9090909089256201,0.797724035068799,0.6564086248823298,0.5156626917220543,0.4934978472863866,0.9165275459098498,1.5150996131470573,0.12389380530973451,0.23076923076923078,0.038461538461538464,A red couch with a plaid pillow in a living room.,1.3613043340010336,6.639206103000106,1.783518202999403,4.701622581000265,1.0587586330002523,2.108749238999735,14,5184.87,996.02,630.02
864,MiniCPM-v2.6-Q5_K,0.818181818033058,0.756787468523232,0.7254690150137174,0.6989307621403409,0.3555328951451341,0.7395219951506755,0.5559699025914842,0.0641025641025641,0.17142857142857143,0.03076923076923077,A view of a living room with a sliding glass door.,1.3613043340010336,6.664065703000233,1.778184651000629,4.675183232000563,1.0603887929992197,1.9460704470002383,13,5184.87,996.02,630.02
866,MiniCPM-v2.6-Q5_K,0.8999999998200003,0.774596669082261,0.6694329499402253,0.5988059641008373,0.5279124806700477,0.850597609561753,1.4799583953127102,0.09615384615384616,0.2222222222222222,0.03508771929824561,Two men sitting on a couch looking out the window.,1.3613043340010336,6.798306910000974,1.7798640490000253,4.674469768999188,1.0574933129992132,1.799830235000627,12,5184.87,996.02,630.02
869,MiniCPM-v2.6-Q5_K,0.9999999997142859,0.9999999997023811,0.9999999996873018,0.9999999996672622,1.0,1.0,2.2107971127855466,0.10714285714285715,0.19999999999999998,0.05128205128205127,A living room with two black couches.,1.3613043340010336,6.759483438001553,1.816565367000294,4.678662361999159,1.0575690229998145,1.5050228710006195,10,5184.87,996.02,630.02
870,MiniCPM-v2.6-Q5_K,0.8823529410726644,0.7426106571437747,0.5278335959248756,0.42132873220357453,0.3980060258818823,0.6844319775596073,0.20326855298324067,0.11842105263157894,0.14285714285714285,0.04347826086956522,"A small living room with a blue couch, red pillow, and a red and white checkered floor.",1.3613043340010336,6.829903063000529,1.7816651659995841,4.685054665998905,1.0754250099998899,3.3202887250008644,22,5184.87,996.02,630.02
873,MiniCPM-v2.6-Q5_K,0.9999999998000004,0.9428090413882642,0.9196413919320425,0.8164965807483078,0.38623892688695827,0.8,1.0818591693182065,0.0930232558139535,0.16666666666666669,0.03636363636363636,"A cozy living room with a couch, chair, and fireplace.",1.3613043340010336,6.614347348000592,1.7768367809985648,4.731184123000276,1.06138510099845,2.1030061400015256,14,5184.87,996.02,630.02
875,MiniCPM-v2.6-Q5_K,0.7999999998933335,0.6324555319478428,0.4974226345706194,0.31823566217467825,0.34323568528550336,0.618840579710145,0.3959960384354403,0.0704225352112676,0.19999999999999998,0.03508771929824561,A man is making a funny face while a child is sitting on his lap.,1.3613043340010336,6.667121513999518,1.770472490999964,4.642799213999751,1.0620272920004936,2.69248722500015,17,5184.87,996.02,630.02
878,MiniCPM-v2.6-Q5_K,0.818181818033058,0.6396021489476329,0.44964431293646534,0.32649710279826866,0.43869108630536363,0.6944971537001898,0.4841204847956613,0.06722689075630252,0.1212121212121212,0.0,A cozy blue sofa with a pillow in a living room.,1.3613043340010336,6.647860066997964,1.7833234169993375,4.729017040001054,1.0622063990012975,1.9494358849988203,13,5184.87,996.02,630.02
879,MiniCPM-v2.6-Q5_K,0.9999999997500004,0.9258200995328305,0.8298265331423224,0.5814307368033079,0.4804266437040668,0.8499203821656051,1.764223234707334,0.09638554216867469,0.375,0.039999999999999994,A dog with a pillow on a couch.,1.3613043340010336,6.767231150999578,1.859532147000209,4.630177646999073,1.0459151700015354,1.4954398249992664,10,5184.87,996.02,630.02
880,MiniCPM-v2.6-Q5_K,0.8888888888395061,0.8244625898206391,0.6978637464066854,0.6072156776015278,0.43588153284909265,0.7393939393939394,0.4440616601257908,0.1951219512195122,0.42857142857142855,0.09302325581395349,A tan dog and a black and brown dog are lying on the floor near a red couch.,1.3613043340010336,6.821597703999942,1.7851886770004057,4.726316306998342,1.0615168280000944,3.000796360000095,20,5184.87,996.02,630.02
883,MiniCPM-v2.6-Q5_K,0.8999999998200003,0.8366600263620957,0.7591472428079485,0.6580370063316481,0.541536600645391,0.9564459930313588,1.2900547677043113,0.12499999999999999,0.24000000000000002,0.08888888888888888,Two women sit on a red couch in a cafe.,1.3613043340010336,6.600760914001512,1.7900012639984197,4.706004381001549,1.057828889999655,1.8001777389999916,12,5184.87,996.02,630.02
888,MiniCPM-v2.6-Q5_K,0.7499999999625001,0.5960395606486836,0.46211410403333475,0.36327039077354784,0.4130534365267249,0.6662621359223301,0.15718384223749415,0.11612903225806451,0.29268292682926833,0.05882352941176471,"A room with a blue couch, a wooden cabinet, a chair, a picture on the wall, and some other objects.",1.3613043340010336,6.93311854500098,1.7754687140004535,4.728669316999003,1.072911629000373,4.216243496999596,26,5184.87,996.02,630.02
894,MiniCPM-v2.6-Q5_K,0.9999999998000004,0.9999999997944449,0.9999999997879634,0.9999999997802583,0.5280778233646453,0.9384615384615386,2.09543862289475,0.15384615384615385,0.33333333333333337,0.13953488372093023,A woman sits on a couch with her arms crossed.,1.3613043340010336,19.84142700099983,1.771746449998318,14.171521546000804,1.0846593200003554,1.815300111000397,12,5184.87,996.02,630.02
895,MiniCPM-v2.6-Q5_K,0.8999999998200003,0.774596669082261,0.608220199428375,0.42341975783065045,0.33364538370591745,0.7729905865314989,0.7127100917122868,0.06153846153846155,0.125,0.05,"A cozy living room with a couch, chair, and television.",1.3613043340010336,6.586296441997547,1.8092062579999038,4.690378374998545,1.0598473850004666,2.129193138000119,14,5184.87,996.02,630.02
896,MiniCPM-v2.6-Q5_K,0.999999999875,0.9660917829565219,0.8434326651926386,0.6554913609730724,0.3422948847366054,0.6630434782608695,0.3751869244510894,0.08849557522123895,0.2857142857142857,0.037037037037037035,"A dog rests on a sofa, while another dog lies on a mat on the floor.",1.3613043340010336,6.639074328000788,1.7832252139996854,4.709191486999771,1.0601003620013216,2.8483618149984977,19,5184.87,996.02,630.02
897,MiniCPM-v2.6-Q5_K,0.8499999999575,0.6345325672540739,0.4818018291500819,0.33868549854228264,0.3683235948123956,0.5922330097087378,0.07575964364362561,0.1320754716981132,0.32000000000000006,0.044444444444444446,A brown couch and a brown pillow are sitting on the ground near some concrete pillars with graffiti on them.,1.3613043340010336,6.8348745100011,1.815079722997325,4.663891652999155,1.0677900989976479,3.4069200369995087,22,5184.87,996.02,630.02
901,MiniCPM-v2.6-Q5_K,0.9999999996666668,0.8944271906868665,0.9283177663770154,0.854574012447078,0.3636217176484586,0.8356164383561644,0.7333910828813344,0.05825242718446602,0.18181818181818182,0.0,A train at a train station.,1.3613043340010336,6.656266574998881,1.7803150380004809,4.734880928999701,1.064794678999533,1.2012139849994128,8,5184.87,996.02,630.02
902,MiniCPM-v2.6-Q5_K,0.9166666665138891,0.645497224257875,0.346680637114736,4.638596138689478e-05,0.3278790848520832,0.580952380952381,0.5404220040261004,0.06611570247933883,0.18181818181818182,0.05128205128205129,A train with a large blue front bumper is on some tracks.,1.3613043340010336,6.805296239999734,1.7700032150005427,4.700813470000867,1.058567984999172,2.115132459999586,14,5184.87,996.02,630.02
907,MiniCPM-v2.6-Q5_K,0.9999999997500004,0.7559289458227232,4.566711402730659e-06,1.1747898186066364e-08,0.3409508001007823,0.6747787610619468,1.0335503806549042,0.05128205128205129,0.23529411764705882,0.0,A white passenger train pulling into a station.,1.3613043340010336,6.69416878300035,1.8331850340000528,4.706431234000775,1.0731184500000381,1.6236594750007498,10,5184.87,996.02,630.02
908,MiniCPM-v2.6-Q5_K,0.999999999818182,0.9999999998136365,0.9999999998084177,0.9306048589181526,0.4620935785458225,0.8645669291338582,0.9649911366205004,0.1411764705882353,0.33333333333333337,0.09756097560975609,A man waiting on a train platform as a train arrives.,1.3613043340010336,6.628750726000362,1.7732820510009333,4.697312935999435,1.0561548179994134,1.9532854219996807,13,5184.87,996.02,630.02
909,MiniCPM-v2.6-Q5_K,0.9999999999375,0.9660917830169026,0.901779742938116,0.8196189957013506,0.4605094303658876,0.8433179723502303,0.8710118695463231,0.163265306122449,0.45454545454545453,0.03389830508474576,A man stands in front of a blue and yellow train with mountains in the background.,1.3613043340010336,7.1177789510002185,1.815133894999235,4.687947410000561,1.0585935199997039,2.857033135000165,18,5184.87,996.02,630.02
910,MiniCPM-v2.6-Q5_K,0.9999999996666668,0.6324555318123166,4.64158883188508e-06,1.3512001542609246e-08,0.39805805168527125,0.8299319727891156,1.101193454304915,0.043478260869565216,0.07999999999999999,0.0,A train traveling on train tracks.,1.3613043340010336,6.648730938999506,1.7777828609996504,4.677582628999517,1.0861298870004248,1.206371037000281,8,5184.87,996.02,630.02
912,MiniCPM-v2.6-Q5_K,0.7788007826820048,0.7788007826495548,0.7788007825954715,0.7788007824710799,0.43179178487893827,0.8714285714285713,0.9355584140626333,0.05357142857142857,0.16,0.039999999999999994,A train on tracks.,1.3613043340010336,6.756526446999487,1.7988339469993662,4.725722618999498,1.0502717010003835,0.9066351399997075,6,5184.87,996.02,630.02
913,MiniCPM-v2.6-Q5_K,0.999999999818182,0.9999999998136365,0.8735804645689363,0.707106781046778,0.4049027958942731,0.8886576482830385,1.1150514794484747,0.12345679012345677,0.2222222222222222,0.07692307692307693,A red train and a blue train are on the tracks.,1.3613043340010336,6.638025414998992,1.7633988830002636,4.709318893999807,1.098231890000534,2.1409661329998926,13,5184.87,996.02,630.02
915,MiniCPM-v2.6-Q5_K,0.9999999997142859,0.9128709289035893,0.693361274133822,9.554427918864549e-05,0.2720297996693702,0.6853932584269663,0.9194148573939952,0.06315789473684211,0.16666666666666669,0.0,A colorful train parked near the water.,1.3613043340010336,6.630958276999081,1.7819604100004653,4.684994976998496,1.0866649489998963,1.3468001170003845,9,5184.87,996.02,630.02
916,MiniCPM-v2.6-Q5_K,0.8888888886913584,0.8164965807406125,0.7249202484964744,0.596949179054208,0.4690996044740829,0.8951781970649895,1.2324563710235794,0.07142857142857142,0.16,0.044444444444444446,A red and silver train is on the tracks.,1.3613043340010336,7.462610668999332,1.8607265200007532,4.8627945899988845,1.16894997000054,2.0496168280005804,11,5184.87,996.02,630.02
920,MiniCPM-v2.6-Q5_K,0.9999999997500004,0.6546536705384689,0.41491326657116134,6.147881527768919e-05,0.2722406311672511,0.6747787610619468,0.6564369900052467,0.06557377049180328,0.14285714285714288,0.044444444444444446,A yellow and blue train on the tracks.,1.3613043340010336,6.596329972999229,1.7700077860008605,4.721582088001014,1.0599240709998412,1.5059108700006618,10,5184.87,996.02,630.02
921,MiniCPM-v2.6-Q5_K,0.9999999997142859,0.8164965806847213,0.6436595895358154,9.036020033091823e-05,0.9600000000000002,0.8571428571428571,1.2355030813782855,0.037037037037037035,0.17391304347826084,0.0,A train is moving along the tracks.,1.3613043340010336,6.982484637001107,1.7794629630006966,4.885383109998656,1.0927496710010018,1.5233232539994788,9,5184.87,996.02,630.02
922,MiniCPM-v2.6-Q5_K,0.6249999998437503,0.42257712725484126,0.3098990470369235,4.939382735714412e-05,0.29346248889795756,0.6224489795918368,0.39519539019247873,0.06521739130434782,0.14285714285714285,0.06451612903225806,A train on tracks with overhead power lines.,1.3613043340010336,6.905983278998974,1.8767838990006567,4.897792222000135,1.087334321000526,1.8018009229999734,10,5184.87,996.02,630.02
924,MiniCPM-v2.6-Q5_K,0.9999999996666668,0.8944271906868665,0.5848035474248966,9.036020032446394e-05,0.39559254125536786,0.7587064676616916,1.0025623595275446,0.03773584905660378,0.125,0.0,A train traveling over a bridge.,1.3613043340010336,6.6977454780007974,1.7784696019989497,4.701018956999178,1.0526213989996904,1.2111545660009142,8,5184.87,996.02,630.02
926,MiniCPM-v2.6-Q5_K,0.7788007826820048,0.7788007826495548,0.7788007825954715,0.00013849253959905228,0.43179178487893827,0.8714285714285713,1.5064892556342189,0.0689655172413793,0.18181818181818182,0.05,A train on tracks.,1.3613043340010336,6.817769469998893,1.7780638710009953,4.697324597998886,1.0701489460006997,0.9067286909994436,6,5184.87,996.02,630.02
928,MiniCPM-v2.6-Q5_K,0.9999999998333334,0.9534625890830704,0.8601386273869112,0.7710955776017017,0.3671681695852353,0.75,0.910144749603481,0.08163265306122448,0.1904761904761905,0.0,A yellow train engine is shown with the number 8300 on it.,1.3613043340010336,8.130078449999928,2.1371283499993297,5.949117714999375,1.301598608999484,2.8400745910003025,18,5184.87,996.02,630.02
929,MiniCPM-v2.6-Q5_K,0.9999999998000004,0.9428090413882642,0.6933612742036168,8.307018472587394e-05,0.2930488724063347,0.6802973977695167,0.8765370568196154,0.054545454545454536,0.21428571428571425,0.0,A train on a track with people standing around it.,1.3613043340010336,6.668611555000098,1.7820625759995892,4.712113584999315,1.055318451999483,1.7969199379986094,12,5184.87,996.02,630.02
930,MiniCPM-v2.6-Q5_K,0.9999999996666668,0.7745966689703747,5.313292843935334e-06,1.4953487806168506e-08,0.2741867161950886,0.6069651741293532,0.6234174261116141,0.05405405405405405,0.21052631578947367,0.0,People wait at a subway station.,1.3613043340010336,6.946042442999897,1.7913063270007115,4.6484749220016965,1.0506532620001963,1.2099422210012563,8,5184.87,996.02,630.02
932,MiniCPM-v2.6-Q5_K,0.8571428570816327,0.5741692517206252,0.38016856540913346,0.2658483576451476,0.4263821400554381,0.6630434782608696,0.7535499191007868,0.07079646017699116,0.25,0.0,A train moving along tracks with a person in green walking in the snow.,1.3613043340010336,6.626339542001006,1.7715031170009752,4.710254924000765,1.0583334429993556,2.4195381340014137,16,5184.87,996.02,630.02
933,MiniCPM-v2.6-Q5_K,0.9999999996666668,0.7745966689703747,0.6694329498329918,0.5623413249630697,0.33881788274757624,0.7384987893462469,0.7876453693507358,0.061855670103092786,0.18181818181818182,0.0,A train at a train station.,1.3613043340010336,6.619800763000967,1.770550142000502,4.695688804999008,1.0567577479996544,1.2019966730003944,8,5184.87,996.02,630.02
938,MiniCPM-v2.6-Q5_K,0.9999999997500004,0.7559289458227232,0.4566711402730659,6.60632863415386e-05,0.4218446920873911,0.6931818181818181,0.8657505816547666,0.041237113402061855,0.13793103448275862,0.0,A train moving along tracks near a fence.,1.3613043340010336,6.752148299998225,1.7776931659973343,4.6908494849994895,1.0534527160016296,1.5191707390004012,10,5184.87,996.02,630.02
939,MiniCPM-v2.6-Q5_K,0.9999999996666668,0.9999999996500001,0.9085602960778836,0.0001257433429174723,0.45876240259563655,0.8333333333333334,1.6557839393760174,0.05128205128205129,0.2222222222222222,0.0,A train parked at a station.,1.3613043340010336,6.811567468001158,1.7734064950000175,4.663490836999699,1.0547158190001937,1.212029573000109,8,5184.87,996.02,630.02
940,MiniCPM-v2.6-Q5_K,0.8888888886913584,0.7453559923291194,0.6197980940939327,0.4463236136748592,0.4065529905442052,0.7672955974842767,1.484979768090807,0.12903225806451613,0.25,0.09756097560975609,A train on a track at a train station.,1.3613043340010336,6.079602547997638,1.792962791001628,4.705791999000212,1.0556240469995828,1.648849182001868,11,5184.87,996.02,630.02
941,MiniCPM-v2.6-Q5_K,0.9999999996666668,0.8944271906868665,0.5848035474248966,9.036020032446394e-05,0.46774126891904,0.8133333333333334,1.0604043720892844,0.07407407407407407,0.0909090909090909,0.05555555555555556,A train traveling on train tracks.,1.3613043340010336,6.626946348000274,1.7873157700014417,4.690871242999492,1.0566090470001654,1.2011885810006788,8,5184.87,996.02,630.02
944,MiniCPM-v2.6-Q5_K,0.9230769229349115,0.8320502942071694,0.722801825461322,0.6234181303513278,0.4186240413323348,0.8014598540145984,0.6767346329048114,0.09433962264150944,0.16,0.0,"A yellow, white and blue train with the word ""Canada"" written on it.",1.3613043340010336,6.661592300999473,1.7851026360003743,4.706360445001337,1.0601493209996988,2.6952679229998466,18,5184.87,996.02,630.02
946,MiniCPM-v2.6-Q5_K,0.8333333331944446,0.728219081130291,0.5418533812362262,6.484115070232633e-05,0.28306350342063735,0.6713836477987422,0.7909356304163918,0.06779661016949153,0.24999999999999997,0.0,Two flags flying in the wind with a train in the background.,1.3613043340010336,6.701724724000087,1.7550025269993057,4.667269932000636,1.0489253930009,2.1112201209998602,14,5184.87,996.02,630.02
947,MiniCPM-v2.6-Q5_K,0.9090909089256201,0.797724035068799,0.6564086248823298,0.5156626917220543,0.4341883918711443,0.7395219951506755,1.3339242473781596,0.057971014492753624,0.2666666666666667,0.0,Three trains in green and white are parked on the tracks.,1.3613043340010336,6.700246391001201,1.774301416000526,4.677093696000156,1.0562144159994205,1.9836508570006117,13,5184.87,996.02,630.02
949,MiniCPM-v2.6-Q5_K,0.818181818033058,0.4954336942145316,3.010067188967284e-06,7.64116619299908e-09,0.2647756928063827,0.5763779527559055,0.47971160886592096,0.08108108108108109,0.2608695652173913,0.0,A train moving past a hill with a house on it.,1.3613043340010336,6.2439981139996235,1.7771510019993002,4.675747322000461,1.0643987519997609,1.9604960800006666,13,5184.87,996.02,630.02
950,MiniCPM-v2.6-Q5_K,0.8888888886913584,0.5773502690573166,0.3624601242482373,5.307712169758682e-05,0.3959955747335341,0.8299319727891156,0.36207784109530433,0.07518796992481203,0.17647058823529413,0.07407407407407407,"A cozy room with a bed, desk, and TV.",1.3613043340010336,6.6085848530001385,1.7755727140011004,4.672387008999067,1.0554768290003267,1.9393529660010245,13,5184.87,996.02,630.02
951,MiniCPM-v2.6-Q5_K,0.818181818033058,0.5720775534407411,0.41741280440467754,5.491004866675751e-05,0.42920609712549074,0.6944971537001898,0.4943970975530756,0.0759493670886076,0.1739130434782609,0.0,A man in a white shirt pointing to a TV screen.,1.3613043340010336,7.213524263999716,1.7821809690012742,4.715814074999798,1.0597285719995853,1.962894342999789,13,5184.87,996.02,630.02
952,MiniCPM-v2.6-Q5_K,0.9166666665138891,0.8164965807885507,0.6933612742294717,0.5773502690858924,0.4690623914381768,0.7787234042553192,1.1933161812115927,0.07079646017699115,0.23076923076923075,0.029411764705882356,A woman sits on a couch with a dog on a leash.,1.3613043340010336,6.805293243000051,1.7707035269995686,4.688684998998724,1.0570332200004486,2.1962348939996446,14,5184.87,996.02,630.02
953,MiniCPM-v2.6-Q5_K,0.8888888886913584,0.8164965807406125,0.7249202484964744,0.660632863439242,0.4468314720835987,0.8951781970649895,1.213833910659444,0.05970149253731344,0.18181818181818182,0.03571428571428571,"A home office with a computer, printer, and books.",1.3613043340010336,6.662811756999872,1.7798686320002162,4.670081162001225,1.056515109999964,1.9956215950005571,13,5184.87,996.02,630.02
954,MiniCPM-v2.6-Q5_K,0.8999999998200003,0.5477225573925789,3.3471647497011284e-06,8.555261856832501e-09,0.26043857830426287,0.6,0.22571903483889366,0.051948051948051945,0.18181818181818182,0.0,A television on a wall unit with books and baskets.,1.3613043340010336,7.35707812200053,1.9092655019994709,5.098753352998756,1.1569817010004044,2.212174591000803,12,5184.87,996.02,630.02
955,MiniCPM-v2.6-Q5_K,0.9166666665138891,0.8164965807885507,0.6933612742294717,0.43869133757201056,0.4226333451799165,0.7261904761904763,0.9890630310369402,0.1,0.2608695652173913,0.04545454545454545,"Two computer monitors, one laptop, and a keyboard are on a desk.",1.3613043340010336,6.764698123999551,1.7691871370006993,4.736972942999273,1.053472495999813,2.4191104380006436,16,5184.87,996.02,630.02
956,MiniCPM-v2.6-Q5_K,0.7692307691715977,0.7595545252518884,0.6801825595524023,0.5543058125670025,0.47453849005551213,0.6039603960396039,0.9778236578102868,0.1475409836065574,0.25,0.1276595744680851,A small office with a green wall and a desk with a computer.,1.3613043340010336,6.818277353999292,1.7696321960011119,4.693882442999893,1.056115902001693,2.2450689670004067,15,5184.87,996.02,630.02
963,MiniCPM-v2.6-Q5_K,0.8731398525797581,0.8011203200044053,0.6519537822740415,0.5045559914908263,0.4011390939364557,0.6810207336523126,0.4487699788366462,0.13793103448275862,0.30303030303030304,0.1276595744680851,A television with a picture of a mountain on the screen is on a stand.,1.3613043340010336,6.624555437003437,1.7989719709985366,4.698860733999027,1.0605926540010842,2.553867555998295,17,5184.87,996.02,630.02
965,MiniCPM-v2.6-Q5_K,0.9090909089256201,0.7385489457383579,0.5665163348341703,0.38827267767547585,0.39590665343767006,0.6500888099467139,0.6097498493814236,0.05555555555555555,0.14285714285714288,0.0,A group of four friends work together on a computer project.,1.3613043340010336,7.067416669000522,1.802231091000067,4.792000688001281,1.084233753999797,2.0128821620000963,13,5184.87,996.02,630.02
967,MiniCPM-v2.6-Q5_K,0.9999999998571432,0.9198662108738637,0.7902940439190651,0.6508911373949596,0.3873075998020755,0.6873239436619719,0.6797108892738096,0.10526315789473684,0.27777777777777773,0.06451612903225806,"A simple hotel room with a TV, dresser, and a white table and chair.",1.3613043340010336,6.595863667998856,1.7666906480008038,4.697060684000462,1.053967265999745,2.694309267999415,18,5184.87,996.02,630.02
968,MiniCPM-v2.6-Q5_K,0.999999999818182,0.7745966690971268,0.5848035475305353,0.3976353643049273,0.32840319351445824,0.6988543371522096,0.7199467718652546,0.04081632653061224,0.08888888888888889,0.0,A small TV sits on a stand in a living room.,1.3613043340010336,7.044596058000025,1.7864817270001367,4.810279551000349,1.0870416550005757,2.098949965000429,13,5184.87,996.02,630.02
969,MiniCPM-v2.6-Q5_K,0.9999999997142859,0.9999999997023811,0.9999999996873018,0.9999999996672622,0.9058823529411765,1.0,2.1344766196985416,0.09523809523809523,0.16666666666666669,0.0,A young boy playing a computer game.,1.3613043340010336,6.6412136149992875,1.792317636000007,4.714387584999713,1.0616990190010256,1.3522647559984762,9,5184.87,996.02,630.02
970,MiniCPM-v2.6-Q5_K,0.785714285602041,0.602193791508813,0.5326236362395691,0.48415247122983174,0.4366267418191421,0.7113702623906706,0.4929034126336815,0.06315789473684211,0.19047619047619047,0.03333333333333333,A man is sitting in a cubicle with a laptop and papers around him.,1.3613043340010336,6.613737866999145,1.8154840869992768,4.688644623000073,1.061402580999129,2.579934511999454,17,5184.87,996.02,630.02
971,MiniCPM-v2.6-Q5_K,0.9374999999414063,0.8291561975353005,0.5281475957874044,5.8020389809343296e-05,0.2957038364968811,0.6079157175398633,0.4013632430379724,0.07692307692307691,0.13636363636363635,0.0,A small room is set up as a home office with a desk and computer equipment.,1.3613043340010336,6.645829786997638,1.7699161830023513,4.688815590998274,1.0631274619991018,2.8031732579984237,18,5184.87,996.02,630.02
972,MiniCPM-v2.6-Q5_K,0.9999999998571432,0.9198662108738637,0.7902940439190651,0.46024953706620086,0.3902310244460502,0.7015526164462335,1.1093976995443264,0.1680672268907563,0.33333333333333337,0.07547169811320754,A white bathtub in a bathroom with a towel rack and stained glass window.,1.3613043340010336,20.326911160002055,1.7768810380002833,14.173401611998997,1.0803394979993755,2.4300496890027716,16,5184.87,996.02,630.02
977,MiniCPM-v2.6-Q5_K,0.5714285714013606,0.4780914437104221,0.33046834497157906,0.25164411115624,0.2890861311529913,0.4728682170542636,0.23916691318785557,0.10084033613445378,0.30769230769230765,0.03125,"A work station with a desktop computer, a laptop, a keyboard, a mouse and a can of soda on a table.",1.3613043340010336,6.6077336269991065,1.761725430000297,4.626407269999618,1.0469986629996129,4.069328195000708,26,5184.87,996.02,630.02
980,MiniCPM-v2.6-Q5_K,0.9999999998000004,0.9428090413882642,0.822070691269181,0.5307712169906119,0.4688953153102325,0.7854077253218884,0.8259103643009378,0.10526315789473685,0.23076923076923078,0.0,A flat-screen TV with two remote controls on a table.,1.3613043340010336,6.626057122999555,1.7735327369991865,4.69325082999967,1.0568080659995758,1.9478943470003287,13,5184.87,996.02,630.02
982,MiniCPM-v2.6-Q5_K,0.9999999997500004,0.9258200995328305,0.753947440925708,0.6434588839782572,0.4182436204182491,0.75,2.028046992170135,0.07751937984496124,0.25806451612903225,0.02702702702702703,A birthday party with balloons and a cake.,1.3613043340010336,6.7748746819997905,1.855912876999355,4.825445582999237,1.0854984929992497,1.5577311730012298,10,5184.87,996.02,630.02
983,MiniCPM-v2.6-Q5_K,0.7499999998750001,0.6396021489578083,0.49695114362110215,0.3417233407045329,0.39586481914582333,0.5083333333333333,0.1879636769053469,0.056497175141242924,0.13636363636363635,0.05714285714285715,A TV in a room with a bookshelf and a teddy bear.,1.3613043340010336,6.648392904000502,1.7843690839999908,4.696782686000006,1.0586220210007014,2.405330570998558,16,5184.87,996.02,630.02
984,MiniCPM-v2.6-Q5_K,0.9999999998000004,0.9999999997944449,0.9085602962234217,0.8091067113924267,0.5651747161521061,0.850597609561753,1.2496931131179805,0.12389380530973451,0.29629629629629634,0.046511627906976744,A home computer desk with two monitors and a keyboard.,1.3613043340010336,6.601201636000042,1.7871325760006584,4.710389694000696,1.056203584999821,1.8066492670004664,12,5184.87,996.02,630.02
986,MiniCPM-v2.6-Q5_K,0.9090909089256201,0.8528028652635105,0.686285665468639,0.5900468725226499,0.3315442250521179,0.6539050535987749,0.9540726730817018,0.07633587786259541,0.16216216216216214,0.0,"A messy computer desk with a monitor, keyboard, and other items.",1.3613043340010336,6.629692008000347,1.8110307040005864,4.660005652000109,1.0572674199993344,2.249353137000071,15,5184.87,996.02,630.02
987,MiniCPM-v2.6-Q5_K,0.6428571427653064,0.5447047793226109,0.3670487142370517,0.25893729630889045,0.30926760588113633,0.5879518072289156,0.27570488683055927,0.05369127516778524,0.13953488372093026,0.034482758620689655,A room with a brown carpet and a black TV on a black stand.,1.3613043340010336,6.677565805000995,1.7802495939995424,4.714458551001371,1.0559697019998566,2.4273605149992363,16,5184.87,996.02,630.02
988,MiniCPM-v2.6-Q5_K,0.866666666608889,0.6094494001779631,0.48528550060573566,0.3715011599549626,0.3774596976610453,0.7360482654600301,0.5174023762809214,0.096,0.18181818181818182,0.04444444444444444,A cozy living room with a brick fireplace and a television on top of it.,1.3613043340010336,6.7656487399981415,1.8212220889981836,4.6707057999992685,1.0563130810005532,2.571095418999903,17,5184.87,996.02,630.02
999,MiniCPM-v2.6-Q5_K,0.9230769229349115,0.8320502942071694,0.7609127079093619,0.6029501972968753,0.5141187016996972,0.8356164383561643,1.0234891430840178,0.17283950617283952,0.32,0.10810810810810811,A group of young adults pose for a photo in a living room.,1.3613043340010336,6.801006044999667,1.76564383799996,4.70849120999992,1.0695267319970299,2.2478050110003096,15,5184.87,996.02,630.02
1,MiniCPM-v2.6-Q2_K,0.7999999998400004,0.5962847938773745,0.44628863329348356,5.9694917907078994e-05,0.43276995909331745,0.662563359884142,0.9011415866587842,0.08695652173913045,0.16,0.05,Two men talk next to a red and white airplane.,3.495359008000378,6.7873434760003875,1.3316055130017048,3.42265463700096,0.777357368999219,1.3301973589987028,12,2896.54,996.02,630.02
2,MiniCPM-v2.6-Q2_K,0.8888888887901234,0.792118034292032,0.6173579189279115,0.5004894767881987,0.37579441248567885,0.6208651399491094,0.20821165857687357,0.15533980582524273,0.24999999999999997,0.06451612903225806,A camouflaged World War II fighter plane with the number six on its side flies through the air.,3.495359008000378,6.694711402000394,1.3230722160005826,3.3840272309971624,0.776988354002242,2.513945550999779,22,2896.54,996.02,630.02
4,MiniCPM-v2.6-Q2_K,0.9230769229349115,0.7844645404295353,0.6539953361130564,0.4089601471370064,0.3694482015061174,0.657935285053929,0.7595926171012475,0.05769230769230769,0.24000000000000002,0.0,A jet aircraft is parked on a grassy field next to a building.,3.495359008000378,6.8139064470015,1.3281295340020733,3.382770451000397,0.7726577670000552,1.7665363699998125,16,2896.54,996.02,630.02
5,MiniCPM-v2.6-Q2_K,0.8999999998200003,0.8366600263620957,0.7047298730570606,0.4728708043976786,0.3984971557665561,0.6421052631578947,0.4518661790364985,0.10619469026548672,0.17647058823529413,0.046511627906976744,A white airplane parked on the runway with blue stripes,3.495359008000378,6.9272550089990546,1.4020372330014652,3.511753852999391,0.811908740997751,1.3919012840015057,11,2896.54,996.02,630.02
6,MiniCPM-v2.6-Q2_K,0.8421052631135734,0.6839855680197703,0.4354337322034097,0.26801651562019974,0.24391642316033646,0.44601511089446744,0.09084578067372456,0.0808080808080808,0.21428571428571427,0.0,A large white jetliner with a red cross on the tail lifts off from a runway into the air.,3.495359008000378,7.013479181001458,1.4290355880002608,3.594300242999452,0.8371980810006789,2.8169400410006347,22,2896.54,996.02,630.02
7,MiniCPM-v2.6-Q2_K,0.7999999996800004,1.4142135617720547e-08,4.05480132851256e-11,2.4028114128832907e-12,0.16231884057971016,0.44309927360774815,0.5116208187638167,0.030303030303030304,0.10256410256410256,0.0,Jets in sky above cityscape,3.495359008000378,6.891088063999632,1.3468316050020803,3.504176823000307,0.8164864009995654,0.7990418420013157,7,2896.54,996.02,630.02
8,MiniCPM-v2.6-Q2_K,0.9999999998000004,0.9428090413882642,0.8735804645510677,0.7311104455483693,0.3678375277945094,0.7083609820836098,1.0891277868371967,0.08219178082191782,0.1904761904761905,0.0,A green and white jet taking off from a runway.,3.495359008000378,6.988210760999209,1.3436999890000152,3.3993577180008288,0.7792218489994411,1.6567031209997367,12,2896.54,996.02,630.02
10,MiniCPM-v2.6-Q2_K,0.823529411716263,0.641688947880822,0.4788571211705363,0.2975928234056096,0.31420092577483777,0.6844319775596073,0.30416726095130464,0.05594405594405595,0.2424242424242424,0.0,A large white boat sits on the water near a small building with airplanes parked near it.,3.495359008000378,6.825636470999598,1.3304369560028135,3.3884580269987055,0.7752680009980395,2.1979454120009905,19,2896.54,996.02,630.02
11,MiniCPM-v2.6-Q2_K,0.8749999997812503,0.7905694148373941,0.6786044039656115,0.49999999985818483,0.453031023808903,0.875,1.7997384933117697,0.07228915662650602,0.18181818181818182,0.06896551724137931,An Austrian Arrows plane soars through the sky.,3.495359008000378,6.969263178001711,1.3544263750009122,3.40553029199873,0.7783752810028091,1.3396357400015404,12,2896.54,996.02,630.02
15,MiniCPM-v2.6-Q2_K,0.9999999996666668,0.9999999996500001,0.9085602960778836,0.0001257433429174723,0.3837173842571443,0.726190476190476,1.5105413974112605,0.12307692307692307,0.2857142857142857,0.1,A cargo airplane on the runway.,3.495359008000378,7.251876081001683,1.3930713779991493,3.5916587830033677,0.852481218000321,1.055784994001442,8,2896.54,996.02,630.02
17,MiniCPM-v2.6-Q2_K,0.9999999997777782,0.9999999997708338,0.9999999997625665,0.9999999997524806,0.5113114592653292,0.8951781970649895,1.12096363286684,0.16666666666666669,0.2222222222222222,0.10526315789473684,A small propeller plane sits on a wet runway.,3.495359008000378,6.969715990999248,1.323386706000747,3.3926730919993133,0.7776367680016847,1.3260104569999385,12,2896.54,996.02,630.02
20,MiniCPM-v2.6-Q2_K,0.9999999998000004,0.816496580759891,0.6299605248138619,0.5169731538435701,0.3309150023044174,0.7557522123893805,0.6560195697165323,0.11267605633802817,0.2857142857142857,0.0,A bright yellow airplane soars high in the blue sky.,3.495359008000378,6.935916122998606,1.3225734299994656,3.4183625009973184,0.7771976090007229,1.4392430520019843,13,2896.54,996.02,630.02
23,MiniCPM-v2.6-Q2_K,0.9999999997142859,0.9999999997023811,0.9999999996873018,0.9999999996672622,1.0,1.0,1.276439825442953,0.047619047619047616,0.18181818181818182,0.0,An airplane is parked on the runway.,3.495359008000378,7.375077983000665,1.4185542070008523,3.6561297820007894,0.9443293330004963,1.436534414999187,9,2896.54,996.02,630.02
28,MiniCPM-v2.6-Q2_K,0.9090909089256201,0.797724035068799,0.5963868147931544,7.175852913353727e-05,0.3012594096797864,0.5596330275229358,0.5789767354582818,0.08602150537634408,0.08695652173913042,0.0,A CSA Czech Airlines jet flies against a blue sky backdrop.,3.495359008000378,7.088668030999543,1.3414058800008206,3.3979385919992637,0.7992208619980374,1.4779253589986183,13,2896.54,996.02,630.02
29,MiniCPM-v2.6-Q2_K,0.9999999997142859,0.9999999997023811,0.9999999996873018,0.9999999996672622,0.5092325005847999,0.8571428571428571,1.3878104453774134,0.06666666666666667,0.14285714285714288,0.0625,An airplane is sitting on the runway.,3.495359008000378,6.813045889000932,1.3509498969979177,3.423681268002838,0.8202617269998882,1.0715987789990322,9,2896.54,996.02,630.02
30,MiniCPM-v2.6-Q2_K,0.9999999996666668,0.8944271906868665,0.5848035474248966,9.036020032446394e-05,0.3311165421086264,0.5545454545454546,0.39578403016991537,0.03809523809523809,0.14285714285714288,0.0,"""Airplane being inspected on the runway.""",3.495359008000378,6.773739361997286,1.3242547869995178,3.4247152069983713,0.7785891989988158,1.1050199839992274,10,2896.54,996.02,630.02
31,MiniCPM-v2.6-Q2_K,0.9999999997142859,0.9128709289035893,0.7937005257359111,0.5946035573035137,0.4448430182791286,0.6853932584269663,1.572983118940049,0.10256410256410257,0.25,0.04878048780487806,A large airplane flies into the sunset.,3.495359008000378,6.340225255000405,1.3851696839992655,3.435629138999502,0.7886038559990993,1.0338398289968609,9,2896.54,996.02,630.02
32,MiniCPM-v2.6-Q2_K,0.9230769230059173,0.7844645404898786,0.6071154899141409,0.5090187719593697,0.3379858427268716,0.657935285053929,0.320169973173153,0.0923076923076923,0.21621621621621626,0.03636363636363636,Two biplanes side by side in the sky with smoke trailing behind them.,3.495359008000378,7.018653630999324,1.3597991040005581,3.411700215001474,0.7812819139981002,1.8287735310004791,16,2896.54,996.02,630.02
34,MiniCPM-v2.6-Q2_K,0.9999999997777782,0.9999999997708338,0.8939035348843251,0.5873949093245298,0.3703518084402172,0.7558859975216852,0.4813385917623058,0.10714285714285715,0.19999999999999998,0.0909090909090909,A stunt plane does a trick in the sky.,3.495359008000378,6.941813395998906,1.314149237001402,3.3773685410014878,0.799854584998684,1.212594379998336,11,2896.54,996.02,630.02
35,MiniCPM-v2.6-Q2_K,0.9999999998000004,0.9428090413882642,0.7631428282070738,0.59694917907079,0.2786855177117536,0.6,0.6768894505455431,0.08791208791208789,0.2727272727272727,0.048780487804878044,A Japan Airlines jet parked at a gate at night.,3.495359008000378,6.828768157000013,1.3512051030011207,3.433333400000265,0.7799427680001827,1.3492749689976336,12,2896.54,996.02,630.02
38,MiniCPM-v2.6-Q2_K,0.9999999997777782,0.9999999997708338,0.8939035348843251,0.7730551755025993,0.522752590788745,0.8888888888888888,2.428163952858046,0.12048192771084336,0.2608695652173913,0.06060606060606061,A jet airplane sits on display in a museum.,3.495359008000378,6.770430622000276,1.380087822999485,3.530007602999831,0.7956725490003009,1.5495399259998521,11,2896.54,996.02,630.02
41,MiniCPM-v2.6-Q2_K,0.7333333332844446,0.4577377081854579,0.25259805942660263,3.404295069617659e-05,0.28598175746221494,0.36802413273001505,0.11085836819038804,0.09375,0.2424242424242424,0.0,Two small planes parked near a marshy area with water reflecting the planes and sky.,3.495359008000378,6.843807516001107,1.3322092009984772,3.4101661060012702,0.8005843230021128,2.0426480879978044,18,2896.54,996.02,630.02
42,MiniCPM-v2.6-Q2_K,0.8999999998200003,0.8366600263620957,0.7591472428079485,0.7071067810311668,0.2931377212881137,0.7000000000000001,0.5136466784907604,0.06369426751592357,0.13953488372093023,0.05970149253731343,A jet sits on a runway with its hatch open.,3.495359008000378,6.8654440520003845,1.3375888289992872,3.4390940419980325,0.793529964001209,1.3586673469981179,12,2896.54,996.02,630.02
43,MiniCPM-v2.6-Q2_K,0.999999999818182,0.8366600263781527,0.6156382500313324,0.4132584091080039,0.42197852707169725,0.7395219951506755,0.9724465511048299,0.12658227848101267,0.21052631578947367,0.07142857142857142,A large Lufthansa passenger jet is taking off from a runway.,3.495359008000378,6.769222572002036,1.3249806010026077,3.416273707000073,0.7732074400009878,1.7687771480013907,16,2896.54,996.02,630.02
46,MiniCPM-v2.6-Q2_K,0.8749999997812503,0.7071067810034577,0.6299605247774476,0.562341325030852,0.3673359311656987,0.6489361702127661,0.9635270292951246,0.06451612903225806,0.13793103448275862,0.0,A red plane flying near a factory building.,3.495359008000378,6.955202099998132,1.3594660870003281,3.4003303369972855,0.7816109119994508,1.1315031289996114,10,2896.54,996.02,630.02
47,MiniCPM-v2.6-Q2_K,0.8571428568979593,0.7559289457934757,0.6114214172745694,8.694417436006866e-05,0.38938120775882434,0.6853932584269663,1.0933105693127512,0.08333333333333333,0.18181818181818182,0.0,An airplane flying against a blue sky.,3.495359008000378,7.020789712001715,1.4531702599997516,3.637719787999231,0.7902550229991903,1.1177700579974044,9,2896.54,996.02,630.02
48,MiniCPM-v2.6-Q2_K,0.9374999999414063,0.8291561975353005,0.7617206430832749,0.6720456410354146,0.44557619137626164,0.7582872928176796,0.4001752628149575,0.10526315789473685,0.2666666666666667,0.04347826086956522,A Lufthansa plane is parked on the runway with a small vehicle in front of it.,3.495359008000378,7.809567601998424,1.4149395109998295,3.5396052169999166,0.8231369399982214,2.426527993000491,21,2896.54,996.02,630.02
49,MiniCPM-v2.6-Q2_K,0.9999999997500004,0.9999999997410718,0.8735804645005713,0.6042750792999629,0.48396514528753165,0.8798076923076923,1.3876058318927633,0.08791208791208792,0.15384615384615385,0.0,A small plane flying over a mountain range.,3.495359008000378,6.863500749997911,1.3514294610031357,3.4877307120004843,0.8325566370003799,1.1801015829987591,10,2896.54,996.02,630.02
50,MiniCPM-v2.6-Q2_K,0.4166666665972223,0.19462473600720623,1.5588297691369603e-06,4.529376169980083e-09,0.11725489021260001,0.2772727272727273,0.015021935704644803,0.011235955056179775,0.04255319148936171,0.0,Caption: Local villagers gathering in a village square to discuss community matters,3.495359008000378,6.951155374998052,1.3218349769995257,3.4029618009990372,0.7808078420021047,1.623467282999627,14,2896.54,996.02,630.02
51,MiniCPM-v2.6-Q2_K,0.9999999998461542,0.9574271076059733,0.9085602962701146,0.8512160930520395,0.5550024301312789,0.877124183006536,2.1697231679276983,0.08771929824561404,0.2758620689655173,0.0273972602739726,A man sits on a bench next to a bike near the ocean.,3.495359008000378,6.934554835999734,1.3260480639983143,3.5509279759971832,0.8007736740000837,1.8133971269999165,15,2896.54,996.02,630.02
54,MiniCPM-v2.6-Q2_K,0.9999999999166668,0.8528028653481446,0.71376585543836,0.5900468725824368,0.3403637738576097,0.6842948717948718,0.12078326862396102,0.14678899082568808,0.25806451612903225,0.04545454545454545,A person biking in a large open area on a sunny day.,3.495359008000378,6.923798940999404,1.3200187430011283,3.409390553999401,0.77620358400236,1.5461633699997037,14,2896.54,996.02,630.02
56,MiniCPM-v2.6-Q2_K,0.8571428570204084,0.7703288864074802,0.5293758503902745,0.34078064665631,0.3484305098596361,0.6224489795918368,0.8551609059446875,0.1627906976744186,0.3157894736842105,0.04545454545454545,A young girl smiles brightly wearing a blue helmet and her bike behind her.,3.495359008000378,7.069264319001377,1.3657902789964282,3.661771465998754,0.8553450879990123,1.9036488210003881,16,2896.54,996.02,630.02
58,MiniCPM-v2.6-Q2_K,0.9999999997777782,0.9354143464791199,0.8549879731353458,0.7476743904255464,0.5072814182070803,0.8299319727891156,0.906933940635633,0.0851063829787234,0.2857142857142857,0.05555555555555556,A man is riding a bicycle down a road.,3.495359008000378,6.977139447997615,1.4590618210022512,3.564416238001286,0.7988861829981033,1.3143904300013673,11,2896.54,996.02,630.02
63,MiniCPM-v2.6-Q2_K,0.8571428568979593,0.6546536705131399,0.4409111381704973,6.803749330907337e-05,0.27551953936358975,0.543026706231454,0.5979631243132115,0.03773584905660377,0.14814814814814814,0.0,Cyclists racing past storefronts during a race.,3.495359008000378,6.844542831000581,1.3902761669996835,3.4795150040008593,0.7905511039971316,1.358642538998538,12,2896.54,996.02,630.02
64,MiniCPM-v2.6-Q2_K,0.8571428568979593,0.6546536705131399,0.5555132241141164,8.091067113010008e-05,0.3305672401538585,0.6240409207161125,0.9072105428253154,0.057692307692307696,0.16666666666666666,0.0425531914893617,Cyclists cross a bridge near a roadway.,3.495359008000378,6.975369547999435,1.3643981059976795,3.4729454209991673,0.7821234030016058,1.2342674149986124,11,2896.54,996.02,630.02
65,MiniCPM-v2.6-Q2_K,0.9230769229349115,0.7844645404295353,0.6071154898674398,0.3867706275715279,0.34151571861579494,0.5970636215334422,0.28694446509330523,0.06299212598425197,0.1,0.04255319148936171,A brown bicycle sits on a shelf with a lamp attached to it.,3.495359008000378,6.677835417001916,1.3390621040016413,3.553760595001222,0.8092931139981374,1.853406879999966,15,2896.54,996.02,630.02
66,MiniCPM-v2.6-Q2_K,0.8461538460236689,0.7025594234189063,0.5125051479005528,0.3406227681539254,0.3464597264911982,0.7277065314643603,0.35733021261958786,0.039999999999999994,0.14634146341463414,0.0,A man sits near a bike and flowers while talking on a cellphone.,3.495359008000378,6.779796464998071,1.3352864580010646,3.478468638000777,0.8005949780017545,1.8216899239996565,15,2896.54,996.02,630.02
67,MiniCPM-v2.6-Q2_K,0.9999999997777782,0.9999999997708338,0.9999999997625665,0.9999999997524806,1.0,1.0,2.1584140781900754,0.07500000000000001,0.19999999999999998,0.0,A bicycle is parked next to a dining table.,3.495359008000378,6.94346413400126,1.3290947650020826,3.384480111999437,0.7796729379988392,1.2220034759993723,11,2896.54,996.02,630.02
69,MiniCPM-v2.6-Q2_K,0.9090909089256201,0.8528028652635105,0.7856009757221424,0.6529942055965371,0.37913803875203783,0.6902404526166903,0.4890816140988697,0.10810810810810811,0.2857142857142857,0.03076923076923077,A woman rides a bike through a field of yellow flowers.,3.495359008000378,6.839431660999253,1.3409750550017634,3.413131732999318,0.7842709690012271,1.454400375001569,13,2896.54,996.02,630.02
76,MiniCPM-v2.6-Q2_K,0.8124999999492188,0.5700877125127509,2.8526715775692137e-06,6.500593259892684e-09,0.3130892254121812,0.5552184466019418,0.1790697064294988,0.14,0.22222222222222218,0.06896551724137931,A vintage white bicycle with a black seat and handlebars is parked against a white background.,3.495359008000378,5.902183307000087,1.327214732998982,3.3963705070018477,0.7787403460024507,2.2145567850020598,19,2896.54,996.02,630.02
77,MiniCPM-v2.6-Q2_K,0.9999999998333334,0.9999999998295456,0.965489384436913,0.8801117366352623,0.4847230958953615,0.8574297188755019,0.7762495418559163,0.14414414414414414,0.4444444444444445,0.0625,A cyclist rides in front of a car with bikes on top.,3.495359008000378,6.887153373998444,1.3642995789996348,3.4863456300008693,0.7779011620004894,1.7074200050010404,14,2896.54,996.02,630.02
78,MiniCPM-v2.6-Q2_K,0.7777777776049386,0.5400617247435577,0.3466806370930039,5.133450479131077e-05,0.3091593447134695,0.639412997903564,0.2746130419905184,0.04000000000000001,0.12903225806451613,0.0,A competitive cyclist is in motion on his bike.,3.495359008000378,6.947638068002561,1.367777200001001,3.530701769999723,0.8026271010021446,1.4832843830008642,11,2896.54,996.02,630.02
80,MiniCPM-v2.6-Q2_K,0.7142857140816329,0.48795003632904355,0.36246012422095697,5.8739490927447296e-05,0.2635811252521272,0.5269978401727862,0.1571781791151455,0.04081632653061224,0.16666666666666669,0.0,A lone bicyclist travels down the street.,3.495359008000378,6.79804930300088,1.329178989999491,3.3844652269981452,0.7767858100014564,1.1054370790006942,10,2896.54,996.02,630.02
81,MiniCPM-v2.6-Q2_K,0.999999999818182,0.7071067810547688,0.480749856677033,0.34329452391666276,0.3567146832269727,0.6363636363636364,0.5517642011566233,0.09523809523809525,0.34782608695652173,0.0,A child in blue jacket riding a bike on snowy road.,3.495359008000378,21.430021495998517,1.3532484130009834,10.293918612002017,0.8020317170012277,1.4416940709998016,13,2896.54,996.02,630.02
82,MiniCPM-v2.6-Q2_K,0.8999999998200003,0.774596669082261,0.608220199428375,0.42341975783065045,0.35517089233210564,0.7187745483110761,0.6065993477168927,0.08888888888888889,0.2727272727272727,0.0,A person rides a blue bike through a wooded area.,3.495359008000378,6.388324946001376,1.52015064599982,3.5428363399987575,0.7843820259986387,1.4244963919991278,12,2896.54,996.02,630.02
88,MiniCPM-v2.6-Q2_K,0.9999999998000004,0.9428090413882642,0.8735804645510677,0.7856293016283906,0.46234207957818596,0.7439024390243903,1.2941484666364271,0.15789473684210528,0.35294117647058826,0.13333333333333333,A green bicycle locked to a tree on a sidewalk.,3.495359008000378,6.741220355001133,1.3568226339993998,3.4948586270002124,0.8075306499995349,1.494890554000449,12,2896.54,996.02,630.02
89,MiniCPM-v2.6-Q2_K,0.4444444443456792,0.3333333332569446,2.5131581365004733e-06,7.171781505449111e-09,0.3733420255215335,0.4444444444444444,0.12955651143839114,0.16129032258064516,0.3,0.08,A man checks his bike near a sandy area.,3.495359008000378,6.685101259998191,1.319333587998699,3.392595170000277,0.7793636620008328,1.2234395500017854,11,2896.54,996.02,630.02
90,MiniCPM-v2.6-Q2_K,0.5555555554938273,0.3615507629903306,0.20140621165251935,2.716638372041585e-05,0.29035186436852617,0.4066666666666667,0.061342425510814064,0.07920792079207922,0.14814814814814814,0.0392156862745098,A silver bicycle with its front wheel removed is being repaired by a man wearing a blue hoodie.,3.495359008000378,6.804655873998854,1.3467104470000777,3.505923935001192,0.845022847999644,2.542524954998953,20,2896.54,996.02,630.02
91,MiniCPM-v2.6-Q2_K,0.9999999996000004,0.7071067808860275,5.5032120789534585e-06,1.6990442439622045e-08,0.18128387082763733,0.44309927360774815,0.12341221217831295,0.07476635514018691,0.23076923076923078,0.0,People cycling near London Eye,3.495359008000378,6.797454547002417,1.3248964959966543,3.377484534998075,0.775668760001281,0.6637076730003173,6,2896.54,996.02,630.02
93,MiniCPM-v2.6-Q2_K,0.7999999998400004,0.6666666665296299,3.8157141410353705e-06,9.438595266157063e-09,0.32280872136668576,0.5865384615384615,0.6412429118739276,0.0810810810810811,0.1714285714285714,0.04938271604938272,Two men ferrying meat in baskets attached to their bicycles.,3.495359008000378,6.789535929001431,1.340195764998498,3.5091491370003496,0.7925999979997869,1.5901715039981354,13,2896.54,996.02,630.02
94,MiniCPM-v2.6-Q2_K,0.8999999998200003,0.774596669082261,0.6694329499402253,0.5410822689350413,0.4084009586830425,0.7729905865314989,0.46960997136038163,0.10810810810810811,0.375,0.06451612903225806,A man is riding a red bike on the sidewalk.,3.495359008000378,6.922033300001203,1.4198212669980421,3.4793352790002245,0.7837631400034297,1.4231292520016723,12,2896.54,996.02,630.02
98,MiniCPM-v2.6-Q2_K,0.8749999997812503,0.7071067810034577,4.367902322502858e-06,1.1362193661452328e-08,0.23973103132086254,0.5,0.16820471654980493,0.0606060606060606,0.25,0.0,A bicyclist on a sidewalk near a curb.,3.495359008000378,7.187104789001751,1.360614445002284,3.379924695000227,0.7757218339975225,1.3239665490000334,11,2896.54,996.02,630.02
103,MiniCPM-v2.6-Q2_K,0.8888888886913584,0.8164965807406125,0.7249202484964744,0.596949179054208,0.4247483391944123,0.8951781970649895,1.546582509956222,0.11494252873563218,0.2857142857142857,0.04166666666666667,A Canada Goose stretches its wings in the water.,3.495359008000378,6.129271269997844,1.3530983189994004,3.448035591001826,0.7812066350015812,1.2396466360005434,11,2896.54,996.02,630.02
105,MiniCPM-v2.6-Q2_K,0.8571428568979593,0.7559289457934757,0.4852855004887696,7.311104454657567e-05,0.29971429773949837,0.5269978401727862,0.6295431949976515,0.06382978723404256,0.15384615384615385,0.0,A large bird flies near the water.,3.495359008000378,6.831505767000635,1.3474445440006093,3.386027946999093,0.7748068410000997,1.027142388997163,9,2896.54,996.02,630.02
106,MiniCPM-v2.6-Q2_K,0.7999999998400004,0.6666666665296299,0.4807498566671996,6.311969076838888e-05,0.3684633212555065,0.7187745483110761,0.9917098129794231,0.11111111111111112,0.23529411764705882,0.06060606060606061,A small bird with red feathers sits on a branch.,3.495359008000378,21.392833605001215,1.3913652819974232,10.577219858001627,0.7879457050003111,1.4271876139973756,12,2896.54,996.02,630.02
107,MiniCPM-v2.6-Q2_K,0.9999999997142859,0.8164965806847213,0.5108729547692865,7.598356853987667e-05,0.31342362681591074,0.5714285714285714,0.30536065881510377,0.022988505747126436,0.08695652173913042,0.0,A mallard in a pond preening itself.,3.495359008000378,7.496400838997943,1.3702145579991338,3.5050941730005434,0.8788842270005262,1.3401680110000598,11,2896.54,996.02,630.02
109,MiniCPM-v2.6-Q2_K,0.7999999998400004,0.516397779388174,3.218297948003038e-06,8.307018472587394e-09,0.23415033256052994,0.5,0.10641871711350644,0.03305785123966942,0.1176470588235294,0.0,A white heron with red legs stands near a pond.,3.495359008000378,6.689952148000884,1.3308548700006213,3.434995316001732,0.7770115050007007,1.452467646999139,13,2896.54,996.02,630.02
114,MiniCPM-v2.6-Q2_K,0.7499999998750001,0.5222329677780766,0.3792447013041614,4.96168299944889e-05,0.24222199202984188,0.5648148148148148,0.6812496452980494,0.061855670103092786,0.21428571428571427,0.0,"""Parakeets perched on a wooden bar in a cage filled with hay.""",3.495359008000378,19.388228922998678,1.3295541789993877,10.893773576000967,0.7891401480010245,2.122894272000849,18,2896.54,996.02,630.02
120,MiniCPM-v2.6-Q2_K,0.8749999997812503,0.7905694148373941,0.592815550588378,0.45180100167677795,0.3770649884347697,0.7970383275261324,1.8026400218983225,0.09836065573770492,0.2857142857142857,0.0,A brown bird sitting on a red feeder,3.495359008000378,21.589008049999393,1.3203183770019677,10.349158326000179,0.8143909539976448,0.9988610309992509,9,2896.54,996.02,630.02
122,MiniCPM-v2.6-Q2_K,0.9999999997142859,0.9128709289035893,0.7937005257359111,0.5946035573035137,0.3279909955169207,0.7904967602591793,0.45267933165433694,0.07317073170731708,0.14285714285714288,0.0,A large bird sitting on a branch,3.495359008000378,6.810864289000165,1.3170072389984853,3.3878901200005203,0.7742469980003079,0.8860428409971064,8,2896.54,996.02,630.02
123,MiniCPM-v2.6-Q2_K,0.6666666665185187,0.4999999998854169,0.4149132665846075,0.33031643171962105,0.309821039799364,0.5532879818594103,0.5225293157415998,0.08695652173913043,0.09523809523809525,0.0,A large bird flies low over a forested area.,3.495359008000378,7.15630030399916,1.401752754001791,3.4294615930011787,0.7800251730004675,1.3522343740005454,12,2896.54,996.02,630.02
125,MiniCPM-v2.6-Q2_K,0.9999999996666668,0.9999999996500001,0.999999999627778,0.9999999995958335,1.0,1.0,2.7999613202071796,0.1276595744680851,0.33333333333333337,0.13333333333333333,A bird sits on a branch,3.495359008000378,6.944182836999971,1.3413561999986996,3.4663045900015277,0.8069436029982171,0.8397258749973844,7,2896.54,996.02,630.02
126,MiniCPM-v2.6-Q2_K,0.7272727271404961,0.5393598898700768,0.31854558815077505,4.483386699498255e-05,0.2278966114713449,0.39934533551554824,0.18889470957090393,0.03669724770642202,0.05555555555555555,0.0,A windmill is spinning in the wind near a bird feeder.,3.495359008000378,6.630427623000287,1.339162362000934,3.448961177997262,0.8214390710018051,1.6484213809999346,14,2896.54,996.02,630.02
127,MiniCPM-v2.6-Q2_K,0.5833333332361111,0.5149286504566655,0.43006931369345563,0.30661487097417767,0.31913906267522535,0.552536231884058,0.5489839290220837,0.08333333333333334,0.2222222222222222,0.0,Two birds fly off the water while another swims away from them.,3.495359008000378,6.867124144002446,1.3338104620015656,3.435655523000605,0.7829351780019351,1.660480719001498,14,2896.54,996.02,630.02
132,MiniCPM-v2.6-Q2_K,0.9999999997142859,0.9999999997023811,0.9999999996873018,0.9999999996672622,0.9029443838604143,0.9360613810741688,2.248294823279759,0.09876543209876544,0.21052631578947367,0.07692307692307693,A colorful bird sits on a branch.,3.495359008000378,6.797941544999048,1.3398183579993201,3.3999889560000156,0.773994835002668,1.0014563539989467,9,2896.54,996.02,630.02
134,MiniCPM-v2.6-Q2_K,0.9999999998000004,0.9999999997944449,0.9999999997879634,0.9999999997802583,0.47249068406310357,0.9,1.7337746247323038,0.12195121951219512,0.21428571428571425,0.05128205128205127,A black bird sitting on the edge of a sidewalk.,3.495359008000378,6.904718254998443,1.3612469940017036,3.542552392002108,0.818463638999674,1.5160711659991648,12,2896.54,996.02,630.02
135,MiniCPM-v2.6-Q2_K,0.8333333330555557,0.7071067809390603,4.999999998138894e-06,1.428720214271959e-08,0.3184464413482169,0.7587064676616916,1.5051212536592344,0.08823529411764706,0.35294117647058826,0.0,A bird pecks at a feeder.,3.495359008000378,6.685637533999397,1.3285764689971984,3.413994372000161,0.8005269929999486,1.207654073001322,9,2896.54,996.02,630.02
137,MiniCPM-v2.6-Q2_K,0.9090909089256201,0.6741998623375959,0.5867659902501914,0.5246341021824447,0.42676389513484175,0.6851366529389742,0.8576664099861069,0.06349206349206349,0.13793103448275862,0.03389830508474576,A blue and white bird sits on a wooden fence railing,3.495359008000378,21.81997999699888,1.347575367999525,10.627381828999205,0.8857783589992323,1.5522777320002206,12,2896.54,996.02,630.02
141,MiniCPM-v2.6-Q2_K,0.9999999997500004,0.9999999997410718,0.9999999997301591,0.9999999997163694,0.4951158730151944,0.875,1.587740280507533,0.11881188118811882,0.17391304347826084,0.038461538461538464,Two green birds fly around a wooden post.,3.495359008000378,6.294762798999727,1.3579846550019283,3.487184599998727,0.823642696999741,1.2118560710005113,10,2896.54,996.02,630.02
142,MiniCPM-v2.6-Q2_K,0.8749999997812503,0.7071067810034577,0.5503212080006054,7.598356854360799e-05,0.26403591516295627,0.5820610687022901,0.30677237028789944,0.06,0.23076923076923078,0.0,"Caption: ""Father and son strolling along the shoreline.""",3.495359008000378,6.975696459001483,1.364208962997509,3.485803686999134,0.8170182680005382,1.5608286640017468,13,2896.54,996.02,630.02
144,MiniCPM-v2.6-Q2_K,0.6666666666111113,0.4264014326740724,2.629535894088921e-06,6.704226837517456e-09,0.28321329253827116,0.4728682170542636,1.1067062081365333,0.10389610389610389,0.2222222222222222,0.0,"Five birds on snow, one red, one yellow, two gray, two black.",3.495359008000378,6.895038320002641,1.3448685579969606,3.418806453999423,0.786181782001222,2.150725342999067,18,2896.54,996.02,630.02
145,MiniCPM-v2.6-Q2_K,0.6666666665185187,0.4999999998854169,3.2931687792598418e-06,8.783602617539847e-09,0.363938790112248,0.6024691358024692,1.0083493379429693,0.048192771084337345,0.21052631578947367,0.0,A parrot sitting on a perch inside a cage.,3.495359008000378,6.911932494997018,1.3711751509981696,3.4161728990002302,0.7803003239969257,1.5815854940010468,12,2896.54,996.02,630.02
148,MiniCPM-v2.6-Q2_K,0.9999999997777782,0.9354143464791199,0.7937005257956488,0.6389431040881217,0.39002171046905415,0.8323586744639376,1.594171359990696,0.11594202898550725,0.23529411764705882,0.0,A small brown bird is perched on a branch.,3.495359008000378,6.155600998001319,1.350317358999746,3.443218642998545,0.7872638820008433,1.3519933889983804,12,2896.54,996.02,630.02
153,MiniCPM-v2.6-Q2_K,0.9999999997142859,0.9128709289035893,0.7937005257359111,0.5946035573035137,0.92,0.8571428571428571,0.7742712120827372,0.050420168067226885,0.2222222222222222,0.0,A pirate ship sailing in the ocean.,3.495359008000378,6.746426434001478,1.319908706998831,3.4426848129987775,0.7745280560011452,0.9941358220021357,9,2896.54,996.02,630.02
154,MiniCPM-v2.6-Q2_K,0.9999999997500004,0.8451542545096824,0.7808966654083622,0.7311104455016595,0.40714434034863306,0.7787234042553192,0.95784619565564,0.09615384615384616,0.17647058823529413,0.041666666666666664,A large ship in the water near land.,3.495359008000378,6.885558155998297,1.3776659690011002,3.599576641998283,0.8138790220000374,1.1858940189995337,10,2896.54,996.02,630.02
155,MiniCPM-v2.6-Q2_K,0.9999999998333334,0.7385489457501074,0.5469655074972881,0.4366835442063216,0.43196255245321796,0.7735507246376813,1.1673235031945317,0.12389380530973451,0.19999999999999998,0.04545454545454545,A large blue cruise ship in the water near a forested shoreline.,3.495359008000378,6.911532358000841,1.3808272870010114,3.5715004870035045,0.7995233410001674,1.7726299030000519,15,2896.54,996.02,630.02
156,MiniCPM-v2.6-Q2_K,0.9285714284387758,0.886405260298854,0.7710108347491744,0.638943104149104,0.4362205846283068,0.8145400593471811,1.0324662472804136,0.10909090909090909,0.23529411764705882,0.07272727272727274,A family is relaxing on a boat with a large cross on the bow.,3.495359008000378,6.928064333998918,1.3468617270009418,3.417328550996899,0.7789434459991753,1.7779097240018018,16,2896.54,996.02,630.02
157,MiniCPM-v2.6-Q2_K,0.9999999996666668,0.7745966689703747,5.313292843935334e-06,1.4953487806168506e-08,0.2696629213483146,0.5545454545454546,0.7221408559973265,0.06382978723404256,0.14814814814814814,0.0,A marina filled with docked boats.,3.495359008000378,7.458951122000144,1.4883615870021458,3.518604693002999,0.812038683998253,1.5534930339999846,10,2896.54,996.02,630.02
160,MiniCPM-v2.6-Q2_K,0.933333333208889,0.7745966691363596,0.5173403876951022,0.3277456804834637,0.2549326175301279,0.5674418604651164,0.5612892348463585,0.10416666666666667,0.20689655172413793,0.0,A white row boat on a river with a sign on the back of it,3.495359008000378,7.178382006000902,1.4075025620004453,3.630373641000915,0.7980592179992527,1.9813864110001305,16,2896.54,996.02,630.02
161,MiniCPM-v2.6-Q2_K,0.9999999997500004,0.9999999997410718,0.7937005257699269,0.668740304786747,0.4664367309127658,0.7787234042553192,1.1717195126124036,0.07633587786259541,0.15789473684210528,0.03278688524590164,Four jets fly in formation above a bay.,3.495359008000378,6.825116801999684,1.3497334899984708,3.3998854139972536,0.8338796269999875,1.1856235199993534,10,2896.54,996.02,630.02
163,MiniCPM-v2.6-Q2_K,0.8749999997812503,0.7071067810034577,0.43679023225028574,6.389431040650488e-05,0.3740432132661287,0.7331730769230769,0.8217273083499138,0.05084745762711864,0.1212121212121212,0.0,Two guys taking a selfie on a boat,3.495359008000378,7.0182979609999165,1.381424324001273,3.5355826070008334,0.7958226920018205,1.0430437440008973,9,2896.54,996.02,630.02
165,MiniCPM-v2.6-Q2_K,0.818181818033058,0.5720775534407411,3.3130076240849087e-06,8.210967435063375e-09,0.3025814263691336,0.5596330275229358,0.43240277994085446,0.0816326530612245,0.1212121212121212,0.05,A boat sits on calm blue water near a rocky cliff.,3.495359008000378,6.6888917480027885,1.3312031329987803,3.399461168999551,0.7821209789981367,1.4503374260020792,13,2896.54,996.02,630.02
168,MiniCPM-v2.6-Q2_K,0.9999999998333334,0.9999999998295456,0.9283177665603348,0.7721947900534379,0.4678488781202524,0.7970383275261324,0.8040332655359839,0.0816326530612245,0.21052631578947367,0.024096385542168676,Two men posing by the water with a bridge in the background,3.495359008000378,7.137066316998244,1.370236990002013,3.4507284999999683,0.8122166270004527,1.6112495269990177,13,2896.54,996.02,630.02
169,MiniCPM-v2.6-Q2_K,0.9999999998000004,0.816496580759891,0.6299605248138619,0.43472087184946523,0.2799157416769969,0.5663129973474801,0.2644576396728222,0.05333333333333333,0.17777777777777776,0.0,A railing near the water with buildings in the background.,3.495359008000378,6.8603495829993335,1.358467614001711,3.4301903689993196,0.7794138290009869,1.4572928829984448,12,2896.54,996.02,630.02
170,MiniCPM-v2.6-Q2_K,0.7499999998125003,0.7319250545218838,0.6446159945207053,0.4810977289614269,0.40405587374599333,0.7176470588235294,1.2337748179399184,0.0810810810810811,0.1904761904761905,0.05555555555555555,A boat on a beach near large rocks.,3.495359008000378,6.773509364000347,1.3391695700011041,3.4059611070006213,0.7711243459998514,1.102343030001066,10,2896.54,996.02,630.02
171,MiniCPM-v2.6-Q2_K,0.9999999997142859,0.9999999997023811,0.9283177664322725,0.7952707285024341,0.4421806290078424,0.8571428571428571,0.9286837253207267,0.10869565217391304,0.23076923076923078,0.05882352941176471,A military ship sailing on the ocean.,3.495359008000378,6.825669440997444,1.374354677998781,3.4716062280022015,0.7938731529975485,1.0154727190019912,9,2896.54,996.02,630.02
177,MiniCPM-v2.6-Q2_K,0.9999999998571432,0.8770580191793259,0.6843555630369736,0.5437427681400613,0.3400108886300194,0.6075697211155379,0.6006241033061464,0.10810810810810811,0.3125,0.03278688524590164,A small SUV carries a kayak on top and a scooter on the back.,3.495359008000378,6.892973312002141,1.3558951599989086,3.5306084440017003,0.79517351100003,1.987088681999012,16,2896.54,996.02,630.02
179,MiniCPM-v2.6-Q2_K,0.8749999997812503,0.6123724355372341,0.39685026288496356,5.9460355733271294e-05,0.22281966741566206,0.61,0.6355983189271558,0.054054054054054064,0.14634146341463414,0.029850746268656723,Boats in a harbor near a hillside town.,3.495359008000378,6.757412901999487,1.3138823070003127,3.404581209000753,0.7744975649984553,1.3374994270016032,12,2896.54,996.02,630.02
181,MiniCPM-v2.6-Q2_K,0.9285714285051022,0.8451542546658267,0.746900791035179,0.6238986071614335,0.4883149522807886,0.7648902821316614,0.6652641721376823,0.1111111111111111,0.23529411764705882,0.0,A large cruise ship called Cunard docked at a port on a cloudy day.,3.495359008000378,6.867991758001153,1.3400312439989648,3.5404151859984268,0.7891501020021678,2.1935121599999547,19,2896.54,996.02,630.02
187,MiniCPM-v2.6-Q2_K,0.5624999999296877,0.38729833457152263,0.2204555691256655,3.0130404888812112e-05,0.2687839443541696,0.38125000000000003,0.3062712894777089,0.07407407407407408,0.3333333333333333,0.0,A pair of friends go out on the water to enjoy some fun on a sailboat.,3.495359008000378,7.156557007001538,1.4030973190019722,3.5765384129990707,0.7898149270004069,2.2788925739987462,19,2896.54,996.02,630.02
188,MiniCPM-v2.6-Q2_K,0.7391304347504726,0.44897775852491517,0.2677647798205291,3.13009551329364e-05,0.302915279107814,0.438743706545193,0.040383740336129736,0.08196721311475409,0.26666666666666666,0.0,A white sailboat with yellow trim and a green stripe on its sail is in the water near a buoy and a buoy.,3.495359008000378,7.299660043998301,1.3786782739989576,3.4755397389999416,0.791054127003008,2.940593662999163,26,2896.54,996.02,630.02
189,MiniCPM-v2.6-Q2_K,0.8333333331944446,0.6741998623483217,0.44964431294403506,5.63756031424638e-05,0.33364538370591745,0.6545064377682404,0.35786001604585943,0.042105263157894736,0.17391304347826086,0.0,A person is canoeing on a lake with trees in the background.,3.495359008000378,6.855612392002513,1.3314947710023262,3.4427854219975416,0.7813129280002613,1.814029572000436,15,2896.54,996.02,630.02
190,MiniCPM-v2.6-Q2_K,0.9999999997142859,0.9128709289035893,0.693361274133822,9.554427918864549e-05,0.4097169286540096,0.7904967602591793,0.5999064180907011,0.07547169811320754,0.25,0.03448275862068965,A boat in the ocean during sunset.,3.495359008000378,6.965773222997086,1.3588184720028949,3.450692786002037,0.7967839869997988,1.183010191001813,9,2896.54,996.02,630.02
192,MiniCPM-v2.6-Q2_K,0.5384615384408284,0.3882901373424275,0.23247548244241475,0.15288008278838783,0.27165825874080807,0.4054310672236992,0.044894701720517,0.0970873786407767,0.32,0.0,A man is sitting in a red boat with a man standing next to him while another man is in the water trying to catch fish.,3.495359008000378,6.277770488002716,1.322558158000902,3.393319409999094,0.785291046002385,3.1870473320013843,28,2896.54,996.02,630.02
193,MiniCPM-v2.6-Q2_K,0.5789473683905818,0.4744957310725266,0.34122877794532175,3.9696685119993094e-05,0.2650925694668598,0.40352811466372657,0.12262748031044253,0.048,0.11764705882352941,0.0,"A river flows with a large boat and a small speedboat nearby, with a bridge overhead and cityscape behind.",3.495359008000378,7.112758972998563,1.4717289750005875,3.499403527999675,0.7937454509992676,3.2014151940020383,24,2896.54,996.02,630.02
194,MiniCPM-v2.6-Q2_K,0.785714285602041,0.695353495263869,0.5442060218215127,0.45788313714376483,0.37089198469259066,0.647902283590016,0.2885053148233886,0.03418803418803419,0.1212121212121212,0.0,A ship floating in the water near a green object floating in the water.,3.495359008000378,6.97701781899741,1.392285860998527,3.4907872889998544,0.8062197899998864,1.997165340999345,16,2896.54,996.02,630.02
196,MiniCPM-v2.6-Q2_K,0.9999999998000004,0.9428090413882642,0.822070691269181,0.5307712169906119,0.47151111734403006,0.9070631970260222,1.3753901400141302,0.13333333333333333,0.2608695652173913,0.0425531914893617,Two people sitting on a small sailboat in the water.,3.495359008000378,6.865614500999072,1.3849082859996997,3.5129835119987547,0.8323796339973342,1.548174186002143,13,2896.54,996.02,630.02
198,MiniCPM-v2.6-Q2_K,0.8888888886913584,0.7453559923291194,0.42974399636106386,6.030725358915046e-05,0.18196939505612397,0.38364779874213834,0.1379987401755227,0.09195402298850576,0.2857142857142857,0.0,Caption: Friends enjoying a sunny day on the water.,3.495359008000378,6.936642987002415,1.3729162189993076,3.575192149000941,0.7973227100010263,1.6465029399987543,12,2896.54,996.02,630.02
200,MiniCPM-v2.6-Q2_K,0.6874999999570314,0.5664215155622997,0.45088987146905807,0.3446073376795577,0.493398707547519,0.6549079754601227,0.6911749961912077,0.20833333333333334,0.28571428571428575,0.10526315789473684,A grey and white cat sits in a sink next to a bottle of dish soap.,3.495359008000378,6.950383728999441,1.417251341001247,3.6024821499995596,0.8048767280015454,2.115706182001304,18,2896.54,996.02,630.02
204,MiniCPM-v2.6-Q2_K,0.5333333332977779,0.47809144370074647,0.41277450049115916,0.32903858797411994,0.3551447301281231,0.4303350970017637,0.2636303939715047,0.07692307692307691,0.16,0.0588235294117647,A baby wearing a hospital gown is being held by a woman holding a thermometer.,3.495359008000378,6.973622148001596,1.3440669680021529,3.422918308999215,0.7902661629996146,1.909530035998614,17,2896.54,996.02,630.02
205,MiniCPM-v2.6-Q2_K,0.8571428568979593,0.7559289457934757,0.6999028045563435,0.6434588839466586,0.36567377763101233,0.7142857142857143,0.28700433479418774,0.051948051948051945,0.18181818181818182,0.0,Caption: Friends posing together at a party,3.495359008000378,6.907325463998859,1.3302620139984356,3.4043944830009423,0.7736553159993491,0.9967930349994276,9,2896.54,996.02,630.02
206,MiniCPM-v2.6-Q2_K,0.9090909089256201,0.6741998623375959,3.6963941123931327e-06,8.913765519636197e-09,0.23514440310403192,0.3961038961038962,0.24940300548511263,0.06557377049180328,0.22222222222222218,0.0,A table with two vases and a painting on the wall,3.495359008000378,7.2996795379986,1.359464614000899,3.6664710179975373,0.8572267420022399,1.64901927700339,13,2896.54,996.02,630.02
207,MiniCPM-v2.6-Q2_K,0.8888888886913584,0.8164965807406125,0.7249202484964744,0.660632863439242,0.9368421052631579,0.9512670565302144,1.2755677095152187,0.08080808080808081,0.25,0.039215686274509796,A man sits on a chair holding a baby.,3.495359008000378,6.9128744560002815,1.3955299810004362,3.540085207001539,0.8121937020005134,1.3795104140008334,11,2896.54,996.02,630.02
208,MiniCPM-v2.6-Q2_K,0.82352941166782,0.6002450479270606,0.5242909818286537,0.41920610181059265,0.33496769778392566,0.5611038107752957,0.16216650612569508,0.06837606837606837,0.19999999999999998,0.031746031746031744,A man sits outside with a bottle of water and wears a number bib on his shirt.,3.495359008000378,6.845534632000636,1.3517541179971886,3.5469696639993344,0.8117860029997246,2.552402205001272,19,2896.54,996.02,630.02
211,MiniCPM-v2.6-Q2_K,0.8333333330555557,0.7071067809390603,0.49999999981388915,8.034284186199331e-05,0.2658231092019803,0.5545454545454546,0.21286757501059736,0.058252427184466014,0.12903225806451613,0.0,"Caption: ""Hygiene products on a table.""",3.495359008000378,6.802082868998696,1.3209137349986122,3.4135973699994793,0.7755331940024917,1.2177594960012357,11,2896.54,996.02,630.02
213,MiniCPM-v2.6-Q2_K,0.9999999999166668,0.9999999999128789,0.9654893845173704,0.9146912191405747,0.4736123976364532,0.8318181818181818,1.7136198825710558,0.1927710843373494,0.3076923076923077,0.16666666666666669,A young man holds up a bottle of beer at a party.,3.495359008000378,6.675564019002195,1.3159888349982793,3.3947732019987598,0.7772468090006441,1.648853713999415,14,2896.54,996.02,630.02
214,MiniCPM-v2.6-Q2_K,0.9999999997777782,0.9354143464791199,0.8549879731353458,0.6756000772362931,0.35024247218839555,0.6666666666666666,0.8399155330184844,0.061855670103092786,0.24000000000000002,0.0,A cowboy pets a horse while holding a beer.,3.495359008000378,6.901656309000828,1.3496083970021573,3.384878930999548,0.7763717929992708,1.2161721710035636,11,2896.54,996.02,630.02
216,MiniCPM-v2.6-Q2_K,0.8999999998200003,0.6324555319036713,0.3684031497859238,5.1697315384357014e-05,0.24445753290614297,0.5828025477707006,0.42777614364634725,0.075,0.2,0.05263157894736842,A baby is eating with a bottle in his hand.,3.495359008000378,7.217625971999951,1.511107323000033,3.613947339999868,0.8452101149996452,1.4988692440019804,12,2896.54,996.02,630.02
217,MiniCPM-v2.6-Q2_K,0.7777777777489712,0.7925939238712971,0.6705753293201949,0.5239872032520277,0.3459299738491847,0.5502255022550225,0.06591344200942273,0.13793103448275862,0.43243243243243246,0.05333333333333333,A workstation in a home office with a laptop and other office supplies on a table with a tablecloth and a chair in front of a window.,3.495359008000378,6.915790384999127,1.3559501119998458,3.5367434850013524,0.817002001000219,3.6022362719995726,30,2896.54,996.02,630.02
218,MiniCPM-v2.6-Q2_K,0.636363636247934,0.43693144867122347,2.7681823800578e-06,7.175852913353726e-09,0.18686343746594644,0.5763779527559055,0.1580770092070195,0.017857142857142856,0.06896551724137931,0.0,A car door left open with a jacket on the seat,3.495359008000378,6.89326351499767,1.355634210001881,3.642526060997625,0.8425248579987965,1.6069787230007933,12,2896.54,996.02,630.02
219,MiniCPM-v2.6-Q2_K,0.8461538460887575,0.7025594234729492,0.5125051479399761,0.3406227681801271,0.3984165991531433,0.5970636215334422,0.639275291859,0.13636363636363635,0.23076923076923078,0.08,An old Coca-Cola bottle with a cap on it sitting on a table.,3.495359008000378,20.93768883500161,1.3209010749997105,10.394504141000652,0.7928503650000494,1.8001306810001552,16,2896.54,996.02,630.02
221,MiniCPM-v2.6-Q2_K,0.8666666665511112,0.7464200271908793,0.5047172596521701,0.32172944203493525,0.34942372163500857,0.6810207336523126,0.3193725440946807,0.06611570247933884,0.19999999999999998,0.0,A woman making lemonade with a bottle of wine and other drinks on the table,3.495359008000378,7.030605827996624,1.4040966499997012,3.5433207790010783,0.7995944479989703,1.9892040439990524,17,2896.54,996.02,630.02
222,MiniCPM-v2.6-Q2_K,0.9999999998333334,0.9534625890830704,0.7688809596942693,0.4740604259026386,0.3287889783066674,0.5545454545454546,0.6219251723286039,0.0923076923076923,0.1875,0.0,A young man fishes while a young woman sunbathes on a dock,3.495359008000378,6.634927353999956,1.3771381869992183,3.4084664050024003,0.7767443220000132,2.2381818600006227,16,2896.54,996.02,630.02
225,MiniCPM-v2.6-Q2_K,0.7692307691124263,0.43852900958464325,2.595382211320407e-06,6.466227685952641e-09,0.19650877879798703,0.6765249537892792,0.36160885008497484,0.05479452054794521,0.15789473684210525,0.0,"A kitchen area with cabinets, sink, and countertop with various items on it.",3.495359008000378,6.676081728997815,1.3334622080001282,3.4040755559981335,0.7806539930024883,2.0208571760013,18,2896.54,996.02,630.02
228,MiniCPM-v2.6-Q2_K,0.7222222221820989,0.6836082660299369,0.5891115752040603,0.4832149364675233,0.37985907345748554,0.6304909560723514,0.3183915620067951,0.10434782608695653,0.24242424242424243,0.03773584905660377,A black-and-white photograph showing a bottle of milk sitting on a stone bench near a large rock formation.,3.495359008000378,7.042063454999152,1.3845261140013463,3.6747408749979513,0.8415749550003966,2.628810574002273,22,2896.54,996.02,630.02
229,MiniCPM-v2.6-Q2_K,0.9999999997500004,0.9999999997410718,0.9999999997301591,0.9457416087349345,0.5568391919396393,0.8798076923076923,1.4335612517405898,0.14634146341463414,0.2857142857142857,0.1142857142857143,A young man examines a bottle of beer.,3.495359008000378,6.9631826160002674,1.425508488999185,3.6381910359996255,0.8045833180003683,1.3507887059968198,10,2896.54,996.02,630.02
230,MiniCPM-v2.6-Q2_K,0.7222222221419754,0.5453307444551198,0.38203845428151906,0.24692069725680332,0.32942735311884513,0.6082621082621082,0.2004338295791187,0.025,0.10256410256410256,0.0,A man wearing a brown towel sits on the floor holding a staff and bottle of hot sauce.,3.495359008000378,20.25044661100037,1.3187518089980586,10.340006485999766,0.7864626250011497,2.24391834600101,20,2896.54,996.02,630.02
231,MiniCPM-v2.6-Q2_K,0.9999999998461542,0.9574271076059733,0.9085602962701146,0.8512160930520395,0.3854394967327122,0.7896034518183686,1.3766458289995211,0.09859154929577464,0.29411764705882354,0.05333333333333333,A plate of pasta with a bottle of water sitting on a table.,3.495359008000378,6.772459211999376,1.3348733679995348,3.4029567829966254,0.7751075239975762,1.6590813689981587,15,2896.54,996.02,630.02
232,MiniCPM-v2.6-Q2_K,0.5999999998800002,0.3651483715950527,0.25543647741035597,3.9281465081419535e-05,0.20007106262715202,0.44417475728155337,0.32255724078100395,0.03636363636363636,0.16,0.0,An open fridge showing some items like milk and eggs.,3.495359008000378,7.062217593000241,1.4336512990012125,3.609169759998622,0.8893190839989984,1.7876891359992442,12,2896.54,996.02,630.02
233,MiniCPM-v2.6-Q2_K,0.8999999998200003,0.6324555319036713,0.3684031497859238,5.1697315384357014e-05,0.2888241815257099,0.4535315985130111,0.217499969645483,0.047058823529411764,0.16,0.0,A woman sitting next to another woman in a restaurant.,3.495359008000378,6.815954820001934,1.3178909250018478,3.4071898700021848,0.7793153839993465,1.326238852001552,12,2896.54,996.02,630.02
240,MiniCPM-v2.6-Q2_K,0.785714285602041,0.7774288419010447,0.5326236362395691,6.08789502387996e-05,0.30380847961064306,0.4692307692307692,0.2534931502158939,0.057971014492753624,0.19999999999999998,0.0,A sidewalk adjacent to a fence and a street with a car parked nearby.,3.495359008000378,6.963805572999263,1.3900801340023463,3.5385752779984614,0.8041369310012669,2.0417462250006793,16,2896.54,996.02,630.02
242,MiniCPM-v2.6-Q2_K,0.7391304347504726,0.5184348594890292,0.3999874517495177,0.313009551329364,0.3355963520811436,0.569620253164557,0.26253977879559165,0.0746268656716418,0.2777777777777778,0.0,A man wearing a white shirt holding a bottle of wine standing next to a woman wearing a white jacket standing on grass.,3.495359008000378,6.63585188900106,1.3324488199978077,3.435093478001363,0.7834207489977416,2.802575628997147,25,2896.54,996.02,630.02
249,MiniCPM-v2.6-Q2_K,0.7142857141836737,0.6201736728557425,0.5431733703425908,0.4913270547397227,0.4073195552268134,0.7020460358056267,0.5390134104781125,0.049999999999999996,0.14285714285714285,0.029411764705882353,A man wearing glasses sits on a couch with a woman brushing her teeth.,3.495359008000378,6.64230907199817,1.3492052760011575,3.3607074889987416,0.7773265569994692,1.7843262610003876,16,2896.54,996.02,630.02
251,MiniCPM-v2.6-Q2_K,0.8571428568979593,0.6546536705131399,0.4409111381704973,6.803749330907337e-05,0.26700375413474803,0.6112224448897796,0.7244609091758835,0.019801980198019802,0.07692307692307693,0.0,A red white yellow and orange bus,3.495359008000378,6.676570054998592,1.330347230003099,3.4936882559995865,0.8103257340007985,0.9353625170006126,8,2896.54,996.02,630.02
254,MiniCPM-v2.6-Q2_K,0.9999999997142859,0.8164965806847213,0.6436595895358154,0.5081327479855399,0.34323568528550336,0.7334669338677354,0.49461651553615676,0.056074766355140186,0.16666666666666669,0.0,A man poses with a large truck.,3.495359008000378,6.955026301999169,1.3497875809989637,3.480122748998838,0.7759582889993908,0.9966761290015711,9,2896.54,996.02,630.02
255,MiniCPM-v2.6-Q2_K,0.9999999997777782,0.9999999997708338,0.9499142513674551,0.8694417436747791,0.942857142857143,0.9384615384615386,1.7284036429631682,0.1111111111111111,0.1904761904761905,0.047619047619047616,A red and white bus driving down the street.,3.495359008000378,7.458895979998488,1.399377474001085,3.4559756399976322,0.8399347300000954,1.3211963329995342,11,2896.54,996.02,630.02
256,MiniCPM-v2.6-Q2_K,0.9999999998000004,0.9428090413882642,0.8735804645510677,0.8307018472587394,0.43849762460077196,0.9070631970260222,1.4487472050122694,0.08421052631578947,0.14285714285714288,0.0,A blue and white bus is parked outside a building.,3.495359008000378,6.776989810998202,1.3997850260020641,3.582706673001667,0.8216544110000541,1.6698483060026774,12,2896.54,996.02,630.02
257,MiniCPM-v2.6-Q2_K,0.7727272726921488,0.4698714938774985,0.2805343625246648,3.283228800848821e-05,0.23647777078787313,0.4601293103448276,0.03813563747240373,0.05161290322580645,0.13953488372093023,0.03278688524590164,"A group of women are walking in a line on a blacktop surface, wearing red and white outfits with orange cones nearby.",3.495359008000378,6.691045641000528,1.3434474360001332,3.4366477530020347,0.7761890400033735,2.9829019930002687,26,2896.54,996.02,630.02
258,MiniCPM-v2.6-Q2_K,0.9999999998461542,0.9574271076059733,0.9085602962701146,0.7400828043703831,0.460585758302167,0.7809388335704124,1.465794958828273,0.11111111111111112,0.3076923076923077,0.07692307692307691,A bus shaped like a cat's face is driving down the street.,3.495359008000378,6.787127281000721,1.320217403001152,3.3977901940015727,0.7774644179989991,1.6647389339996153,15,2896.54,996.02,630.02
259,MiniCPM-v2.6-Q2_K,0.7999999998933335,0.6761234036910537,0.4127745004636409,0.2766873690891357,0.4409430369566624,0.5403011514614704,0.2999681340289572,0.15217391304347824,0.23076923076923075,0.0,A red double-decker bus labeled Metroline on the front drives down a busy London street.,3.495359008000378,6.940040081997722,1.322766748999129,3.3951605510010268,0.7801196250002249,2.211104358000739,20,2896.54,996.02,630.02
261,MiniCPM-v2.6-Q2_K,0.7999999996800004,0.4472135953098925,4.0548013285125586e-06,1.3512001541032851e-08,0.23628691983122363,0.48541114058355433,0.6314594080499982,0.0,0.0,0.0,A bus company is Vermont,3.495359008000378,6.773206515998027,1.4017624100015382,3.4956990470018354,0.8178507830016315,0.67811099300161,6,2896.54,996.02,630.02
264,MiniCPM-v2.6-Q2_K,0.8888888886913584,0.7453559923291194,0.6197980940939327,0.4463236136748592,0.3735963837046121,0.7672955974842767,0.5937106908269957,0.08333333333333334,0.2222222222222222,0.0,"A red bus labeled ""Citybus"" drives down a street.",3.495359008000378,6.916522512001393,1.5206823440021253,3.4473394749984436,0.7952786099995137,1.7100520950007194,14,2896.54,996.02,630.02
267,MiniCPM-v2.6-Q2_K,0.9166666665138891,0.7071067810660181,0.3684031497996613,4.854917716200945e-05,0.22578677052539664,0.5083333333333333,0.2877413271781769,0.049079754601226995,0.16666666666666669,0.0,An old taxi drives down a busy street near a historic building.,3.495359008000378,7.1170308319997275,1.4010342760011554,3.474786335002136,0.8049689229992509,1.6935585669998545,14,2896.54,996.02,630.02
268,MiniCPM-v2.6-Q2_K,0.7368421052243769,0.639809913256986,0.5523957764982826,0.47907142503842526,0.3686359644689689,0.6871088861076345,0.5396258627346264,0.08602150537634408,0.125,0.0,A yellow school bus is parked in front of a garage with a man walking away in the background.,3.495359008000378,6.810132768998301,1.3381243360017834,3.43922359300268,0.7786765060009202,2.3244051660003606,21,2896.54,996.02,630.02
270,MiniCPM-v2.6-Q2_K,0.6999999998600002,0.5577733509080639,0.42685972157198826,0.32466791540375595,0.4867104425678141,0.6421052631578947,0.45648851149491343,0.03333333333333333,0.12903225806451613,0.0,A man is standing on a sidewalk near a street.,3.495359008000378,6.8774198520004575,1.38549406400125,3.524562466998759,0.8168027069987147,1.5715726559974428,12,2896.54,996.02,630.02
271,MiniCPM-v2.6-Q2_K,0.7142857141836737,0.5241424182846418,2.8394820223243796e-06,6.7543128276485336e-09,0.22425040922200462,0.3609467455621302,0.157677220259083,0.04724409448818898,0.16,0.0,A white van drives down a street with a yellow school bus behind it.,3.495359008000378,6.704951256000641,1.4164765189998434,3.566535842997837,0.8254645070010156,1.9185514989985677,16,2896.54,996.02,630.02
276,MiniCPM-v2.6-Q2_K,0.624999999921875,0.5400617247986889,0.3466806371304691,0.23793665478924725,0.30255296696241935,0.5316235059760956,0.2764002623649272,0.0547945205479452,0.24242424242424243,0.0,A man wearing a white coat rides a bicycle behind a woman sitting in a wheelchair.,3.495359008000378,5.931420542998239,1.3743784079997567,3.494592474999081,0.813658363000286,2.0480662109985133,18,2896.54,996.02,630.02
277,MiniCPM-v2.6-Q2_K,0.8888888886913584,0.8164965807406125,0.7249202484964744,0.5019724247553314,0.3318796659212187,0.6666666666666666,1.5269668927741407,0.13186813186813187,0.17391304347826084,0.05,Three yellow school buses are on a city street.,3.495359008000378,7.087820697001007,1.3604884570013382,3.635191006000241,0.847203311001067,1.3686623310022696,11,2896.54,996.02,630.02
278,MiniCPM-v2.6-Q2_K,0.692307692281065,0.4402796314059332,0.2527892768122602,0.16279348730958934,0.2685937027280225,0.375770020533881,0.0038922014299441706,0.09523809523809525,0.2105263157894737,0.0,A red bus sits near a green park area with ornamental plants and a large tree in front of a large white building with red roofs.,3.495359008000378,6.817060493001918,1.3551759330002824,3.525838074998319,0.8254749020015879,3.4636342849989887,29,2896.54,996.02,630.02
279,MiniCPM-v2.6-Q2_K,0.9999999997500004,0.9999999997410718,0.9999999997301591,0.9999999997163694,0.5206965804161193,0.931297709923664,2.9502613339061696,0.18867924528301885,0.23529411764705882,0.1111111111111111,A yellow school bus parked in a lot.,3.495359008000378,6.719603743000334,1.3365437040010875,3.4202585090024513,0.7883199099997,1.2841684430022724,10,2896.54,996.02,630.02
281,MiniCPM-v2.6-Q2_K,0.8999999998200003,0.774596669082261,0.608220199428375,0.5035337886449386,0.38727188377313193,0.850597609561753,0.7028379805318187,0.07142857142857144,0.2608695652173913,0.0,A bus stops on the side of a busy street.,3.495359008000378,6.926144075998309,1.3657326559987268,3.4461401059998025,0.7828091789997416,1.3473790419993747,12,2896.54,996.02,630.02
284,MiniCPM-v2.6-Q2_K,0.9166666665138891,0.7071067810660181,0.46415888328016747,5.773502690858924e-05,0.33524628270856227,0.646969696969697,0.6782767877711431,0.10204081632653061,0.25,0.0392156862745098,A smiling young woman posing with her arms outstretched near a bus.,3.495359008000378,6.789566149996972,1.323654923999129,3.395658123998146,0.7789098489993194,1.7722991749978974,16,2896.54,996.02,630.02
287,MiniCPM-v2.6-Q2_K,0.9230769229349115,0.8320502942071694,0.6314255545987467,0.47369534252313505,0.4481112957130033,0.7124087591240876,0.6969364559288428,0.13333333333333333,0.2608695652173913,0.0,A red double-decker bus parked at a bus stop on a busy street.,3.495359008000378,6.96398148300068,1.3326837709973915,3.5147028579995094,0.8082116400000814,2.007579582001199,17,2896.54,996.02,630.02
288,MiniCPM-v2.6-Q2_K,0.9999999997142859,0.8164965806847213,5.1087295476928675e-06,1.3512001543574388e-08,0.3007265848946073,0.6240409207161125,0.8457442146738282,0.054545454545454536,0.12903225806451613,0.0,An orange bus parked outside near trees.,3.495359008000378,6.884914578997268,1.4060023579986591,3.462774970997998,0.7853153659998497,1.0597642430002452,9,2896.54,996.02,630.02
289,MiniCPM-v2.6-Q2_K,0.6236713232712557,0.4564806674061582,0.2465941787953902,3.288164697105219e-05,0.3433572026705269,0.6440422322775264,0.6916286131969868,0.05555555555555556,0.11428571428571428,0.0,A red white and blue double decker bus parked on the side of a road.,3.495359008000378,6.806072178998875,1.3840271859990025,3.468760525000107,0.7833513629993831,2.2237074170006963,18,2896.54,996.02,630.02
290,MiniCPM-v2.6-Q2_K,0.6428571428112246,0.49724515806196345,0.3454060644761944,4.399459231013189e-05,0.29210500684377505,0.323321554770318,0.11808624122767335,0.045112781954887216,0.10526315789473684,0.0,An Israel Air Force jeep on a snowy runway near a Total fuel truck.,3.495359008000378,6.866709605001233,1.3586610650017974,3.4790102090009896,0.806805363001331,1.8279462279970176,16,2896.54,996.02,630.02
292,MiniCPM-v2.6-Q2_K,0.8749999997812503,0.6123724355372341,3.968502628849637e-06,1.0573712631406612e-08,0.26598005719206064,0.5446428571428571,0.6871191552944875,0.08888888888888889,0.18181818181818182,0.0,A bus from the Church Satellite Eye Hospital,3.495359008000378,7.145276437000575,1.4462249300013355,3.5148788900005457,0.8239050580014009,1.124569417002931,9,2896.54,996.02,630.02
293,MiniCPM-v2.6-Q2_K,0.8461538460887575,0.7510676161386293,0.6352994279638938,0.4758733095994748,0.36931149522717877,0.7691230036424768,0.8777511727615217,0.07766990291262135,0.06060606060606061,0.0,"A blue party bus says ""You Drink We Drive"" on the front bumper.",3.495359008000378,6.790492218999134,1.3373547320006764,3.4092532220020075,0.778256498000701,1.88634264799839,17,2896.54,996.02,630.02
296,MiniCPM-v2.6-Q2_K,0.999999999818182,0.8944271908332274,0.8109602659210878,0.5081327480541754,0.43359002716227796,0.8102466793168881,1.6300281908500542,0.16,0.2608695652173913,0.0,A yellow school bus parked on a dirt lot near trees.,3.495359008000378,7.208705406999798,1.4255133070000738,3.5335193699975207,0.8112645459987107,1.6426492460013833,13,2896.54,996.02,630.02
299,MiniCPM-v2.6-Q2_K,0.7272727271404961,0.6030226890431458,0.4323328780825247,5.637560314144947e-05,0.3987346638029704,0.4803149606299213,0.4167742269254265,0.09195402298850575,0.24,0.0,"A double-decker bus that says ""Check-out at Tesco"" on the side.",3.495359008000378,7.037077720000525,1.3871634610004548,3.511915130999114,0.8022030249994714,2.230304149998119,19,2896.54,996.02,630.02
303,MiniCPM-v2.6-Q2_K,0.9285714284387758,0.7559289459083882,0.6197980941489565,0.5048005503575717,0.38280164507739606,0.8011257035647279,0.6754725717614383,0.0898876404494382,0.3333333333333333,0.0,A man wearing a black jacket and sunglasses standing in front of a bus.,3.495359008000378,6.718795876997319,1.3436098670026695,3.456757416999608,0.8130790989998786,1.785391655001149,16,2896.54,996.02,630.02
305,MiniCPM-v2.6-Q2_K,0.8888888886913584,0.8164965807406125,0.7249202484964744,0.5019724247553314,0.38198017024058045,0.8341880341880341,1.7843106624885385,0.06722689075630252,0.18181818181818182,0.0,A stop sign is cluttered with stickers and graffiti.,3.495359008000378,6.846959821999917,1.338852302000305,3.3950491569994483,0.780299236997962,1.4966610909978044,12,2896.54,996.02,630.02
306,MiniCPM-v2.6-Q2_K,0.8571428568979593,0.6546536705131399,0.4409111381704973,6.803749330907337e-05,0.324105158421439,0.4680306905370844,0.18661030112500387,0.03007518796992481,0.11764705882352941,0.0,A child looking into a green door.,3.495359008000378,7.053280174997781,1.360635639000975,3.551316910001333,0.8169216349997441,1.1557685059997311,9,2896.54,996.02,630.02
307,MiniCPM-v2.6-Q2_K,0.7647058823079586,0.6558559741066194,0.48587948590386815,0.30085997393759756,0.4120061774855638,0.5988779803646563,0.47940902911576333,0.09433962264150943,0.22222222222222218,0.04081632653061225,A green bus with the number 503 on it is driving on a road near a bridge.,3.495359008000378,6.865804689001379,1.3342609599967545,3.417371348001325,0.7798597930013784,2.4796682029991644,22,2896.54,996.02,630.02
311,MiniCPM-v2.6-Q2_K,0.9999999997500004,0.9258200995328305,0.753947440925708,0.5410822689004724,0.453031023808903,0.875,1.5386097682396578,0.13636363636363635,0.25,0.05882352941176471,A red sports car races along a track.,3.495359008000378,6.95380455600025,1.3321192210023582,3.3925435579985788,0.7773763379991578,1.1171807399987301,10,2896.54,996.02,630.02
312,MiniCPM-v2.6-Q2_K,0.9411764704775086,0.7669649887557294,0.5393118177219193,0.38690598040867197,0.3008278049807452,0.577027027027027,0.2310651649255659,0.12030075187969927,0.2666666666666667,0.0,A red pickup truck smokes out of the rear tire in a parking lot near a sign.,3.495359008000378,6.741465814000549,1.4629931790004775,3.519672106998769,0.8012029910023557,2.369033159000537,20,2896.54,996.02,630.02
316,MiniCPM-v2.6-Q2_K,0.999999999818182,0.8944271908332274,0.7631428282226833,0.5773502690755045,0.36478117502565555,0.5963687150837989,2.106825069111122,0.0792079207920792,0.19999999999999998,0.0,A liquor store next to a laundromat in a parking lot.,3.495359008000378,7.044096385998273,1.3386164419971465,3.4732330340011686,0.8363329290004913,1.8952351570005703,16,2896.54,996.02,630.02
318,MiniCPM-v2.6-Q2_K,0.7692307691715977,0.5063696835012589,0.359907503521302,0.26130226594483136,0.2428828789944028,0.5398230088495575,0.14945323957220066,0.06106870229007634,0.09999999999999999,0.0,Four bicyclists on a sunny day with a blue sign in the background.,3.495359008000378,7.1177229060012905,1.4330011950005428,3.639586323999538,0.845430415996816,2.2496836860009353,17,2896.54,996.02,630.02
319,MiniCPM-v2.6-Q2_K,0.6999999998600002,0.27888667545403206,2.1342986078599428e-06,6.1047358344663795e-09,0.2725984238325588,0.4979591836734694,0.207346167094204,0.03797468354430379,0.09302325581395349,0.0,A long white sign reads Boston Express in green letters.,3.495359008000378,7.015937969998049,1.3376455630022974,3.5997501940000802,0.800696283000434,1.4558717260006233,12,2896.54,996.02,630.02
320,MiniCPM-v2.6-Q2_K,0.9999999998000004,0.9999999997944449,0.9564655911833888,0.8891397048240804,0.3615646363489253,0.7286689419795221,1.109078828252902,0.10989010989010987,0.16666666666666669,0.0,A silver sports car is parked on a brick driveway.,3.495359008000378,6.728137316000357,1.3437404449978203,3.401883710997936,0.7806776719990012,1.4067123560016626,12,2896.54,996.02,630.02
321,MiniCPM-v2.6-Q2_K,0.545454545355372,0.23354968320493186,1.8232183582936018e-06,5.246341021824447e-09,0.22881197938972217,0.39934533551554824,0.22012201110297447,0.053571428571428575,0.14285714285714285,0.0,"A caption might be: ""Three friends enjoying a night out together.""",3.495359008000378,7.03470904400092,1.3861112569975376,3.586265366000589,0.7969094520012732,1.9352807239993126,15,2896.54,996.02,630.02
324,MiniCPM-v2.6-Q2_K,0.8888888886913584,0.8164965807406125,0.7249202484964744,0.660632863439242,0.4547407601945841,0.8323586744639376,2.620355919501058,0.10126582278481013,0.18181818181818182,0.0,A white van parked on a rooftop parking lot.,3.495359008000378,6.804102942998725,1.3279682850006793,3.3837098969997896,0.7744484120012203,1.253255296000134,11,2896.54,996.02,630.02
326,MiniCPM-v2.6-Q2_K,0.7619047618684808,0.6761234037498121,0.5245857984500744,0.42321326198197895,0.36161201328177256,0.6559139784946236,0.23796398963782497,0.09999999999999999,0.26666666666666666,0.0,A red fire engine parked in front of a red brick building with a flag hanging from the side of it,3.495359008000378,6.65932533600062,1.3299839990031614,3.387366213999485,0.7882312440015085,2.4376608899983694,22,2896.54,996.02,630.02
327,MiniCPM-v2.6-Q2_K,0.8181818181446281,0.7385489458416268,0.5758051388844075,0.3765093373249655,0.3483579439249531,0.43087790110998986,0.10153809449918086,0.11320754716981132,0.24000000000000002,0.0,A blue car is parked on a gravel driveway next to a green lawn with a white car parked on the lawn.,3.495359008000378,6.97799557899998,1.3244847890018718,3.403412681000191,0.7916965119984525,2.657292640000378,24,2896.54,996.02,630.02
328,MiniCPM-v2.6-Q2_K,0.7777777776913581,0.47828670259903516,0.3500466790748984,0.27499775950022026,0.3525196229239528,0.5785907859078591,0.14002223311590628,0.05128205128205128,0.125,0.0,A brightly painted colorful car sits on a blue sheet in a field with people walking around it.,3.495359008000378,6.937955092002085,1.3174231859993597,3.4067552240012446,0.776973022002494,2.200623275999533,20,2896.54,996.02,630.02
330,MiniCPM-v2.6-Q2_K,0.8888888886913584,0.8819171034860912,0.6933612741860076,0.4854917715871549,0.41232789097807165,0.7672955974842767,0.7068348350753477,0.027972027972027972,0.047619047619047616,0.0,A yellow car is decorated like a cartoon character.,3.495359008000378,21.003747821003344,1.3725489820026269,10.649329948999366,0.7964998980023665,1.2475807549999445,11,2896.54,996.02,630.02
331,MiniCPM-v2.6-Q2_K,0.9999999998000004,0.8819171035069142,0.6631762011754477,0.5372849657937071,0.4311640900877561,0.7439024390243903,0.8224418205017857,0.08196721311475409,0.17647058823529413,0.0,A white Toyota rally car racing on a dirt track.,3.495359008000378,6.894647848002933,1.3561199600007967,3.386663964996842,0.7802565769998182,1.328650776998984,12,2896.54,996.02,630.02
332,MiniCPM-v2.6-Q2_K,0.9999999998000004,0.7453559923467181,0.5928155506226452,0.4939382736029983,0.40820220126414514,0.6802973977695167,0.7309281364624332,0.09259259259259259,0.2666666666666667,0.0,A closeup photo of a blue car's front lights.,3.495359008000378,6.848681662002491,1.334273459000542,3.497723959997529,0.8076435000002675,1.529466293999576,13,2896.54,996.02,630.02
334,MiniCPM-v2.6-Q2_K,0.8571428570204084,0.8119979428229199,0.6500791024857706,0.523186821931158,0.4099887443961508,0.646643109540636,1.5604671180191798,0.16279069767441862,0.1739130434782609,0.05714285714285715,An Esso gas station with a red canopy and a white car parked nearby.,3.495359008000378,7.3109289960011665,1.3710867299996607,3.4585267069996917,0.8007347999991907,1.9586476559998118,17,2896.54,996.02,630.02
336,MiniCPM-v2.6-Q2_K,0.9090909089256201,0.8528028652635105,0.7856009757221424,0.7419446625898454,0.40397624623793915,0.8077559706786474,1.47778904549575,0.06837606837606838,0.15384615384615383,0.03076923076923077,A black dog sticking its head out of a truck window.,3.495359008000378,6.612679289999505,1.4072683520025748,3.545472013996914,0.8156277460002457,1.6213724420013023,13,2896.54,996.02,630.02
338,MiniCPM-v2.6-Q2_K,0.8999999998200003,0.774596669082261,0.608220199428375,0.42341975783065045,0.4175834784233549,0.8049853372434018,1.6754617803454777,0.14084507042253522,0.33333333333333337,0.06451612903225806,A car's hood is open in a parking lot.,3.495359008000378,6.81216180499905,1.3568890460010152,3.420961014002387,0.7980248089988891,1.469148136999138,12,2896.54,996.02,630.02
342,MiniCPM-v2.6-Q2_K,0.6666666666349207,0.48304589151607075,0.3327475090278861,0.2127002417281912,0.23443909792506773,0.42039972432804956,0.041997455000440956,0.0967741935483871,0.25806451612903225,0.0392156862745098,A building on the corner of Green St. and another street with a fire house on the corner of Green St.,3.495359008000378,7.001145410002209,1.393363502000284,3.568604027001129,0.8436457269999664,2.8204623669989815,24,2896.54,996.02,630.02
345,MiniCPM-v2.6-Q2_K,0.3999999999200002,0.21081851063455723,1.771097614928816e-06,5.307712169906119e-09,0.17167388739791856,0.2837209302325582,0.1164885663239841,0.03669724770642201,0.12903225806451613,0.0,"Caption: ""Rowers gliding through calm waters on a sunny day.""",3.495359008000378,6.941860282000562,1.3696222160033358,3.4393305109988432,0.7816469450008299,1.8207326699994155,16,2896.54,996.02,630.02
348,MiniCPM-v2.6-Q2_K,0.9999999998000004,0.8819171035069142,0.7299198564932118,0.4854917716006408,0.3101492299238106,0.7083609820836098,1.4289567849523523,0.08759124087591241,0.17647058823529413,0.03076923076923077,A red car on the street near a KFC restaurant.,3.495359008000378,6.836776762000227,1.3399797110032523,3.3957690820025164,0.7778133139981946,1.4427307559999463,13,2896.54,996.02,630.02
349,MiniCPM-v2.6-Q2_K,0.7980538110608693,0.6762057946055686,0.5618777482448917,0.4606894414235413,0.4607949555862112,0.6692789968652038,1.0260014845292462,0.08108108108108107,0.21428571428571427,0.0,A Jeep with a white top and brown bottom is parked outside a store.,3.495359008000378,7.190506812999956,1.3913189599988982,3.520638616002543,0.7974653050005145,2.153236188001756,16,2896.54,996.02,630.02
350,MiniCPM-v2.6-Q2_K,0.8571428568979593,0.8451542544769828,0.7539474408933958,0.572124842264484,0.3135462642055609,0.7349397590361446,0.7100314810755153,0.06060606060606061,0.11764705882352941,0.0,A tabby cat lying on a bedspread,3.495359008000378,6.790204731998529,1.362184714002069,3.419490459997178,0.7965046169993002,1.1290551909987698,10,2896.54,996.02,630.02
352,MiniCPM-v2.6-Q2_K,0.8999999998200003,0.774596669082261,0.7211247850007994,0.6331602188170473,0.48729387434907206,0.850597609561753,1.6959838018928328,0.14035087719298248,0.4,0.0,A grey cat laying on a plate on a table.,3.495359008000378,6.760054801998194,1.3597375040008046,3.3985163409997767,0.7837507340009324,1.3298038089997135,12,2896.54,996.02,630.02
354,MiniCPM-v2.6-Q2_K,0.7692307691715977,0.5063696835012589,0.28565877485048174,3.907380249109468e-05,0.2777404418979027,0.62649777473468,0.5387580672431436,0.15789473684210523,0.35294117647058826,0.0,A brown tabby cat sitting on a couch with striped pillows behind him.,3.495359008000378,6.868172958002106,1.3316920420002134,3.428794122999534,0.7799553219992958,1.7960708079990582,16,2896.54,996.02,630.02
358,MiniCPM-v2.6-Q2_K,0.6999999998600002,0.6236095643341374,0.5263632996930899,0.37991784274231255,0.34978951517555856,0.7187745483110761,1.1605671204131374,0.14084507042253522,0.1904761904761905,0.0,A tabby cat peers out from a black plastic bag.,3.495359008000378,21.127567758001533,1.4027122250008688,10.580658292001317,0.7910018499969738,1.5895974220002245,13,2896.54,996.02,630.02
359,MiniCPM-v2.6-Q2_K,0.8999999998200003,0.774596669082261,0.7211247850007994,0.6803749331676134,0.49141930590728927,0.9070631970260222,1.8981124935254,0.17543859649122806,0.25,0.07999999999999999,A fluffy gray and white cat looking out a window,3.495359008000378,7.214720807998674,1.419686986002489,3.6339244969967694,0.9223741370005882,1.5780086769991613,11,2896.54,996.02,630.02
362,MiniCPM-v2.6-Q2_K,0.9166666665138891,0.8164965807885507,0.5848035475403803,0.3860973950267191,0.4761145423553417,0.8097345132743362,1.219810198975612,0.1276595744680851,0.2857142857142857,0.04444444444444444,A small white cat resting on a rock near a window sill.,3.495359008000378,6.927525064002111,1.3808943730000465,3.4952507939997304,0.7985840530018322,1.7087105099999462,14,2896.54,996.02,630.02
364,MiniCPM-v2.6-Q2_K,0.8749999997812503,0.8660254035602003,0.7937005257699269,0.668740304786747,0.4697068531530137,0.8097345132743362,2.090304388974273,0.08,0.23529411764705882,0.05714285714285715,Three cats are laying down on a bed.,3.495359008000378,18.517390171000443,1.369763768001576,10.733734946999903,0.8194952869998815,1.3384165269999357,10,2896.54,996.02,630.02
366,MiniCPM-v2.6-Q2_K,0.9285714285051022,0.8451542546658267,0.746900791035179,0.6596924585130932,0.4634588478863458,0.8145400593471811,0.9750334537315203,0.0963855421686747,0.19999999999999998,0.0,A black and white kitten sitting on a window sill looking out the window.,3.495359008000378,6.779801736000081,1.3746676979972108,3.402140872000018,0.7800436310026271,1.899872089998098,16,2896.54,996.02,630.02
368,MiniCPM-v2.6-Q2_K,0.9999999997777782,0.9354143464791199,0.8549879731353458,0.8034284187457875,0.5303684182826802,0.9512670565302144,1.3291355132829223,0.1,0.16,0.04347826086956522,A black Siamese cat is looking into the camera.,3.495359008000378,5.917199776002235,1.34275577399967,3.430484306998551,0.7846132520026003,1.4538295560014376,13,2896.54,996.02,630.02
371,MiniCPM-v2.6-Q2_K,0.8888888886913584,0.6666666665138892,0.39893898696432895,5.7035079043965714e-05,0.3143487083398306,0.8096321577550247,0.9977993107819887,0.06451612903225806,0.12903225806451613,0.0,Two kittens cuddle in a cow print cat bed.,3.495359008000378,6.849598384000274,1.3260529180006415,3.379281869998522,0.7901736029998574,1.3861817270008032,12,2896.54,996.02,630.02
375,MiniCPM-v2.6-Q2_K,0.9999999997142859,0.9999999997023811,0.9999999996873018,0.8408964149739164,0.4044460814030683,0.9104477611940297,1.5970665842594103,0.0689655172413793,0.2222222222222222,0.0,A cat is resting on a couch.,3.495359008000378,6.89198087800105,1.3536487119999947,3.4136503350018756,0.793926181999268,1.0577295580005739,9,2896.54,996.02,630.02
376,MiniCPM-v2.6-Q2_K,0.9999999997142859,0.9999999997023811,0.9999999996873018,0.9999999996672622,0.4996193377772159,1.0,2.0662056724526643,0.05333333333333332,0.1904761904761905,0.0,A cat laying down on a blanket.,3.495359008000378,6.800687394999841,1.365841579001426,3.3872298930000397,0.7787946780008497,1.0128185950015904,9,2896.54,996.02,630.02
380,MiniCPM-v2.6-Q2_K,0.9090909089256201,0.8528028652635105,0.686285665468639,0.5900468725226499,0.47784205351040476,0.8102466793168881,0.9706628373591318,0.1075268817204301,0.23076923076923078,0.048780487804878044,A grey cat is laying on a log near some rocks.,3.495359008000378,6.951103129002149,1.4268767909998132,3.5094767740010866,0.7909137850001571,1.4810119590001705,13,2896.54,996.02,630.02
382,MiniCPM-v2.6-Q2_K,0.9166666665138891,0.8164965807885507,0.7756555903479769,0.7135650475144835,0.41744308520335355,0.7672955974842767,1.1561817816438034,0.13953488372093026,0.3,0.047619047619047616,A black and white cat sitting on the ground near some plants.,3.495359008000378,7.47783778899975,1.469556313000794,3.530684293000377,0.7916816670003755,2.0490629080013605,14,2896.54,996.02,630.02
383,MiniCPM-v2.6-Q2_K,0.999999999818182,0.8944271908332274,0.8109602659210878,0.6687403048442362,0.3698087705979295,0.7863358040605866,0.9190726579147747,0.0967741935483871,0.1081081081081081,0.03773584905660378,A small kitten sits on a red and white striped blanket.,3.495359008000378,6.762668545998167,1.334518453997589,3.4091205040022032,0.8002613870012283,1.5896639829988999,13,2896.54,996.02,630.02
386,MiniCPM-v2.6-Q2_K,0.8999999998200003,0.8366600263620957,0.7047298730570606,0.5623413250667793,0.39409533688156423,0.7697160883280757,1.3850974526163737,0.10101010101010101,0.23076923076923078,0.04444444444444444,A cat sits in a cat bed near a window.,3.495359008000378,6.840833575999568,1.36287385399919,3.4543849080000655,0.7829914260000805,1.3974404820000927,12,2896.54,996.02,630.02
390,MiniCPM-v2.6-Q2_K,0.9999999997142859,0.9999999997023811,0.9999999996873018,0.9999999996672622,0.9600000000000002,0.9222462203023757,1.8874523747248781,0.1111111111111111,0.25,0.06451612903225806,A cat sleeps on a purple blanket.,3.495359008000378,6.917937079000694,1.3991692740019062,3.5525912039993273,0.8336791419969813,1.1294514699984575,9,2896.54,996.02,630.02
391,MiniCPM-v2.6-Q2_K,0.785714285602041,0.602193791508813,0.39244045056539034,4.841524712298317e-05,0.33859976475252157,0.6421052631578947,0.5780565774612014,0.11650485436893204,0.24,0.04255319148936171,A grey cat with green eyes sitting on sand next to blue plastic chairs.,3.495359008000378,21.16189530200063,1.3561950240000442,10.887291874998482,0.8459485540006426,2.1331165339979634,16,2896.54,996.02,630.02
396,MiniCPM-v2.6-Q2_K,0.9999999999230771,0.8660254037150458,0.7814878063286989,0.6151371670332524,0.44940837590643967,0.7519260400616331,1.0159742524474171,0.2153846153846154,0.4444444444444445,0.19354838709677416,A black-and-white photo of a cat lying on a rug in the sun,3.495359008000378,6.988787823000166,1.3161381559984875,3.38542372899974,0.7764027570010512,1.853338780998456,16,2896.54,996.02,630.02
399,MiniCPM-v2.6-Q2_K,0.5599999999776001,0.43204937987621544,0.25319569113991164,2.9308025636718e-05,0.23176389369591102,0.41393349920832395,0.021550109056203155,0.08474576271186442,0.17142857142857143,0.0,A grey striped cat wearing a red bow tie is laying on top of a black device with a red knob sticking its tongue out.,3.495359008000378,6.416673506999359,1.4014083510010096,3.6134010770001623,0.8595045190013479,3.2336203970007773,27,2896.54,996.02,630.02
403,MiniCPM-v2.6-Q2_K,0.9999999998333334,0.9534625890830704,0.89928862588807,0.8344522895723738,0.42738775831028586,0.7756584922797456,2.2701601685455857,0.1917808219178082,0.35294117647058826,0.05263157894736842,A smiling man poses next to a birthday cake with lit candles.,3.495359008000378,6.990940009000042,1.386163736002345,3.480789065000863,0.8222484910002095,1.7654939829990326,14,2896.54,996.02,630.02
404,MiniCPM-v2.6-Q2_K,0.8749999997812503,0.7071067810034577,0.5503212080006054,7.598356854360799e-05,0.34953325912048494,0.6747787610619468,0.5585620381793855,0.07017543859649122,0.21428571428571425,0.0,Two men wearing vests standing near a truck.,3.495359008000378,7.058784935998119,1.3683126709984208,3.4389843409990135,0.8088449090028007,1.2298013889994763,10,2896.54,996.02,630.02
405,MiniCPM-v2.6-Q2_K,0.7307692307411242,0.5406548735420382,0.440124637979556,0.34895128301135586,0.40991633451416154,0.5809523809523809,0.05828486166719005,0.07339449541284404,0.2608695652173913,0.0,A young boy wearing a blue shirt eating a cookie while standing next to a lemonade stand with green lettering and red cookie sign on it.,3.495359008000378,7.29947177899885,1.4117263100015407,3.5651128930003324,0.8369576889999735,3.641096130002552,30,2896.54,996.02,630.02
406,MiniCPM-v2.6-Q2_K,0.8888888888395061,0.7583952786159891,0.5997093726486463,0.4557357795787848,0.4730853788406459,0.7393939393939394,0.40929051706017433,0.09615384615384616,0.32,0.0,A boy wearing a black suit and a girl wearing a blue dress sitting next to each other.,3.495359008000378,6.774170831999072,1.3158709830022417,3.375960394998401,0.7739020910012187,2.2131455019989517,20,2896.54,996.02,630.02
408,MiniCPM-v2.6-Q2_K,0.8888888886913584,0.7453559923291194,0.54144350708125,0.40329891157498915,0.45061115603930396,0.639412997903564,0.5261718741951888,0.036036036036036036,0.17391304347826084,0.0,A baby in a green shirt eating something red.,3.495359008000378,6.962611573999311,1.3946398379994207,3.4798062549998576,0.7859906439989572,1.3179236169999058,11,2896.54,996.02,630.02
409,MiniCPM-v2.6-Q2_K,0.7499999998750001,0.5222329677780766,3.010067189017958e-06,7.419446626031947e-09,0.24795264563620906,0.5083333333333333,0.3726829093227757,0.04040404040404041,0.16666666666666666,0.0,A group of friends are sitting around a table eating dinner together.,3.495359008000378,6.9129646370020055,1.364408731002186,3.468073932999687,0.7831703659976483,1.6864572209997277,14,2896.54,996.02,630.02
413,MiniCPM-v2.6-Q2_K,0.9090909089256201,0.797724035068799,0.6564086248823298,0.5156626917220543,0.32839506379314526,0.6703296703296704,0.8472117755515512,0.07792207792207793,0.15,0.0,A living room and dining area with modern furniture and decor.,3.495359008000378,6.9330487299994275,1.3254328789989813,3.4169390720016963,0.7759073380002519,1.4392859839972516,13,2896.54,996.02,630.02
414,MiniCPM-v2.6-Q2_K,0.9999999998000004,0.8819171035069142,0.7862823298860349,0.6756000772550598,0.4242356493640693,0.7557522123893805,0.880138939702608,0.06493506493506494,0.15384615384615385,0.029411764705882356,A lamp sits on a desk in a living room.,3.495359008000378,6.740851467999164,1.3405151110018778,3.425071415000275,0.7969467410002835,1.4724386259986204,12,2896.54,996.02,630.02
420,MiniCPM-v2.6-Q2_K,0.7777777776049386,0.6972166886186177,0.517872084202683,0.39005788645690587,0.34875281585534945,0.6666666666666666,1.0024806926536693,0.07920792079207921,0.16666666666666666,0.0625,Red chairs line a room with a yellow wall.,3.495359008000378,6.810118764999061,1.378793013998802,3.4725303209997946,0.813870551999571,1.3542627829992853,11,2896.54,996.02,630.02
423,MiniCPM-v2.6-Q2_K,0.8461538460887575,0.7966275067518592,0.6607380314509119,0.4900941038876689,0.3801114487111252,0.6805865476569971,0.6985657578625216,0.17142857142857143,0.3333333333333333,0.0625,A smiling man wearing glasses sits in a red chair with colorful pillows.,3.495359008000378,6.7880502859989065,1.3240580620004039,3.4282225810020464,0.7806667990007554,1.6605088629985403,15,2896.54,996.02,630.02
424,MiniCPM-v2.6-Q2_K,0.8571428570204084,0.8119979428229199,0.690812128903045,0.49479954678243143,0.41637064970469045,0.8145400593471811,1.1000858070723898,0.07407407407407407,0.3333333333333333,0.0,"An office cubicle with a desk, chair, phone, and a whiteboard behind the desk.",3.495359008000378,6.684324828001991,1.3704660260009405,3.402812914999231,0.7827151839992439,2.379374119998829,21,2896.54,996.02,630.02
425,MiniCPM-v2.6-Q2_K,0.9230769229349115,0.8770580191692865,0.8239824905019124,0.7611606002096152,0.5181326275309808,0.9306518723994452,1.884591228205288,0.22222222222222224,0.42857142857142855,0.11764705882352941,A black cat sitting on a pink chair looks into a pink mirror.,3.495359008000378,6.728629597997497,1.3318025150001631,3.5385617909996654,0.7796065999973507,1.7703561920025095,15,2896.54,996.02,630.02
426,MiniCPM-v2.6-Q2_K,0.9999999998571432,0.9198662108738637,0.7064466396250143,0.42311785409671154,0.42306112684613517,0.8580562659846547,0.6363224042036455,0.0813008130081301,0.2666666666666667,0.03125,A group of people eating and drinking together at a table outside at night.,3.495359008000378,6.956399358998169,1.4207103720000305,3.5676771990001725,0.8250317769998219,2.157522579000215,16,2896.54,996.02,630.02
428,MiniCPM-v2.6-Q2_K,0.6428571428112246,0.3851644432312519,2.31226200718571e-06,5.790013964980414e-09,0.18941711116710128,0.49193548387096775,0.07448251260162321,0.025477707006369428,0.0851063829787234,0.0,A hot dish sits on a foil-covered tray with chicken wings on the side.,3.495359008000378,6.76516782500039,1.340993318000983,3.4033116710015747,0.773715072999039,1.910119651001878,17,2896.54,996.02,630.02
430,MiniCPM-v2.6-Q2_K,0.9999999997500004,0.9999999997410718,0.9410360286270985,0.9036020033535557,0.36780384732887306,0.716442953020134,0.9868144691848855,0.06349206349206349,0.15384615384615385,0.0,A grey house with a white table outside,3.495359008000378,6.971697221000795,1.3688493510016997,3.535895504999644,0.8472059820014692,1.1914381149981637,9,2896.54,996.02,630.02
432,MiniCPM-v2.6-Q2_K,0.9090909089256201,0.8528028652635105,0.8270230438217949,0.678650268024528,0.49086470717655134,0.6944971537001898,1.312766887590021,0.07476635514018691,0.23076923076923078,0.0,A doorway view of a hallway leading into a living room.,3.495359008000378,7.032690990999981,1.355542470999353,3.502535108000302,0.7997743710002396,1.5865715589970932,13,2896.54,996.02,630.02
435,MiniCPM-v2.6-Q2_K,0.9999999998666668,0.9258200996469046,0.8403317818047519,0.7670387247384179,0.4824838102266311,0.8702983138780803,1.7723216891994844,0.12612612612612614,0.2758620689655173,0.07142857142857142,A woman wearing a Viking helmet smiles while sitting in a chair in a store.,3.495359008000378,6.837290004998067,1.3888845479996235,3.440847907000716,0.8081370629988669,2.0200746419977804,17,2896.54,996.02,630.02
436,MiniCPM-v2.6-Q2_K,0.9999999997500004,0.9999999997410718,0.9999999997301591,0.8801117365437668,0.9400000000000001,0.875,2.377510278158975,0.17543859649122806,0.2666666666666667,0.1111111111111111,An old green car sits outside a saloon.,3.495359008000378,6.8962184010015335,1.4105255869981193,3.4878817790013272,0.8112876860031975,1.2551031750008406,11,2896.54,996.02,630.02
442,MiniCPM-v2.6-Q2_K,0.8571428570816327,0.8119979428809196,0.727236303480976,0.6115380576407827,0.3603741576653454,0.6224489795918368,0.475528639908489,0.09917355371900827,0.18181818181818182,0.048780487804878044,A large wooden chair with carvings on the back sits in a church pew.,3.495359008000378,6.669569902001967,1.3365471300021454,3.387250652998773,0.7891580870018515,2.0107281919990783,18,2896.54,996.02,630.02
443,MiniCPM-v2.6-Q2_K,0.7999999998933335,0.47809144366887374,0.26003164099699116,3.479159474637001e-05,0.2922567076426863,0.5670650730411686,0.3958833778117943,0.04477611940298508,0.15789473684210528,0.0,A girl wearing red is laughing while a boy wearing white is holding a chair.,3.495359008000378,7.07120077700165,1.4586375930011855,3.5235668659988733,0.8263207509990025,2.087861514999531,17,2896.54,996.02,630.02
446,MiniCPM-v2.6-Q2_K,0.8999999998200003,0.7071067810411981,0.5723571211553053,0.4045533556962135,0.3172084637474296,0.7286689419795221,0.6537846080621588,0.07462686567164178,0.15789473684210528,0.04444444444444444,A small kitchen with brown cabinets and a white refrigerator.,3.495359008000378,6.700412751997646,1.3360685630032094,3.5327297799994994,0.7821847820014227,1.445720480998716,12,2896.54,996.02,630.02
448,MiniCPM-v2.6-Q2_K,0.9090909089256201,0.9534625890679018,0.8908835675327168,0.7175852913353726,0.4099828269763827,0.7584369449378331,0.6351882066454085,0.12658227848101267,0.2727272727272727,0.0,A see-through chair sitting on a wooden floor near a bookshelf,3.495359008000378,6.723792330001743,1.333379003997834,3.401329717999033,0.8082706519999192,1.663881617001607,14,2896.54,996.02,630.02
449,MiniCPM-v2.6-Q2_K,0.7692307691124263,0.5661385169833852,0.44380411537904685,0.30576902879468676,0.3336005768219712,0.6299793449395101,0.6115273618548864,0.064,0.17647058823529416,0.02631578947368421,A baby being held by a woman wearing glasses and a colorful shirt.,3.495359008000378,6.985389813002257,1.3685136339991004,3.4400602290006645,0.8197539449975011,1.8319001729978481,15,2896.54,996.02,630.02
450,MiniCPM-v2.6-Q2_K,0.866666666608889,0.8251983887880204,0.67989452964703,0.5294392838172091,0.3449725121210212,0.6935571196534922,0.5893519923825151,0.10434782608695653,0.13333333333333333,0.03389830508474576,A black and white cow is in a pen with other cows in the background.,3.495359008000378,6.27989885399802,1.3241274780011736,3.3950572829999146,0.7763985450001201,1.881429854001908,17,2896.54,996.02,630.02
456,MiniCPM-v2.6-Q2_K,0.9999999996000004,0.9999999995750004,0.8735804643334817,0.7598356852558453,0.890909090909091,0.8714285714285713,1.3012378683842185,0.043010752688172046,0.17391304347826084,0.0,A woman petting a cow,3.495359008000378,7.081782628996734,1.379923702999804,3.5437690719991224,0.9087833830017189,0.8493493870009843,7,2896.54,996.02,630.02
458,MiniCPM-v2.6-Q2_K,0.8888888886913584,0.5773502690573166,3.6246012424823747e-06,9.438595265894878e-09,0.28807142406847763,0.6161616161616161,1.1076020868152954,0.10526315789473684,0.20689655172413793,0.037037037037037035,Three cows in snowy field with trees in background,3.495359008000378,6.980689358002564,1.3414965890005988,3.4982645439995395,0.7950559679993603,1.2122413830002188,10,2896.54,996.02,630.02
460,MiniCPM-v2.6-Q2_K,0.7777777776049386,0.6236095643194133,0.38157141409384626,5.51625153137941e-05,0.3172845559602179,0.6161616161616161,1.0961134973510913,0.03669724770642202,0.15384615384615383,0.0,A cow sits by a river near a boat.,3.495359008000378,6.956792992001283,1.3343036049991497,3.3696760740022,0.7761409989980166,1.310615237998718,11,2896.54,996.02,630.02
461,MiniCPM-v2.6-Q2_K,0.6999999998600002,0.3944053187922357,2.689047742804065e-06,7.259795289559491e-09,0.18702410047434972,0.4,0.06929236593174416,0.02857142857142857,0.10256410256410256,0.0,Caption: A man herding his cattle near a scenic riverbank.,3.495359008000378,6.773741513999994,1.3557289649979793,3.914914523000334,0.9307898420011043,1.8329112229985185,15,2896.54,996.02,630.02
463,MiniCPM-v2.6-Q2_K,0.9999999999285716,0.7337993856509127,0.5125051479433042,5.9146016863715766e-05,0.27045544670058064,0.4692307692307692,0.26928224046095006,0.08888888888888888,0.25641025641025644,0.03225806451612903,A cow eating grass next to a tree with a piglet on the ground.,3.495359008000378,7.255104244999529,1.58372297599999,3.580857623997872,0.8728895180029212,2.3101545720019203,17,2896.54,996.02,630.02
465,MiniCPM-v2.6-Q2_K,0.9090909089256201,0.797724035068799,0.7070947561413086,0.5452469118553106,0.43088240666076644,0.7395219951506755,0.5263692237706572,0.10344827586206895,0.375,0.0,A child is pretending to milk a cow with a bucket.,3.495359008000378,6.939706956996815,1.3156452940020245,3.3783713310003805,0.7710947759987903,1.4377657330005604,13,2896.54,996.02,630.02
467,MiniCPM-v2.6-Q2_K,0.6666666665185187,0.4999999998854169,0.329316877925984,4.939382735892778e-05,0.40398324847194345,0.5648148148148149,0.9114727016178614,0.04255319148936171,0.16666666666666666,0.0,Four cows stand side by side in a field.,3.495359008000378,6.888068080999801,1.3343169649997435,3.401074734996655,0.7796581750008045,1.2339915560005466,11,2896.54,996.02,630.02
468,MiniCPM-v2.6-Q2_K,0.9999999997142859,0.8164965806847213,5.1087295476928675e-06,1.3512001543574388e-08,0.2372230127269145,0.8591549295774649,0.45717745591256864,0.06666666666666667,0.125,0.03636363636363636,A brown cow stands near a fence.,3.495359008000378,7.005990800000291,1.342167803002667,3.5113821269987966,0.801391484998021,1.0275401290018635,9,2896.54,996.02,630.02
471,MiniCPM-v2.6-Q2_K,0.9230769230059173,0.7337993856465449,0.580685076100448,0.37407225562946933,0.42438426205930185,0.6343154246100521,0.612991943606534,0.08695652173913045,0.15384615384615385,0.0,A brown cow looking towards the camera with a black cow behind it.,3.495359008000378,6.675530214000901,1.330925259997457,3.5917969170004653,0.7960811169978115,1.6787054740016174,15,2896.54,996.02,630.02
473,MiniCPM-v2.6-Q2_K,0.9999999998333334,0.7385489457501074,0.47781838223420653,0.331807740224778,0.39043608731543533,0.7088313413014609,0.8177674473579754,0.07339449541284403,0.25,0.0,A cow stands on snowy ground near a fence and a barn.,3.495359008000378,6.915263939998113,1.3805111370020313,3.564309924000554,0.8199645439999586,1.627560163000453,14,2896.54,996.02,630.02
474,MiniCPM-v2.6-Q2_K,0.7999999998400004,0.7302967431901053,0.6436595896006071,0.4417918225860777,0.3313285660208433,0.5236051502145923,0.6280832404699611,0.07352941176470588,0.21621621621621626,0.0,A photo shows pack animals carrying loads on their backs.,3.495359008000378,7.161190767001244,1.3632780089974403,3.46105315299792,0.7874621449991537,1.4570103130026837,12,2896.54,996.02,630.02
475,MiniCPM-v2.6-Q2_K,0.9999999998000004,0.9428090413882642,0.822070691269181,0.6311969076838888,0.4726741986247931,0.7854077253218884,1.0687585341538395,0.16666666666666669,0.35294117647058826,0.1142857142857143,A few cows are eating grass in a green field.,3.495359008000378,6.898442091001925,1.4059212730026047,3.4444326929988165,0.7934957540019241,1.3639710499992361,12,2896.54,996.02,630.02
478,MiniCPM-v2.6-Q2_K,0.9999999997500004,0.9999999997410718,0.9410360286270985,0.8408964150152106,0.4689879140920653,0.8798076923076923,1.3749473146853266,0.12121212121212122,0.21428571428571425,0.09302325581395349,Two cows graze on hay in a field.,3.495359008000378,7.191469864999817,1.4180953769973712,3.478133667998918,0.7975653479988978,1.3215631439998106,11,2896.54,996.02,630.02
479,MiniCPM-v2.6-Q2_K,0.33333333327777787,0.17407765592602564,1.4470893699858601e-06,4.283619506777607e-09,0.18227848101265823,0.3546511627906977,0.3794338390843543,0.06741573033707865,0.13793103448275862,0.0,Four cows with black and brown faces eating hay from a trough,3.495359008000378,6.98449022099885,1.342409424996731,3.4342975670006126,0.7833982199990714,1.4665033089986537,13,2896.54,996.02,630.02
481,MiniCPM-v2.6-Q2_K,0.9999999997500004,0.9258200995328305,0.753947440925708,0.5410822689004724,0.4849861804481394,0.7176470588235294,1.3156771092963089,0.1515151515151515,0.3157894736842105,0.06060606060606061,A couple of cows walk down the street.,3.495359008000378,6.662925639000605,1.3174164490010298,3.4087555629994313,0.7771592120006972,1.1262906230003864,10,2896.54,996.02,630.02
483,MiniCPM-v2.6-Q2_K,0.8999999998200003,0.8366600263620957,0.7047298730570606,0.5623413250667793,0.43666893044792715,0.7854077253218884,1.4395872723595768,0.11235955056179776,0.4444444444444445,0.039215686274509796,A lone cow standing under a tree in a field.,3.495359008000378,7.151582998001686,1.5132661160023417,3.5240520020015538,0.818541644999641,1.3911074089992326,12,2896.54,996.02,630.02
484,MiniCPM-v2.6-Q2_K,0.7999999998400004,0.5962847938773745,0.5108729548207117,0.37150115990103777,0.36825406805212996,0.5236051502145923,0.5840106376986142,0.023952095808383235,0.10256410256410256,0.0,A family spending time on the beach with their cow.,3.495359008000378,6.82663444499849,1.3355034359992715,3.4880810219983687,0.8076896790007595,1.4827954989996215,12,2896.54,996.02,630.02
485,MiniCPM-v2.6-Q2_K,0.818181818033058,0.5720775534407411,0.33130076240849077,4.6173663085283404e-05,0.3114323807765722,0.4803149606299213,0.6632616159293859,0.1206896551724138,0.2424242424242424,0.0816326530612245,Cows on a grassy field with yellow tags on their ears.,3.495359008000378,6.970617837996542,1.3470416480013228,3.4027269639991573,0.7786716510017868,1.8306196279991127,15,2896.54,996.02,630.02
486,MiniCPM-v2.6-Q2_K,0.8749999997812503,0.7071067810034577,0.43679023225028574,6.389431040650488e-05,0.29205033586990126,0.5922330097087378,0.6619908968748878,0.06896551724137931,0.15384615384615383,0.0,A cow milking process in a dairy farm.,3.495359008000378,6.948676600000908,1.3485730309985229,3.4030991129984614,0.7816954709996935,1.3387713880001684,11,2896.54,996.02,630.02
490,MiniCPM-v2.6-Q2_K,0.9999999996000004,0.8660254034163782,0.6299605246569553,0.00010573712628898506,0.4342451472930232,0.8,1.7811101390523594,0.06315789473684211,0.2222222222222222,0.0,Cows eating at a trough,3.495359008000378,6.712122318000183,1.3428067189997819,3.3914751860029355,0.8236964810021163,0.8284335850003117,7,2896.54,996.02,630.02
491,MiniCPM-v2.6-Q2_K,0.7777777776049386,0.5400617247435577,3.46680637093004e-06,9.128709289493235e-09,0.32210674527175975,0.5962854349951124,0.5212470205692827,0.039215686274509796,0.14814814814814814,0.0,A woman and a cow walking through a field.,3.495359008000378,6.784632513998076,1.3372006259996851,3.3910210369976994,0.7998279970015574,1.2186104219981644,11,2896.54,996.02,630.02
492,MiniCPM-v2.6-Q2_K,0.9166666665138891,0.7071067810660181,0.5848035475403803,0.5081327480633178,0.4185252099005784,0.6630434782608696,0.7015237249140762,0.0970873786407767,0.24,0.04545454545454545,A cow stands in a field with green grass and yellow flowers.,3.495359008000378,20.898420243000146,1.3268298059992958,10.44149996499982,0.8777384580025682,1.6509501789987553,14,2896.54,996.02,630.02
493,MiniCPM-v2.6-Q2_K,0.6666666665555557,0.6513389471679061,0.5963868148031946,0.5156626917313323,0.37106040669381474,0.7261904761904763,0.6663045955808765,0.10126582278481013,0.25,0.05263157894736842,A lone cow in a field with some hay stacks behind him.,3.495359008000378,6.799834367000585,1.412711050001235,3.521917210000538,0.8119686950012692,1.6575168970011873,14,2896.54,996.02,630.02
494,MiniCPM-v2.6-Q2_K,0.8999999998200003,0.7071067810411981,0.5723571211553053,0.4810977289921636,0.4981099767002781,0.850597609561753,1.025015046289027,0.08771929824561404,0.2285714285714286,0.030303030303030304,Cows sleeping side by side on hay in a barn,3.495359008000378,6.854247100000066,1.4159714160014119,3.4765961400007654,0.8155830350005999,1.4499529360000452,12,2896.54,996.02,630.02
495,MiniCPM-v2.6-Q2_K,0.8571428568979593,0.7559289457934757,0.6114214172745694,8.694417436006866e-05,0.46131239358609794,0.8571428571428571,1.3539223028569205,0.04081632653061225,0.14285714285714288,0.0,A cow is peeking through a fence.,3.495359008000378,6.936933375996887,1.336247880000883,3.4082112479991338,0.7940682090011251,1.1917853729974013,10,2896.54,996.02,630.02
496,MiniCPM-v2.6-Q2_K,0.7999999999466668,0.7559289459662595,0.5602211879071827,6.186917658401274e-05,0.2950138463940325,0.5495495495495495,0.3999958254371628,0.052631578947368425,0.16,0.0,A mother cow with a baby calf standing next to her on a green hillside.,3.495359008000378,6.926884543998312,1.3832665000009001,3.471778193001228,0.8363031699991552,2.017361123002047,18,2896.54,996.02,630.02
499,MiniCPM-v2.6-Q2_K,0.7999999998400004,0.5962847938773745,0.44628863329348356,0.3356891924299591,0.39860486227073927,0.7187745483110761,0.7018200622481126,0.08695652173913043,0.2222222222222222,0.0,Two cows wearing blue ear tags standing near a fence.,3.495359008000378,6.722697157001676,1.3609068879995903,3.376776207001967,0.770932516999892,1.3255459860010887,12,2896.54,996.02,630.02
501,MiniCPM-v2.6-Q2_K,0.7999999998400004,0.6666666665296299,0.4807498566671996,0.35494810552300854,0.31548130837522287,0.5865384615384615,0.4217008419638175,0.08771929824561403,0.19999999999999998,0.0625,A woman stands in her kitchen with her arms crossed.,3.495359008000378,7.142054577998351,1.3789204620006785,3.617347736002557,0.9233952200011117,1.6254347110007075,12,2896.54,996.02,630.02
504,MiniCPM-v2.6-Q2_K,0.9999999997500004,0.9999999997410718,0.9410360286270985,0.8408964150152106,0.4661612318390358,0.8148854961832059,0.9625851767840415,0.10526315789473684,0.23076923076923078,0.06060606060606061,A dining table set with food and drinks.,3.495359008000378,6.905850317998556,1.3825241799968353,3.4197505899974203,0.7867296769982204,1.1281610730002285,10,2896.54,996.02,630.02
506,MiniCPM-v2.6-Q2_K,0.3749999999062502,7.319250545218839e-09,2.0745663328558084e-11,1.1559871144628244e-12,0.16326530612244897,0.43990384615384615,0.3301116215025055,0.013513513513513514,0.05,0.0,A cozy kitchen filled with items used daily.,3.495359008000378,6.726610384001106,1.314015219999419,3.4004857879990595,0.7729684080004517,1.1053969450003933,10,2896.54,996.02,630.02
508,MiniCPM-v2.6-Q2_K,0.7222222221820989,0.582983088096797,0.43962661202814035,0.3262478546412298,0.2782541720518401,0.4728682170542636,0.07101956912374244,0.0967741935483871,0.2702702702702703,0.03278688524590164,Caption: A gathering of friends and family enjoying each other's company in a cozy living room setting.,3.495359008000378,7.036172964999423,1.3924852259988256,3.4828998140001204,0.8174901779966603,2.51219636499809,21,2896.54,996.02,630.02
509,MiniCPM-v2.6-Q2_K,0.5384615383786985,0.2118296364008129,1.5978165630458588e-06,4.494125427342411e-09,0.13496533326615207,0.3382624768946396,0.03228320689106882,0.014184397163120569,0.05405405405405406,0.0,"Caption: A cozy home office bathed in sunlight, with a warm chandelier overhead.",3.495359008000378,6.802077101998293,1.3223262430001341,3.394725362999452,0.7955160210003669,2.13285304099918,19,2896.54,996.02,630.02
510,MiniCPM-v2.6-Q2_K,0.9999999998333334,0.9045340335791091,0.7423464046102062,0.4617366308611418,0.43142595300917674,0.8299319727891156,1.1327579164959019,0.10416666666666666,0.21428571428571425,0.0,Three men sitting together at a party table smiling for the camera.,3.495359008000378,6.790646228000696,1.33734882799763,3.444910702000925,0.7830246720004652,1.5842528079992917,14,2896.54,996.02,630.02
511,MiniCPM-v2.6-Q2_K,0.8999999998200003,0.7071067810411981,0.49999999989398175,6.50059325891524e-05,0.32708452527460935,0.6802973977695167,0.7729969119204133,0.07092198581560283,0.1621621621621622,0.03773584905660377,A dining table in a home with chairs around it.,3.495359008000378,6.808303383997554,1.3186827559984522,3.417637538001145,0.7830795339978067,1.3256529090031108,12,2896.54,996.02,630.02
512,MiniCPM-v2.6-Q2_K,0.9999999999333334,0.801783725681912,0.6276444726522854,0.3788697835924511,0.4043853542995817,0.6547824420164844,0.6044018446835026,0.10256410256410257,0.3125,0.03636363636363637,A group of friends and family sit down for a meal together at a restaurant.,3.495359008000378,6.87796988899936,1.3354654850008956,3.4444651800004067,0.7878187610003806,2.064330332999816,17,2896.54,996.02,630.02
515,MiniCPM-v2.6-Q2_K,0.8461538460236689,0.7025594234189063,0.6076420430280551,0.5093498412151706,0.4116434936570153,0.7519260400616331,0.516787990767106,0.06622516556291391,0.16216216216216214,0.048780487804878044,A group of smiling people sitting at a table with food and drinks.,3.495359008000378,6.669421426002373,1.3185556099997484,3.425997305999772,0.7822128299994802,1.6787256359966705,15,2896.54,996.02,630.02
522,MiniCPM-v2.6-Q2_K,0.7499999998750001,0.4522670167895546,2.7348275374864424e-06,6.9045730820340085e-09,0.16767543012207742,0.4728682170542636,0.3688302628778859,0.032,0.125,0.0,A formal dinner setup with white tablecloths and silverware wrapped in napkins.,3.495359008000378,6.952444190999813,1.3327453229976527,3.4245713150012307,0.7807370949994947,2.0434779499992146,18,2896.54,996.02,630.02
524,MiniCPM-v2.6-Q2_K,0.6666666665555557,0.4264014326385389,0.2629535893869792,3.7700638038720986e-05,0.307878112029131,0.48878205128205127,0.23570598642682197,0.03389830508474576,0.14814814814814814,0.0,A large dog looks at a smaller dog lying on the floor.,3.495359008000378,6.770727467002871,1.3232029319988214,3.3731496699983836,0.7744346719991881,1.5641407719995186,14,2896.54,996.02,630.02
525,MiniCPM-v2.6-Q2_K,0.5841005870115037,1.2313921583471682e-08,3.894003912977362e-11,2.604077363927929e-12,0.16527238065926608,0.31443298969072164,0.0681584881895256,0.01680672268907563,0.06451612903225806,0.0,Caption: Family Dinner Gathering,3.495359008000378,6.959216915998695,1.4102329189990996,3.495068091000576,0.7963083569993614,0.7317410550022032,6,2896.54,996.02,630.02
527,MiniCPM-v2.6-Q2_K,0.7142857141836737,0.5741692516796132,0.3017399903062971,3.975360175659391e-05,0.25304565618145425,0.5261644623346751,0.08775354191594141,0.05747126436781609,0.13636363636363635,0.028571428571428574,A small bedroom with a pink bedspread and a colorful blanket on a bed.,3.495359008000378,6.917091168998013,1.3526351090004027,3.4374041319970274,0.801854444998753,1.9688417319994187,17,2896.54,996.02,630.02
530,MiniCPM-v2.6-Q2_K,0.9999999998333334,0.9999999998295456,0.965489384436913,0.8801117366352623,0.5145476077416921,0.8299319727891156,1.4855286562579546,0.11764705882352942,0.2857142857142857,0.046511627906976744,A group of three men sit at a table eating and drinking.,3.495359008000378,6.7699777749985515,1.4068435349981883,3.4416950790000556,0.8046452859998681,1.6652323659982358,14,2896.54,996.02,630.02
531,MiniCPM-v2.6-Q2_K,0.7272727271404961,0.38138503562716075,2.528298008651847e-06,6.704226836838146e-09,0.24588118385972985,0.5304347826086957,0.17702872392986035,0.015503875968992248,0.06666666666666668,0.0,A table set up for a meal with drinks and games.,3.495359008000378,6.802381321002031,1.3243410399991262,3.386313943999994,0.7739967419984168,1.5342343439988326,13,2896.54,996.02,630.02
534,MiniCPM-v2.6-Q2_K,0.9999999998000004,0.8819171035069142,0.6631762011754477,0.5372849657937071,0.38755518724774696,0.8426245683275776,0.6322142934304491,0.07692307692307691,0.19354838709677416,0.037037037037037035,A Buddha figurine sitting on a table with autumn leaves,3.495359008000378,7.06079760799912,1.3661271529999794,3.583809936000762,0.8187199860003602,1.606329172002006,12,2896.54,996.02,630.02
535,MiniCPM-v2.6-Q2_K,0.9999999997777782,0.9354143464791199,0.7937005257956488,0.6389431040881217,0.4746187299992415,0.8341880341880341,0.5589132808878167,0.07299270072992702,0.2424242424242424,0.0,A cozy kitchen corner with a table and chairs.,3.495359008000378,6.6585822609995375,1.3231972009998572,3.4131885759998113,0.7805042889995093,1.23477726299825,11,2896.54,996.02,630.02
539,MiniCPM-v2.6-Q2_K,0.9999999998000004,0.9428090413882642,0.6933612742036168,8.307018472587394e-05,0.3473961178344186,0.8193418401611821,0.6852047027601018,0.08771929824561403,0.23076923076923078,0.03636363636363636,A small table set with chairs in a living room.,3.495359008000378,6.6651706590018875,1.3471102469993639,3.39699792600004,0.7817406040012429,1.3594637959977263,12,2896.54,996.02,630.02
541,MiniCPM-v2.6-Q2_K,0.7499999998125003,0.5669467093670424,0.3769737204628541,5.721248422925795e-05,0.2754188215437776,0.5820610687022901,0.1601469124018844,0.037037037037037035,0.16666666666666666,0.0,A group of friends enjoys a meal together.,3.495359008000378,6.960114094999881,1.3315269380000245,3.3933644219978305,0.7866080999992846,1.1474142460028816,10,2896.54,996.02,630.02
545,MiniCPM-v2.6-Q2_K,0.941176470532872,0.8401680503658399,0.7509791133362165,0.6527196652796468,0.49475464299801425,0.8541423570595099,0.5659821579663775,0.15384615384615385,0.3076923076923077,0.09302325581395347,A woman sits at a restaurant table with a plate and a cellphone in front of her.,3.495359008000378,6.860086066000804,1.4199565810013155,3.662334020998969,0.8600962950004032,2.257530279999628,19,2896.54,996.02,630.02
546,MiniCPM-v2.6-Q2_K,0.9999999997142859,0.8164965806847213,0.7368062994976794,0.6687403047539069,0.3824202869278529,0.7142857142857143,0.3425820313519732,0.059701492537313425,0.18181818181818182,0.02898550724637681,A group of people enjoying drinks together.,3.495359008000378,7.06086888199934,1.4026660260024073,3.545308960001421,0.7942719630009378,1.0657976260008581,9,2896.54,996.02,630.02
549,MiniCPM-v2.6-Q2_K,0.8461538460236689,0.5937710859021021,0.40021356110815515,0.2829559627860283,0.36457939279123425,0.5398230088495575,0.40510089486704254,0.06896551724137931,0.17647058823529413,0.0,A woman is talking at a picnic table with others sitting around her.,3.495359008000378,6.699957051998354,1.3299379960008082,3.39365725099924,0.7809833809988049,1.6922814239987929,15,2896.54,996.02,630.02
550,MiniCPM-v2.6-Q2_K,0.9999999998000004,0.816496580759891,0.5503212080324162,6.985342055045127e-05,0.3257444553934108,0.6802973977695167,0.4997231866843589,0.0594059405940594,0.17391304347826084,0.0,A French bulldog dog wearing a red collar sitting down.,3.495359008000378,6.723117834000732,1.3325553739996394,3.469687723001698,0.8046230629988713,1.5151206949994958,13,2896.54,996.02,630.02
551,MiniCPM-v2.6-Q2_K,0.7692307691124263,0.5063696834623075,0.28565877482850804,3.9073802488089004e-05,0.26555869317765973,0.37596302003081655,0.36794375295228454,0.05333333333333333,0.1621621621621622,0.0,A dog lies outside a small wooden structure while people hang out inside.,3.495359008000378,20.727392368000437,1.393293672001164,11.01244046300053,0.8161684870028694,1.8857223849990987,15,2896.54,996.02,630.02
552,MiniCPM-v2.6-Q2_K,0.9999999999166668,0.9045340336544869,0.8304547141005245,0.751049981498623,0.4348539787867395,0.75,1.3822802419418698,0.09433962264150944,0.4,0.029411764705882356,A mother and daughter sitting on a couch reading a book together.,3.495359008000378,6.937262645998999,1.3336903309973422,3.3687047339990386,0.7731913690004149,1.5681338960021094,14,2896.54,996.02,630.02
553,MiniCPM-v2.6-Q2_K,0.8461538460236689,0.7510676160808549,0.5358322897510458,0.35218565352431375,0.4000413372328517,0.6671874999999999,0.5028836917821236,0.08474576271186442,0.2424242424242424,0.0,A woman in a gray sweatshirt pets a black dog near a fence.,3.495359008000378,7.065841645999171,1.4281746880005812,3.4843583879992366,0.790407194999716,1.8025825879994954,16,2896.54,996.02,630.02
556,MiniCPM-v2.6-Q2_K,0.9090909089256201,0.797724035068799,0.5963868147931544,0.40352786366663623,0.3091979343236598,0.671559633027523,0.587888754327009,0.07142857142857142,0.21428571428571425,0.0,A cute pug wearing a cute outfit sitting on the floor,3.495359008000378,7.108119106000231,1.4090988700008893,3.4460954629976186,0.7745871629995236,1.4487448799991398,13,2896.54,996.02,630.02
561,MiniCPM-v2.6-Q2_K,0.9999999997500004,0.9258200995328305,0.8298265331423224,0.5814307368033079,0.3212525385137005,0.7285031847133757,1.0345778850630976,0.09876543209876543,0.16666666666666669,0.0,A brown dog sits near a white wall.,3.495359008000378,6.6779215240021585,1.416328617000545,3.561117920999095,0.7941028310015099,1.1714044610016572,10,2896.54,996.02,630.02
562,MiniCPM-v2.6-Q2_K,0.9999999997500004,0.9999999997410718,0.9999999997301591,0.9457416087349345,0.9333333333333333,0.9446902654867256,1.0130221963372072,0.07692307692307691,0.21428571428571425,0.0,A St Bernard dog looks at the camera.,3.495359008000378,19.862456717000896,1.3351244540026528,10.326556680996873,0.7888069210021058,1.1384192510013236,10,2896.54,996.02,630.02
563,MiniCPM-v2.6-Q2_K,0.9999999997142859,0.8164965806847213,0.5108729547692865,7.598356853987667e-05,0.3541989325494949,0.8591549295774649,0.9186963999696016,0.14035087719298248,0.2666666666666667,0.0909090909090909,A furry dog looks at someone smiling.,3.495359008000378,6.959032096001465,1.326854512000864,3.39821605799807,0.7762584339980094,0.9935988430006546,9,2896.54,996.02,630.02
565,MiniCPM-v2.6-Q2_K,0.818181818033058,0.5720775534407411,0.41741280440467754,5.491004866675751e-05,0.3248983658988825,0.6944971537001898,0.31149386326077155,0.06837606837606837,0.1875,0.0,A young puppy being hand fed a treat in a garden,3.495359008000378,6.917807303998416,1.421209070002078,3.5104481220005255,0.7958455139996659,1.4510909650016401,12,2896.54,996.02,630.02
566,MiniCPM-v2.6-Q2_K,0.9999999998000004,0.8819171035069142,0.7299198564932118,0.5773502690627579,0.4205870261608557,0.7439024390243903,1.5226632377457952,0.14084507042253522,0.3157894736842105,0.10256410256410257,A dog is running near some sheep in a field.,3.495359008000378,6.106450753999525,1.3313541770003212,3.393451489999279,0.7778103740020015,1.3436244129989063,12,2896.54,996.02,630.02
569,MiniCPM-v2.6-Q2_K,0.9999999998461542,0.9574271076059733,0.873580464595963,0.6687403048662711,0.4618659327219916,0.7809388335704124,0.8836972688655413,0.14814814814814814,0.3,0.0,A small white dog wearing a plaid shirt standing on a wooden floor.,3.495359008000378,6.962355767998815,1.322712067001703,3.386149657002534,0.7778185739989567,1.8625226719996135,16,2896.54,996.02,630.02
570,MiniCPM-v2.6-Q2_K,0.9999999997777782,0.9999999997708338,0.9499142513674551,0.8694417436747791,0.5095454278464926,0.9512670565302144,1.7567447686846336,0.1842105263157895,0.4,0.12121212121212122,A grey dog standing in a field of grass.,3.495359008000378,6.834801051998511,1.3327361269984976,3.3999722040025517,0.7795815219978977,1.3093800060014473,11,2896.54,996.02,630.02
571,MiniCPM-v2.6-Q2_K,0.9999999998000004,0.9428090413882642,0.822070691269181,0.6985342055045127,0.4170654693748174,0.8,1.4189898123907319,0.05504587155963303,0.25,0.0,A dog lying in bed with a woman behind him,3.495359008000378,6.728784971001005,1.3250689080014126,3.3872821849981847,0.7733613660020637,1.2317616239997733,11,2896.54,996.02,630.02
574,MiniCPM-v2.6-Q2_K,0.6666666665555557,0.5504818824693483,0.4496443129440351,0.3170233137953831,0.4939454606480245,0.7735507246376813,1.2535942496260153,0.11235955056179775,0.2727272727272727,0.044444444444444446,A black dog looks to his right while standing in a garden.,3.495359008000378,6.877057281999441,1.321691713998007,3.367247459002101,0.7725719419977395,1.5474404259985022,14,2896.54,996.02,630.02
575,MiniCPM-v2.6-Q2_K,0.9999999998000004,0.8819171035069142,0.7862823298860349,0.6756000772550598,0.4947255397837202,0.8498452012383902,3.0643044500608396,0.1411764705882353,0.3157894736842105,0.07692307692307693,A girl and her dog sitting by a Christmas tree,3.495359008000378,19.891154197001015,1.3236061109964794,10.33512096299819,0.7859276399976807,1.2257603549987834,11,2896.54,996.02,630.02
581,MiniCPM-v2.6-Q2_K,0.818181818033058,0.4954336942145316,0.3010067188967283,4.296943522970798e-05,0.30449062120945053,0.5596330275229358,0.2572568839339314,0.06896551724137931,0.13793103448275862,0.0,A tan dog wading through water near posts in the water.,3.495359008000378,6.834540248000849,1.3780566010027542,3.457156054999359,0.7992182599991793,1.7128277829979197,14,2896.54,996.02,630.02
584,MiniCPM-v2.6-Q2_K,0.8333333332407409,0.73431307093972,0.5869457042393581,0.34074197125708927,0.35676572267227635,0.7011494252873565,0.2773856024659191,0.07547169811320754,0.1777777777777778,0.0,A small white dog is sitting on a leash near a man with a rifle on a hillside.,3.495359008000378,6.997846980000759,1.3887874559986813,3.4552002090022143,0.7804874729990843,2.361703201000637,21,2896.54,996.02,630.02
585,MiniCPM-v2.6-Q2_K,0.9333333332711112,0.7302967432897964,0.497422634603781,5.659119256230601e-05,0.2793691797818588,0.6376306620209059,0.354436778076663,0.07407407407407407,0.25,0.0,A brown dog lying on a green couch with a green plant next to him.,3.495359008000378,6.770128630003455,1.4136952410008234,3.4749607569974614,0.8295373760010989,2.036175995999656,17,2896.54,996.02,630.02
590,MiniCPM-v2.6-Q2_K,0.9259610784998609,0.8865402372802198,0.8412914719458575,0.7583956975324749,0.4903358703523015,0.8459167950693374,1.3271966882939668,0.10958904109589043,0.3,0.0,"A black, white, and brown dog sleeping on a rug under a table.",3.495359008000378,6.850863135998225,1.3412510289999773,3.482758637997904,0.8216155930022069,2.105628010001965,17,2896.54,996.02,630.02
591,MiniCPM-v2.6-Q2_K,0.9999999998000004,0.7453559923467181,0.5178720842158353,0.3753119267926982,0.4027651648928606,0.7729905865314989,1.2007604143042498,0.15584415584415584,0.2727272727272727,0.10526315789473684,A brown dog with white paws looks out a window.,3.495359008000378,6.687501087999408,1.3428458700000192,3.394813726998109,0.7838671450008405,1.5437638110015541,13,2896.54,996.02,630.02
593,MiniCPM-v2.6-Q2_K,0.38461538455621314,0.25318484173115374,1.7995375174680856e-06,4.913270547335136e-09,0.16501297758602126,0.2671532846715329,0.0231862554854078,0.02127659574468085,0.07142857142857142,0.0,A dog gazes in the mirror while another dog sits on a blanket.,3.495359008000378,6.914253777002159,1.3804417909996118,3.6218154889975267,0.8008525020013622,1.9999238529999275,16,2896.54,996.02,630.02
594,MiniCPM-v2.6-Q2_K,0.8333333332407409,0.766964988760899,0.7163804057095543,0.6435902692655433,0.4834596576713267,0.7931442080378251,1.0456445849498524,0.1386138613861386,0.3571428571428571,0.08333333333333334,A man sitting on a bench on a sidewalk with a dog on a leash next to him.,3.495359008000378,6.781216706000123,1.3297413260006579,3.509945173998858,0.827061230000254,2.3165428819993394,20,2896.54,996.02,630.02
596,MiniCPM-v2.6-Q2_K,0.9999999997500004,0.9999999997410718,0.9410360286270985,0.8408964150152106,0.3901905525706264,0.7966417910447762,1.6214472034623597,0.08080808080808081,0.24000000000000002,0.0,A man walking a dog near the ocean.,3.495359008000378,6.7555069209993235,1.378018218001671,3.427215874999092,0.7824771910018171,1.1210607590001018,10,2896.54,996.02,630.02
597,MiniCPM-v2.6-Q2_K,0.638888888871142,0.5055250295891938,0.37471534921289434,0.2825937973161533,0.29315127309476524,0.46135863586358644,0.003546241944465648,0.12499999999999999,0.19047619047619047,0.05405405405405406,An elderly woman in a red shirt sits next to a young child dressed in a black costume and a black pot next to a jar of tissues and a cupcake on Halloween night in 2004.,3.495359008000378,6.814346877999924,1.3220249469995906,3.396774253997137,0.8055103329970734,4.77624286399805,43,2896.54,996.02,630.02
598,MiniCPM-v2.6-Q2_K,0.9999999998333334,0.9999999998295456,0.9283177665603348,0.8164965807810248,0.4044883400657015,0.7820512820512819,1.384585808088798,0.17204301075268816,0.2608695652173913,0.09756097560975609,A brown and white dog is drinking water from a blue bowl.,3.495359008000378,6.9844833749993995,1.3986957720007922,3.514289374998043,0.8024708199991437,1.5801693329995032,14,2896.54,996.02,630.02
599,MiniCPM-v2.6-Q2_K,0.9999999997777782,0.9354143464791199,0.7937005257956488,0.6389431040881217,0.393331755079353,0.7134502923976607,1.7083996867989262,0.07619047619047618,0.14285714285714288,0.0,A black dog is sitting near a construction site.,3.495359008000378,7.139194666000549,1.4042037649996928,3.487631956999394,0.790738171999692,1.2626625699995202,11,2896.54,996.02,630.02
603,MiniCPM-v2.6-Q2_K,0.818181818033058,0.6396021489476329,0.5147142491014792,0.4296943522970798,0.3376905947517013,0.6988543371522096,0.9245055427983678,0.06779661016949153,0.19354838709677416,0.029850746268656723,A woman standing next to a horse in a dirt arena.,3.495359008000378,6.980073300001095,1.3207884990006278,3.4061508280028647,0.7885314999984985,1.4862663200001407,13,2896.54,996.02,630.02
605,MiniCPM-v2.6-Q2_K,0.9090909089256201,0.797724035068799,0.6564086248823298,0.5156626917220543,0.4709435014944855,0.9165275459098498,1.3562147930311406,0.16666666666666666,0.38095238095238093,0.0625,Caption: Two horses in a field with trees in the background.,3.495359008000378,6.74354679300086,1.3570265230009682,3.5157358729993575,0.8020384759984154,1.7044732980029949,14,2896.54,996.02,630.02
609,MiniCPM-v2.6-Q2_K,0.9999999996666668,0.8944271906868665,0.7368062994538218,0.00010745699313892367,0.4087155950397489,0.726190476190476,1.713237816377979,0.04195804195804196,0.10526315789473684,0.0,Two women posing on a donkey.,3.495359008000378,6.815085525999166,1.320061023998278,3.4167389829999593,0.7785086059993773,1.0057633290016383,9,2896.54,996.02,630.02
610,MiniCPM-v2.6-Q2_K,0.818181818033058,0.7006490496147952,0.5469655074880799,0.3781790426904952,0.3807507614233482,0.74051593323217,0.6884899055578281,0.08080808080808081,0.125,0.05128205128205128,A horse with number four on its side is running quickly.,3.495359008000378,21.650331062999612,1.423199567001575,11.017852435998066,0.8491620239983604,1.9693943450001825,13,2896.54,996.02,630.02
612,MiniCPM-v2.6-Q2_K,0.9285714285051022,0.8017837256778003,0.6850067105415395,0.49167762728094627,0.4115358717334947,0.6541554959785522,0.47148837894536,0.07692307692307691,0.19999999999999998,0.047619047619047616,A man sits atop a horse while another man holds the horse's reins.,3.495359008000378,6.1585240269996575,1.3345915930003684,3.421271187002276,0.7797680490002676,1.8142419340001652,16,2896.54,996.02,630.02
617,MiniCPM-v2.6-Q2_K,0.999999999818182,0.948683297873714,0.8879040015724939,0.8132882806881351,0.4078910778591563,0.8102466793168881,1.660917212518556,0.17283950617283952,0.34782608695652173,0.05555555555555555,A jockey in blue riding a horse on a dirt track.,3.495359008000378,19.224850849997893,1.3268953070000862,10.32748311999967,0.7871686559992668,1.5562912040004448,14,2896.54,996.02,630.02
618,MiniCPM-v2.6-Q2_K,0.7272727271404961,0.6030226890431458,0.4323328780825247,5.637560314144947e-05,0.36600910486467697,0.768503937007874,1.0334654166444661,0.0970873786407767,0.34782608695652173,0.0,A bald man wearing glasses pets a horse through a fence.,3.495359008000378,7.022739832998923,1.3337263070025074,3.3986754299985478,0.7794654089993855,1.5540976520023833,13,2896.54,996.02,630.02
620,MiniCPM-v2.6-Q2_K,0.785714285602041,0.6504436354932837,0.5205143344974414,0.4001601601313949,0.3246966837232242,0.664850136239782,1.3203811644903745,0.05405405405405406,0.24,0.0,A boy stands on a sidewalk holding a bag near a horse and carriage.,3.495359008000378,6.73504065599991,1.3987249349993363,3.519599602997914,0.8140691999979026,1.8525544479998644,16,2896.54,996.02,630.02
621,MiniCPM-v2.6-Q2_K,0.8888888886913584,0.6666666665138892,0.575369582528176,0.42210681253297316,0.2914604996457538,0.6256410256410255,0.8082531743721224,0.07207207207207207,0.18181818181818182,0.04347826086956522,A horseback rider on a horse in a field,3.495359008000378,6.983880859999772,1.3625119809985335,3.4580232850021275,0.8301766519980447,1.4212292640004307,11,2896.54,996.02,630.02
622,MiniCPM-v2.6-Q2_K,0.9999999997777782,0.9354143464791199,0.8549879731353458,0.5681096830931316,0.4547407601945841,0.8323586744639376,1.4637120341581205,0.17283950617283952,0.4,0.10526315789473684,A white horse standing on grass near a fence.,3.495359008000378,6.731200805999833,1.3727480179986742,3.45560463700167,0.7951248780009337,1.2732419980020495,11,2896.54,996.02,630.02
624,MiniCPM-v2.6-Q2_K,0.8333333331944446,0.6154574547917563,0.33583969304830574,4.529376169980084e-05,0.3412261196181774,0.6939704209328782,0.9074389168514624,0.12658227848101267,0.4210526315789473,0.0,Jockey in blue silks riding grey horse with number six on side,3.495359008000378,21.08918101400195,1.3779009610007051,10.596990648002247,0.8231276299993624,2.046181333997083,15,2896.54,996.02,630.02
626,MiniCPM-v2.6-Q2_K,0.7692307691124263,0.6698641269518808,0.5464455780020092,0.35740464037731323,0.3722101262511628,0.6765249537892792,0.5607388187338217,0.06557377049180328,0.19999999999999998,0.0,A horse looking straight into the camera with a blue sky behind him,3.495359008000378,7.171313111997733,1.3603878479989362,3.564270941002178,0.807794976997684,1.7242414729989832,14,2896.54,996.02,630.02
627,MiniCPM-v2.6-Q2_K,0.8888888886913584,0.8819171034860912,0.7631428281876923,0.5216948598952996,0.4253169747231685,0.7672955974842767,1.2316402826781854,0.1411764705882353,0.2222222222222222,0.06451612903225806,A man rides a grey horse in a field.,3.495359008000378,6.2618756530027895,1.3360426660001394,3.3936456740011636,0.7763476379986969,1.2259632580025936,11,2896.54,996.02,630.02
629,MiniCPM-v2.6-Q2_K,0.9999999997142859,0.9128709289035893,0.7937005257359111,0.7071067809512664,0.4306973623042105,0.8591549295774649,1.3234357566191446,0.045454545454545456,0.16666666666666669,0.0,A horse is galloping in a field.,3.495359008000378,7.0945604740009,1.3878525540021656,3.416791383999225,0.7911973410009523,1.2397978289991443,11,2896.54,996.02,630.02
630,MiniCPM-v2.6-Q2_K,0.6666666665555557,0.49236596383340503,0.3646436716648588,4.817712540105097e-05,0.2820979934388362,0.5313588850174217,0.42758215536415656,0.06,0.16,0.0,A white horse leans over a fence with another horse behind him.,3.495359008000378,7.057216943001549,1.3353812089990242,3.4014477989985608,0.7779131579991372,1.5662591919972328,14,2896.54,996.02,630.02
631,MiniCPM-v2.6-Q2_K,0.9374999999414063,0.7905694149910373,0.6446159946515468,0.49862067648155634,0.3828514572780388,0.5316235059760956,0.6208238737860152,0.08823529411764706,0.29411764705882354,0.0273972602739726,A group of horses look through a fence while a woman and a child watch them.,3.495359008000378,6.677147569000226,1.3400913200021023,3.4316535319994728,0.8185694949970639,2.4983191729988903,18,2896.54,996.02,630.02
632,MiniCPM-v2.6-Q2_K,0.7647058822629758,0.6913328983611111,0.6340512922536415,0.5749089870891241,0.45385927170199863,0.7770700636942675,0.5788925524026148,0.09009009009009009,0.21428571428571425,0.0,A man dressed in black and white riding a white horse on a red and blue stage.,3.495359008000378,7.065159008998307,1.429443856999569,3.447746449000988,0.7831748120006523,2.1817140319981263,19,2896.54,996.02,630.02
633,MiniCPM-v2.6-Q2_K,0.9999999998000004,0.8819171035069142,0.6631762011754477,8.03428418768105e-05,0.3214225763140882,0.6224489795918368,0.6365856401421665,0.11864406779661017,0.25,0.03508771929824561,A brown horse grazing on green grass in a field.,3.495359008000378,6.768242817997816,1.3872093919999315,3.529511709999497,0.8033432390002417,1.410235917999671,12,2896.54,996.02,630.02
634,MiniCPM-v2.6-Q2_K,0.8999999998200003,0.7071067810411981,0.5723571211553053,0.4045533556962135,0.46819166975574594,0.850597609561753,1.1137636195842355,0.11235955056179775,0.2222222222222222,0.0,A man wearing a black jacket rides a white horse.,3.495359008000378,6.779190056997322,1.3199439329982852,3.4241145069972845,0.7796936919985455,1.325469546001841,12,2896.54,996.02,630.02
635,MiniCPM-v2.6-Q2_K,0.9999999997777782,0.9999999997708338,0.9499142513674551,0.8694417436747791,0.9375353452264666,1.0,1.5904881026696436,0.09259259259259259,0.2222222222222222,0.0,A man dressed in black riding a white horse.,3.495359008000378,7.409457201996702,1.3446272869987297,3.57152342399786,0.8109807060027379,1.2740504140019766,11,2896.54,996.02,630.02
639,MiniCPM-v2.6-Q2_K,0.7058823528996541,0.5557189301925005,0.39528784418005747,0.2577229450531942,0.327821275909885,0.5943970767356882,0.4221141289304696,0.09448818897637794,0.2222222222222222,0.05970149253731343,A rider in a white jacket jumps a horse over a hay jump in a show ring.,3.495359008000378,6.900679799997306,1.3829031579989532,3.5800497970012657,0.8029275179978868,2.198447581002256,19,2896.54,996.02,630.02
640,MiniCPM-v2.6-Q2_K,0.7999999998400004,0.516397779388174,3.218297948003038e-06,8.307018472587394e-09,0.27586206896551724,0.6192893401015228,0.41504660208139077,0.04123711340206186,0.16666666666666666,0.0,A horse wearing red reins is galloping through a field.,3.495359008000378,6.873786084997846,1.3192567559999588,3.4104315289987426,0.7950206850000541,1.5936670750015764,14,2896.54,996.02,630.02
643,MiniCPM-v2.6-Q2_K,0.545454545355372,0.40451991740255755,0.26295358938255237,3.882726776754759e-05,0.165608646307943,0.3472485768500949,0.41684245228244937,0.048780487804878044,0.1714285714285714,0.0,Caption: Children and horses at a ranch during a training session.,3.495359008000378,6.927163964999636,1.389661695000541,3.533123434997833,0.7858233299994026,1.6043900519980525,14,2896.54,996.02,630.02
645,MiniCPM-v2.6-Q2_K,0.76327311344054,0.48888605801615953,0.2521823115564828,3.2810607876531425e-05,0.3023469978698414,0.5672157279489904,0.2599728499559879,0.0851063829787234,0.16,0.04347826086956521,A brown horse with red stripes on its harness is standing near a wooden stall door.,3.495359008000378,5.887222258999827,1.3437293669994688,3.4586631679994753,0.7830812940010219,2.022008743002516,18,2896.54,996.02,630.02
646,MiniCPM-v2.6-Q2_K,0.9090909089256201,0.6741998623375959,0.4657164750911581,0.3352113418419074,0.360478014037665,0.6338759958434361,0.8188094124926187,0.09803921568627452,0.20689655172413793,0.0,A brown horse with blue bridle and white spots on face.,3.495359008000378,6.816456661003031,1.3477532069991867,3.4652203029982047,0.7765646670013666,1.558454336001887,14,2896.54,996.02,630.02
650,MiniCPM-v2.6-Q2_K,0.9999999996666668,0.9999999996500001,0.999999999627778,0.9036020032446392,0.9500000000000001,0.8944281524926685,1.4132582988156839,0.05633802816901409,0.16666666666666669,0.0,A woman posing on a car,3.495359008000378,6.692711873998633,1.332452671998908,3.4204061919990636,0.7920727210002951,0.7831783940018795,7,2896.54,996.02,630.02
651,MiniCPM-v2.6-Q2_K,0.818181818033058,0.6396021489476329,0.5147142491014792,0.4296943522970798,0.437554862174037,0.7128547579298832,1.381692446111025,0.07079646017699116,0.20689655172413793,0.030303030303030304,A motorcyclist in black t-shirt doing a wheelie on a highway.,3.495359008000378,7.10147243100073,1.375627296998573,3.4174566559995583,0.8275041119995876,2.2306597089991556,17,2896.54,996.02,630.02
652,MiniCPM-v2.6-Q2_K,0.9999999999285716,0.8770580192419728,0.765581000876035,0.6720284980996716,0.4300762530975271,0.8133333333333335,1.8120442629701972,0.11320754716981131,0.2758620689655173,0.046511627906976744,A truck drives down a street with a red car on top of it.,3.495359008000378,6.905336242001795,1.4086691430020437,3.62126831400019,0.8241927540002507,1.9669420840000384,16,2896.54,996.02,630.02
653,MiniCPM-v2.6-Q2_K,0.9999999998000004,0.8819171035069142,0.6631762011754477,0.5372849657937071,0.49156750436324714,0.8,0.6869869401619484,0.08450704225352113,0.15789473684210528,0.02985074626865672,A person riding a blue motorcycle on a dirt track.,3.495359008000378,6.955117464000068,1.3449826260002737,3.4692188059998443,0.7828373789998295,1.441939756998181,12,2896.54,996.02,630.02
654,MiniCPM-v2.6-Q2_K,0.4444444443456792,0.3333333332569446,0.25131581365004724,4.032989115749891e-05,0.14414414414414412,0.3696969696969697,0.0539468243929922,0.025641025641025644,0.0909090909090909,0.0,Caption: Daily life scenes in a rural Kenyan village,3.495359008000378,6.847772724002425,1.337150487001054,3.4307834150022245,0.8216517799992289,1.512951669999893,12,2896.54,996.02,630.02
656,MiniCPM-v2.6-Q2_K,0.8888888886913584,0.7453559923291194,0.42974399636106386,6.030725358915046e-05,0.3561548317275837,0.580952380952381,0.5987418365267531,0.06504065040650407,0.17647058823529413,0.0,"A white sign above a sidewalk says ""Borkop Rocker.""",3.495359008000378,6.761697210997227,1.3348306010011584,3.4157931779991486,0.7794865979994938,1.6614427639979112,15,2896.54,996.02,630.02
657,MiniCPM-v2.6-Q2_K,0.9999999997777782,0.8660254035859749,0.7539474409501415,0.6147881527990924,0.38621570657195486,0.7777777777777778,1.4655314872490317,0.15384615384615385,0.21052631578947367,0.1111111111111111,A yellow and black motorcycle parked on a road.,3.495359008000378,7.073330267998244,1.3862711590008985,3.4990990869991947,0.8193182169998181,1.392140861000371,11,2896.54,996.02,630.02
658,MiniCPM-v2.6-Q2_K,0.8749999997812503,0.7071067810034577,0.5503212080006054,0.42728700627504257,0.24963395615406778,0.465648854961832,0.3703414449150837,0.07936507936507937,0.125,0.046511627906976744,Four friends ride motorcycles in a parking lot.,3.495359008000378,7.003044867000426,1.3717240160003712,3.4331131459985045,0.7814755429972138,1.126057679997757,10,2896.54,996.02,630.02
660,MiniCPM-v2.6-Q2_K,0.9999999997777782,0.8660254035859749,0.5984084804464933,7.730551755025992e-05,0.317043334619304,0.639412997903564,0.8165099300016586,0.09090909090909091,0.13333333333333333,0.0,An orange Vespa scooter sits idle on a sidewalk.,3.495359008000378,6.694906937998894,1.3593079919992306,3.4293013860005885,0.7817360369990638,1.340219411002181,12,2896.54,996.02,630.02
662,MiniCPM-v2.6-Q2_K,0.8999999998200003,0.8366600263620957,0.7591472428079485,0.5946035573707014,0.4741608956929397,0.7854077253218884,1.3414208038050288,0.03773584905660377,0.08,0.0,A yellow motorcycle parked on the side of a road.,3.495359008000378,6.717848016000062,1.328813889002049,3.5256762290009647,0.8167738689990074,1.3972359929975937,12,2896.54,996.02,630.02
663,MiniCPM-v2.6-Q2_K,0.7777777776049386,0.5400617247435577,0.3466806370930039,5.133450479131077e-05,0.34176196748792775,0.5532879818594103,0.7065185231640153,0.0851063829787234,0.23076923076923075,0.0,A woman rides her scooter in a sunny park.,3.495359008000378,6.806196797002485,1.3187437810011033,3.3828180080017773,0.7749666149975383,1.314193439000519,11,2896.54,996.02,630.02
664,MiniCPM-v2.6-Q2_K,0.7333333332844446,0.6473388749254526,0.5442060218634078,0.44803042735460963,0.41437911334468047,0.6810207336523126,0.5607611144921694,0.1234567901234568,0.2608695652173913,0.04545454545454545,A man wearing jeans and a white shirt rides a red motorcycle down the road.,3.495359008000378,6.786883700002363,1.3378505799992126,3.401933856999676,0.7876508609988377,1.8875224309995247,17,2896.54,996.02,630.02
665,MiniCPM-v2.6-Q2_K,0.7777777776049386,0.44095855174304566,3.028534320667826e-06,8.24872000435789e-09,0.1776787938509513,0.2946859903381642,0.13632192902272755,0.04040404040404041,0.1739130434782609,0.0,An electric bike sits near a temple in Cambodia,3.495359008000378,6.786735755998961,1.3505702490001568,3.3933855129980657,0.7740849539986812,1.105370032000792,10,2896.54,996.02,630.02
666,MiniCPM-v2.6-Q2_K,0.9090909089256201,0.797724035068799,0.4135115219108976,5.452469118553107e-05,0.29854353876395345,0.5763779527559055,0.3037642106307556,0.05673758865248227,0.15789473684210528,0.0,A woman on a scooter is riding down a busy street.,3.495359008000378,7.093186424001033,1.385341454999434,3.446013889002643,0.8018496570002753,1.5607877980000922,13,2896.54,996.02,630.02
669,MiniCPM-v2.6-Q2_K,0.7999999996800004,0.4472135953098925,4.0548013285125586e-06,1.3512001541032851e-08,0.25,0.5907990314769976,0.40290929852985047,0.048387096774193554,0.13793103448275862,0.0,Riders competing in motocross race,3.495359008000378,6.969709942000918,1.3221395639993716,3.4207480730001407,0.7790238320012577,1.0224710180009424,9,2896.54,996.02,630.02
672,MiniCPM-v2.6-Q2_K,0.6470588234913496,0.568796458960017,0.5058144745776144,0.46366459196869153,0.5047708630960893,0.6844319775596073,0.33843827629625006,0.0851063829787234,0.19999999999999998,0.0,A blue moped is parked on a sidewalk near a blue barricade and red and white sign.,3.495359008000378,6.700573848000204,1.333010798000032,3.3928379469980428,0.7779181559999415,2.334202435999032,21,2896.54,996.02,630.02
673,MiniCPM-v2.6-Q2_K,0.9999999998571432,0.8770580191793259,0.6843555630369736,0.4913270547397227,0.42060534241994985,0.7185527976440891,1.0749027180053874,0.13861386138613863,0.3076923076923077,0.046511627906976744,A red motor scooter parked on a sidewalk near a wall covered in graffiti.,3.495359008000378,20.284991738997633,1.324756198002433,10.30906677999883,0.7902004070019757,1.800264170000446,16,2896.54,996.02,630.02
674,MiniCPM-v2.6-Q2_K,0.7999999998400004,0.6666666665296299,0.4807498566671996,6.311969076838888e-05,0.45214771845570484,0.7290836653386453,1.0656262515365922,0.14285714285714285,0.4,0.0,A man looks under the seat of a red motorcycle.,3.495359008000378,6.832288276000327,1.3421381180014578,3.407256006001262,0.7821405139984563,1.3607566940008837,12,2896.54,996.02,630.02
676,MiniCPM-v2.6-Q2_K,0.999999999818182,0.7745966690971268,0.5108729548311612,6.389431041199766e-05,0.3937282879859772,0.745417515274949,0.5213521520940076,0.12903225806451613,0.22727272727272727,0.0909090909090909,A closeup photograph of a motorcycle's speedometer and gas tank,3.495359008000378,6.811478466999688,1.32988837800076,3.4121693289998802,0.7796979189988633,1.687650562998897,14,2896.54,996.02,630.02
677,MiniCPM-v2.6-Q2_K,0.7333333332355557,0.5606119105053052,0.459001135462916,0.3563054844483598,0.3016519907478158,0.5520361990950226,0.246396972869721,0.07619047619047618,0.19354838709677416,0.0,A man sitting at a table wearing a white shirt with green design on it.,3.495359008000378,7.0102568969996355,1.350445250998746,3.4340098350003245,0.7866010979996645,1.935853078000946,17,2896.54,996.02,630.02
678,MiniCPM-v2.6-Q2_K,0.8999999998200003,0.8366600263620957,0.6402895823579823,0.4400558682999982,0.40077694626620813,0.6376306620209059,0.6211085407953881,0.07692307692307691,0.22222222222222218,0.03773584905660377,A man performing tricks on his motorcycle on a ramp,3.495359008000378,7.082922989000508,1.4484059879978304,3.455241861000104,0.7843506289973448,1.2365554590032843,11,2896.54,996.02,630.02
681,MiniCPM-v2.6-Q2_K,0.5555555554938273,0.4042260416816472,0.2733502845006204,3.415991905364516e-05,0.3392869502905276,0.5495495495495495,0.13733631821746653,0.07792207792207792,0.2,0.0,"Caption: ""A man wearing blue jeans and a graphic tee sits on his motorcycle, holding a gift bag.""",3.495359008000378,6.996010694998404,1.378751779000595,3.4884938439972757,0.8184800259987242,2.9605539189979027,23,2896.54,996.02,630.02
683,MiniCPM-v2.6-Q2_K,0.8888888886913584,0.8164965807406125,0.7249202484964744,0.5019724247553314,0.48517987467335355,0.6939704209328782,2.2098059473440985,0.08333333333333333,0.28571428571428575,0.0,A motorcycle parked beside a car on a street,3.495359008000378,6.871767893000651,1.4032198380009504,3.525943863001885,0.7848087870006566,1.343246796997846,10,2896.54,996.02,630.02
684,MiniCPM-v2.6-Q2_K,0.999999999818182,0.948683297873714,0.8434326651401625,0.6887246538622938,0.46370420966224035,0.8102466793168881,1.2420399496880428,0.1075268817204301,0.2608695652173913,0.04347826086956522,A moped parked next to a bike rack near a fence.,3.495359008000378,7.103041382000811,1.3716276909981389,3.452882933001092,0.7784661999976379,1.6878518679986882,14,2896.54,996.02,630.02
685,MiniCPM-v2.6-Q2_K,0.9999999998000004,0.816496580759891,0.6933612742036167,0.6147881528161697,0.48635622670181355,0.7849264705882353,0.882258564073656,0.04918032786885246,0.18181818181818182,0.0,A motorcycle is parked beside a wall covered in graffiti.,3.495359008000378,6.805932060000487,1.3266923429982853,3.5763521310000215,0.8021193820022745,1.5305726359983964,12,2896.54,996.02,630.02
687,MiniCPM-v2.6-Q2_K,0.9999999998000004,0.8819171035069142,0.7299198564932118,0.5773502690627579,0.45345066580565974,0.7729905865314989,1.1384968106968962,0.056074766355140186,0.15384615384615385,0.0,Two girls are riding a red and yellow motorcycle sidecar.,3.495359008000378,19.88409311199939,1.3279718089979724,10.559990259000188,0.8094662449984753,1.5504450869993889,13,2896.54,996.02,630.02
688,MiniCPM-v2.6-Q2_K,0.9090909089256201,0.797724035068799,0.6564086248823298,0.5156626917220543,0.30174218501055444,0.6539050535987749,0.5254503454911577,0.0813008130081301,0.2758620689655173,0.03278688524590164,A person is doing tricks on a bike in the woods.,3.495359008000378,7.390248565003276,1.543827068999235,3.559712958998716,0.8039688099997875,1.5616216369999165,13,2896.54,996.02,630.02
690,MiniCPM-v2.6-Q2_K,0.8333333331944446,0.6741998623483217,0.5147142491101443,6.238986070996531e-05,0.41708526265631923,0.7756584922797456,1.105473065868712,0.10434782608695653,0.2222222222222222,0.0425531914893617,A group of four motorcycles parked side by side on a street.,3.495359008000378,6.929512824997801,1.401899903001322,3.5055001190012263,0.7954647440019471,1.582122518997494,14,2896.54,996.02,630.02
691,MiniCPM-v2.6-Q2_K,0.9999999997500004,0.9258200995328305,0.8298265331423224,0.6914415690877681,0.3473961178344186,0.6489361702127661,0.848555732759416,0.052173913043478265,0.14814814814814814,0.0,Racers racing their bikes on a dirt track,3.495359008000378,7.344057801001327,1.4065727019988117,3.699906313999236,0.8341381360005471,1.2140983839999535,10,2896.54,996.02,630.02
692,MiniCPM-v2.6-Q2_K,0.4999999999166667,0.21320071631926954,1.656503812070342e-06,4.7406042590263856e-09,0.25679012345679014,0.2932692307692307,0.18720286802629704,0.03846153846153846,0.12903225806451613,0.0,A person in red jacket riding motorcycle on dirt road near signs.,3.495359008000378,7.0207422919993405,1.3560438710010203,3.439973781001754,0.7825711559999036,1.5855377080006292,14,2896.54,996.02,630.02
707,MiniCPM-v2.6-Q2_K,0.7333333332355557,0.5606119105053052,0.41703020769149957,0.3315796151523712,0.3112386980713882,0.6329442282749675,0.2504776314607436,0.11009174311926606,0.25806451612903225,0.07547169811320753,Caption: A man wearing a blue sweater smiles for a photo in his backyard garden.,3.495359008000378,7.1863683449992095,1.3225159990033717,3.4228451829985715,0.7769910740025807,1.993783080997673,18,2896.54,996.02,630.02
708,MiniCPM-v2.6-Q2_K,0.9999999997500004,0.9258200995328305,0.8298265331423224,0.7652058830386538,0.3595695637271572,0.6708211143695014,1.4004918156218704,0.08333333333333336,0.24000000000000002,0.04347826086956522,A couple rowing a canoe on a lake.,3.495359008000378,6.953144346000045,1.350162590999389,3.3894131000015477,0.7755137549975188,1.2249783920015034,11,2896.54,996.02,630.02
709,MiniCPM-v2.6-Q2_K,0.8749999997812503,0.8660254035602003,0.7937005257699269,9.999999997163694e-05,0.41305769817870563,0.75,0.8177023953990896,0.02298850574712644,0.10526315789473684,0.0,A girl is sitting on a toy horse.,3.495359008000378,6.940483383998071,1.3355222210011561,3.39470211400112,0.778915078000864,1.1160976370010758,10,2896.54,996.02,630.02
710,MiniCPM-v2.6-Q2_K,0.9999999998666668,0.9636241115286541,0.8630543738777877,0.6803749332210142,0.5248976884636022,0.742393509127789,0.5130454728112075,0.13432835820895522,0.2857142857142857,0.06779661016949153,A group of young adults posing for a photo in a city street at night.,3.495359008000378,6.720227085999795,1.3281801090015506,3.398781981999491,0.7772757500024454,1.879334364002716,17,2896.54,996.02,630.02
714,MiniCPM-v2.6-Q2_K,0.9999999997142859,0.8164965806847213,0.5108729547692865,7.598356853987667e-05,0.30483111388748085,0.6853932584269663,0.6469438898788087,0.10638297872340426,0.15384615384615385,0.06666666666666667,Two young men are drinking beer together.,3.495359008000378,6.74892331600131,1.3385557399997197,3.452101129001676,0.797825809000642,1.0686515820016211,9,2896.54,996.02,630.02
716,MiniCPM-v2.6-Q2_K,0.555555555432099,0.26352313828697443,2.1487199818053206e-06,6.376715692219053e-09,0.2824567890244709,0.5115303983228512,0.17434406967805338,0.049586776859504134,0.19354838709677416,0.0,A mother teaching her son and daughter math homework.,3.495359008000378,6.855536836999818,1.3337999120012682,3.4013728339996305,0.779778357999021,1.2309769130006316,11,2896.54,996.02,630.02
718,MiniCPM-v2.6-Q2_K,0.818181818033058,0.5720775534407411,3.3130076240849087e-06,8.210967435063375e-09,0.1959365145223524,0.4737864077669903,0.1252407412754597,0.08547008547008549,0.25,0.03636363636363636,Caption: Friendly gathering at a patio table with drinks and snacks.,3.495359008000378,6.936504960001912,1.3248301489984442,3.3975912659989262,0.7769877260034264,1.547846892997768,14,2896.54,996.02,630.02
719,MiniCPM-v2.6-Q2_K,0.7142857141836737,0.40599897141146,0.2394911890165452,3.342866121054359e-05,0.30331754660049554,0.49539794260963715,0.14080618332439143,0.06382978723404255,0.09999999999999999,0.0,A young woman wearing a necklace smiles while another woman looks surprised behind her.,3.495359008000378,7.160057445998973,1.3686693359995843,3.6179141979991982,0.8015731010018499,1.8950676510030462,16,2896.54,996.02,630.02
720,MiniCPM-v2.6-Q2_K,0.9090909089256201,0.797724035068799,0.6564086248823298,0.4336189089491568,0.3882809460253645,0.6988543371522096,0.8675530667221149,0.10526315789473685,0.29629629629629634,0.057971014492753624,A group of four women on a beach with a child.,3.495359008000378,6.76926825999908,1.361343611999473,3.4288894009987416,0.7798807460021635,1.440730080998037,13,2896.54,996.02,630.02
721,MiniCPM-v2.6-Q2_K,0.7142857142517007,0.6546536706760239,0.5877203217876609,0.5100323429258851,0.36526269955293433,0.574793875147232,0.22614415690701548,0.13333333333333333,0.2962962962962963,0.03508771929824561,A young woman is taking a selfie with a camera while holding a red bag with a white arrow on it.,3.495359008000378,6.981331598999532,1.338410397998814,3.409293101998628,0.8223461599991424,2.7930010149975715,23,2896.54,996.02,630.02
723,MiniCPM-v2.6-Q2_K,0.999999999818182,0.8944271908332274,0.7631428282226833,0.48549177161135937,0.4079130030959137,0.7395219951506755,1.222032078836822,0.125,0.2608695652173913,0.0,A young child sitting on a couch wearing a pink dress.,3.495359008000378,6.027960380000877,1.3962250240001595,3.5428933410003083,0.8346735340019222,1.48846612700072,13,2896.54,996.02,630.02
726,MiniCPM-v2.6-Q2_K,0.9999999997500004,0.9999999997410718,0.9410360286270985,0.8408964150152106,0.47605772918811057,0.8643724696356274,1.4940597636643886,0.14285714285714288,0.25,0.04347826086956522,Two young women standing in a clothing store.,3.495359008000378,6.235024032001093,1.3369631099994876,3.3995146109991765,0.7767418669973267,1.1339336129967705,10,2896.54,996.02,630.02
727,MiniCPM-v2.6-Q2_K,0.8888888886913584,0.8164965807406125,0.7249202484964744,8.926472273497181e-05,0.46741459309571826,0.7672955974842767,1.1097174398343244,0.12658227848101267,0.19999999999999998,0.0,Two young boys play catch in a grassy field.,3.495359008000378,6.6903493639983935,1.3384513450000668,3.426479707002727,0.781083622998267,1.347089421000419,12,2896.54,996.02,630.02
735,MiniCPM-v2.6-Q2_K,0.9310627795710141,0.8564531912520263,0.769304589669987,0.583110183900098,0.4408635185984333,0.743096913914456,0.8686954717131246,0.16091954022988506,0.3636363636363636,0.06896551724137931,A woman wearing a black top and a silver necklace smiles for the camera.,3.495359008000378,6.856309430000692,1.349323677000939,3.40399339799842,0.8042747090003104,2.1145943099982105,16,2896.54,996.02,630.02
736,MiniCPM-v2.6-Q2_K,0.9999999997500004,0.9999999997410718,0.9999999997301591,0.9999999997163694,1.0,1.0,2.924428755071269,0.11320754716981131,0.23076923076923078,0.07547169811320754,A woman in jeans and a bikini top.,3.495359008000378,6.179843704998348,1.3985835679995944,3.5837039960024413,0.7871563569970021,1.1200116199979675,10,2896.54,996.02,630.02
737,MiniCPM-v2.6-Q2_K,0.933333333208889,0.8944271908785294,0.7896092133901944,0.672986488370968,0.4426402784689155,0.8299319727891156,0.8024085469846183,0.0689655172413793,0.1904761904761905,0.0,A young girl wearing pink is sitting in a black chair holding a remote control.,3.495359008000378,6.677117854000244,1.3215243140002713,3.394927616001951,0.7874911110011453,1.9398694400006207,17,2896.54,996.02,630.02
738,MiniCPM-v2.6-Q2_K,0.9999999998000004,0.8819171035069142,0.7299198564932118,0.4854917716006408,0.43797791360213234,0.7290836653386453,1.2937221368539982,0.06666666666666667,0.33333333333333337,0.0,A man is standing in the snow holding a bike.,3.495359008000378,6.786655040999904,1.3294743149999704,3.366654360997927,0.7748220130015397,1.3278662740012805,12,2896.54,996.02,630.02
740,MiniCPM-v2.6-Q2_K,0.7142857140816329,0.5976143044893356,0.5227579584112448,0.43472087180034347,0.35639544447508525,0.6853932584269663,0.46132578614400793,0.017094017094017096,0.06666666666666667,0.0,A triathlon athlete running down the street,3.495359008000378,7.122341393998795,1.3717657610031893,3.8052406309980142,0.8314889820030658,1.1120029439989594,9,2896.54,996.02,630.02
741,MiniCPM-v2.6-Q2_K,0.636363636247934,0.504524979015488,0.38387009253436954,5.156626917220543e-05,0.31238687638159385,0.3472485768500949,0.952961059975582,0.07407407407407407,0.1212121212121212,0.0,A city bus has stopped near two police officers wearing helmets.,3.495359008000378,6.893762859999697,1.4031639579989132,3.513050787998509,0.8014702030013723,1.6124693160018069,13,2896.54,996.02,630.02
743,MiniCPM-v2.6-Q2_K,0.9999999997777782,0.8660254035859749,0.7539474409501415,0.6803749331487142,0.44669517595157876,0.7672955974842767,0.7418565776522558,0.10169491525423728,0.25,0.0,A baby sitting in a baby carrier looking up.,3.495359008000378,7.009330582997791,1.3331891750021896,3.386056579001888,0.7863189549971139,1.218625568999414,11,2896.54,996.02,630.02
744,MiniCPM-v2.6-Q2_K,0.7499999998125003,0.46291004976641537,3.2931687791531186e-06,9.193227149641706e-09,0.28571428571428575,0.43990384615384615,0.561001581712335,0.043010752688172046,0.13333333333333333,0.0,A horse and rider on a dusty trail,3.495359008000378,6.852416715999425,1.333263540000189,3.4535664099967107,0.7805992440007685,1.1036984810016293,9,2896.54,996.02,630.02
746,MiniCPM-v2.6-Q2_K,0.6666666665185187,0.4999999998854169,3.2931687792598418e-06,8.783602617539847e-09,0.31067945497387023,0.7134502923976607,0.2987093891909515,0.047619047619047616,0.1111111111111111,0.0,"Caption: ""A family gathering in a cozy living room.""",3.495359008000378,6.820023471998866,1.3262853720007115,3.3855155860001105,0.7774335950016393,1.4367222979999497,13,2896.54,996.02,630.02
747,MiniCPM-v2.6-Q2_K,0.999999999818182,0.8944271908332274,0.7631428282226833,0.6389431041199765,0.3753363908938716,0.8102466793168881,0.7249761012449205,0.10084033613445378,0.25,0.03571428571428571,A man in a green shirt holding two bottles of water.,3.495359008000378,6.703428395998344,1.3430294210011198,3.428144371999224,0.7938797970018641,1.5878592529988964,13,2896.54,996.02,630.02
748,MiniCPM-v2.6-Q2_K,0.9166666665138891,0.912870929019674,0.8355496556814207,0.7135650475144835,0.47808885117233296,0.8798076923076923,0.8767673040947997,0.12499999999999999,0.2608695652173913,0.044444444444444446,"Caption: ""Black and white photograph of a vintage train at a station.""",3.495359008000378,7.217034886001784,1.371063939997839,3.4633167430001777,0.8349752249996527,2.1952381410010275,16,2896.54,996.02,630.02
753,MiniCPM-v2.6-Q2_K,0.9999999997777782,0.9354143464791199,0.8549879731353458,0.8034284187457875,0.4984640199332193,0.8341880341880341,1.8995034720209465,0.08080808080808081,0.2608695652173913,0.04347826086956522,A child standing next to tents in a backyard.,3.495359008000378,7.0038974010021775,1.3221345090023533,3.4862979290010117,0.7983212129984167,1.230830855001841,11,2896.54,996.02,630.02
757,MiniCPM-v2.6-Q2_K,0.6999999998600002,0.5577733509080639,0.4886324028558046,0.35930411188413025,0.30720283382922847,0.48605577689243035,0.2612047736958749,0.06349206349206349,0.1875,0.0,A row of townhomes line a quiet street in London.,3.495359008000378,7.060193839999556,1.3987573969970981,3.4813816220012086,0.8270807490007428,1.612902878998284,13,2896.54,996.02,630.02
758,MiniCPM-v2.6-Q2_K,0.933333333208889,0.8944271908785294,0.7896092133901944,0.6364713243493564,0.4567832712434601,0.7820512820512819,1.4423222123217334,0.12949640287769784,0.3448275862068966,0.07317073170731708,A wedding photo featuring a bride and groom posing with their family in a church.,3.495359008000378,6.937839869999152,1.3459512480003468,3.4239015969978936,0.7823341620023712,1.9151776609978697,17,2896.54,996.02,630.02
759,MiniCPM-v2.6-Q2_K,0.8999999998200003,0.6324555319036713,0.3684031497859238,5.1697315384357014e-05,0.2816800226340432,0.5313588850174217,1.0849822582433115,0.06299212598425197,0.17647058823529416,0.0,A black dog on a rug near plants in pots.,3.495359008000378,6.7097273920007865,1.3908231710011023,3.412530328001594,0.7809196050002356,1.3554187139998248,12,2896.54,996.02,630.02
760,MiniCPM-v2.6-Q2_K,0.8571428570816327,0.8516306271894698,0.8163090327905765,0.7380411772483044,0.49701442199025425,0.8145400593471811,0.9282867707101459,0.16666666666666669,0.34782608695652173,0.0,A small brown bird sitting on top of a flower pot near red flowers.,3.495359008000378,7.1669388609989255,1.3963114030011639,3.470793060001597,0.846915774000081,1.970039686999371,16,2896.54,996.02,630.02
761,MiniCPM-v2.6-Q2_K,0.6785714285471939,0.5013210062469627,0.30722737065461586,0.18454824768912226,0.3074324849427204,0.4629005059021923,0.01025560888338211,0.09032258064516129,0.2926829268292683,0.0,"A cozy living room features a chair, a lamp, a table with a plant, a side table with another plant, a mirror, and a picture on the wall.",3.495359008000378,6.856835770999169,1.3978822600001877,3.5655987080026534,0.8061376109981211,4.349442660997738,35,2896.54,996.02,630.02
762,MiniCPM-v2.6-Q2_K,0.9999999998571432,0.7844645404385149,0.6352994279226407,0.5525870141284137,0.40743192224099595,0.6630434782608696,0.8193517150315337,0.1348314606741573,0.33333333333333337,0.0,A young girl sitting on a cement structure near a large plant with flowers.,3.495359008000378,6.672791840999707,1.3261447760014562,3.386243679000472,0.800308222998865,1.7907159869973839,16,2896.54,996.02,630.02
764,MiniCPM-v2.6-Q2_K,0.9999999996666668,0.9999999996500001,0.999999999627778,0.9999999995958335,1.0,1.0,2.5704658636825557,0.06153846153846154,0.25,0.0,A man sitting outside playing guitar,3.495359008000378,7.228799984000943,1.4221791089985345,3.5930988590007473,0.8112084280001,0.8650275239997427,7,2896.54,996.02,630.02
765,MiniCPM-v2.6-Q2_K,0.9999999997777782,0.8660254035859749,0.685006710431798,8.555261856594855e-05,0.209012189328533,0.580952380952381,0.2091013441167622,0.06666666666666665,0.16216216216216214,0.0,People walking on a boardwalk near a large hotel.,3.495359008000378,6.878616931000579,1.3659420200019667,3.437115739998262,0.7895832679969317,1.4773776630026987,12,2896.54,996.02,630.02
768,MiniCPM-v2.6-Q2_K,0.9090909090082646,0.7385489458054987,0.5665163348856718,0.38827267771077334,0.3693032249411673,0.7863358040605866,1.091177365946162,0.10638297872340426,0.24000000000000002,0.05555555555555556,A potted plant sitting in a red pot on a sidewalk,3.495359008000378,6.7360381959988445,1.3604038760022377,3.4435502640008053,0.7826575109975238,1.4721691239974461,13,2896.54,996.02,630.02
770,MiniCPM-v2.6-Q2_K,0.9230769229349115,0.8770580191692865,0.788110900069781,0.6190429959943895,0.3415738365299311,0.62649777473468,0.5956632951665803,0.09523809523809523,0.1951219512195122,0.051948051948051945,A bookshelf in a living room with a variety of books on it,3.495359008000378,6.793930206000368,1.3210347149979498,3.3823201900013373,0.7736444250003842,1.7449406189989531,15,2896.54,996.02,630.02
774,MiniCPM-v2.6-Q2_K,0.8499999999575,0.5596051239085488,0.25911762428592183,3.180610472328188e-05,0.30363894900477245,0.5678191489361702,0.0372036772373366,0.07954545454545454,0.27906976744186046,0.0303030303030303,"A closeup photo of a large, colorful sculpture on top of a table with flowers in pots next to it.",3.495359008000378,6.498378281001351,1.3293912749977608,3.3989574490005907,0.7754600209991622,2.688133274001302,24,2896.54,996.02,630.02
775,MiniCPM-v2.6-Q2_K,0.8571428568979593,0.6546536705131399,0.4409111381704973,6.803749330907337e-05,0.2509803921568627,0.5269978401727862,0.6265632285628921,0.08602150537634409,0.2222222222222222,0.0,A terracotta pot contains some green plants.,3.495359008000378,6.85199511600149,1.329544074000296,3.4394761560033658,0.8100094159999571,1.2844360430026427,11,2896.54,996.02,630.02
776,MiniCPM-v2.6-Q2_K,0.9230769229349115,0.8320502942071694,0.722801825461322,0.5801559413572918,0.34712002132992986,0.563944530046225,0.5657958111237429,0.03225806451612903,0.1081081081081081,0.0,A small run down building with a few plants growing out of it,3.495359008000378,6.785651260001032,1.3301826889983204,3.425152493000496,0.82217734599908,1.6531783630016434,14,2896.54,996.02,630.02
778,MiniCPM-v2.6-Q2_K,0.9999999997777782,0.9354143464791199,0.7937005257956488,0.7071067810115249,0.4696763508488611,0.7390100380754587,1.047085988829072,0.11267605633802819,0.4,0.05128205128205129,A cat sleeps on a windowsill near a flowerpot,3.495359008000378,6.6719744540023385,1.3214560269989306,3.421429965997959,0.7824833279992163,1.3352370280008472,12,2896.54,996.02,630.02
781,MiniCPM-v2.6-Q2_K,0.7727272726921488,0.6066014902150506,0.5050003316920381,0.40578439826275925,0.2892803186826794,0.4601293103448276,0.09498465330932199,0.09999999999999999,0.3333333333333333,0.0,A young boy and girl sit opposite each other at a glass table facing each other in front of a large window,3.495359008000378,7.222512036998523,1.3349076350023097,3.4165308449992153,0.7765134260007471,2.5682815829968604,23,2896.54,996.02,630.02
782,MiniCPM-v2.6-Q2_K,0.8333333330555557,0.5773502689875534,4.367902322055668e-06,1.2909944482140289e-08,0.2642506208769403,0.5570776255707762,0.371461600164821,0.06956521739130435,0.19999999999999998,0.0,Two bicyclists rest before a break.,3.495359008000378,6.895541426001728,1.341818188000616,3.432786314999248,0.781695222001872,1.125558871000976,10,2896.54,996.02,630.02
784,MiniCPM-v2.6-Q2_K,0.9999999998000004,0.816496580759891,0.43679023227553404,5.873949093408463e-05,0.369213265331266,0.7038461538461538,0.7440139261178247,0.07692307692307693,0.2727272727272727,0.048780487804878044,A plant grows out of a pot on a windowsill.,3.495359008000378,6.804900582999835,1.3455682479980169,3.501756582998496,0.7850033079994319,1.4706214569996519,13,2896.54,996.02,630.02
785,MiniCPM-v2.6-Q2_K,0.8333333331944446,0.7784989440288245,0.7137658553788795,0.634046627590766,0.37014560407015046,0.6713836477987422,1.2857715754523347,0.101010101010101,0.2857142857142857,0.03636363636363636,"Caption: ""A cozy living room with a man working on his laptop.""",3.495359008000378,6.727474986000743,1.3542369950009743,3.402863751998666,0.7931217400000605,1.8668976360022498,16,2896.54,996.02,630.02
788,MiniCPM-v2.6-Q2_K,0.9999999998000004,0.9428090413882642,0.8735804645510677,0.7856293016283906,0.49728340557677314,0.8501742160278747,1.3023845370681029,0.14285714285714288,0.2727272727272727,0.08333333333333333,A group of people walk through a colorful amusement park.,3.495359008000378,6.931435867998516,1.3672160140013148,3.533577954996872,0.8374153780023335,1.591974371996912,12,2896.54,996.02,630.02
789,MiniCPM-v2.6-Q2_K,0.9090909089256201,0.797724035068799,0.6564086248823298,0.5706745775927982,0.5152299496505958,0.866785079928952,0.6747503750743769,0.05309734513274336,0.14285714285714285,0.0,A dog with long ears standing next to a flower pot.,3.495359008000378,6.977677628001402,1.4400479549985903,3.4328345290014113,0.7851016450003954,1.4704562910010281,13,2896.54,996.02,630.02
790,MiniCPM-v2.6-Q2_K,0.8461538460236689,0.7510676160808549,0.6751063810707115,0.4980657276873162,0.41083200232445055,0.6765249537892792,0.7595456860955708,0.08196721311475409,0.23076923076923075,0.03571428571428571,A plant growing in a brown pot with a ladybug sitting on top.,3.495359008000378,19.967712751000363,1.3290440210002998,10.473011158999725,0.8271332639997127,1.9328504830009479,16,2896.54,996.02,630.02
791,MiniCPM-v2.6-Q2_K,0.9999999997142859,0.9128709289035893,0.693361274133822,9.554427918864549e-05,0.29148025174444203,0.6587473002159828,0.5756227450485486,0.05714285714285714,0.21428571428571425,0.0,Plants growing on a shelf in pots.,3.495359008000378,6.7867403860000195,1.367201377001038,3.388011639999604,0.7771791010018205,1.1198505829997885,10,2896.54,996.02,630.02
792,MiniCPM-v2.6-Q2_K,0.7777777776049386,0.6236095643194133,0.4807498566549901,6.55996556926105e-05,0.2263045991171476,0.524731182795699,1.6312742153983406,0.0425531914893617,0.14814814814814814,0.0,A statue is surrounded by a fountain and flowers.,3.495359008000378,6.803080249999766,1.3258858779990987,3.3847019329987234,0.7825932390005619,1.218780761002563,11,2896.54,996.02,630.02
794,MiniCPM-v2.6-Q2_K,0.7142857140816329,0.48795003632904355,0.36246012422095697,5.8739490927447296e-05,0.2997142977394983,0.5269978401727862,1.3844545905778078,0.05217391304347826,0.06666666666666667,0.0,A glass door holds two potted plants.,3.495359008000378,6.750798004999524,1.336992870998074,3.40840553399903,0.8074524450021272,1.1212439329974586,10,2896.54,996.02,630.02
795,MiniCPM-v2.6-Q2_K,0.5833333332361111,0.46056618639333274,0.2768182380104401,3.9181891493662274e-05,0.25459592474834297,0.4149659863945578,0.11173724027333075,0.037267080745341616,0.13636363636363635,0.0,An image of an outdoor area with a building in the background.,3.495359008000378,7.156002954001451,1.3667213560001983,3.393712452001637,0.7812538469988795,1.5584333700026036,14,2896.54,996.02,630.02
796,MiniCPM-v2.6-Q2_K,0.8749999997812503,0.7905694148373941,0.4705180143135494,6.756000772118965e-05,0.24564418230360255,0.6489361702127661,0.7372985273052959,0.03053435114503817,0.12121212121212122,0.0,A person is painting in a living room.,3.495359008000378,6.8778453819977585,1.3386569220019737,3.446195226999407,0.7805863739995402,1.156131663999986,10,2896.54,996.02,630.02
797,MiniCPM-v2.6-Q2_K,0.7999999998400004,0.5962847938773745,0.5108729548207117,0.37150115990103777,0.2877528084471841,0.6802973977695167,0.7275960565621274,0.046875,0.18181818181818182,0.0,A sculpture of a fish made out of shiny materials.,3.495359008000378,7.08400827800142,1.3802016839981661,3.4321966280003835,0.8051324219995877,1.3547738870001922,12,2896.54,996.02,630.02
805,MiniCPM-v2.6-Q2_K,0.999999999875,0.8944271908862491,0.7703427141220163,0.5699115519892464,0.41626985797152555,0.7230603448275862,0.6157870401098469,0.04838709677419354,0.11428571428571428,0.0,A woman wearing pink hoodie sitting on a hillside with a sheep standing next to her.,3.495359008000378,6.787309162002202,1.3189347160005127,3.3866322510002647,0.7746683130026213,2.1249583549979434,19,2896.54,996.02,630.02
807,MiniCPM-v2.6-Q2_K,0.9999999998000004,0.816496580759891,0.6933612742036167,0.5555238066802866,0.43686694677811283,0.7936802973977695,0.8334830149882627,0.11764705882352942,0.2857142857142857,0.05128205128205129,A dog is running after three goats in a field.,3.495359008000378,6.792546536002192,1.3669878399996378,3.408528469997691,0.7792854949984758,1.3447117199975764,12,2896.54,996.02,630.02
808,MiniCPM-v2.6-Q2_K,0.8571428570204084,0.7262730390968146,0.641293172728129,0.4679525195080589,0.32195966642475876,0.6224489795918368,0.6196641407721339,0.09836065573770493,0.2666666666666667,0.0,Caption: A sheep with two lambs in a green pasture on a sunny day.,3.495359008000378,6.743003433999547,1.327935143999639,3.431679710000026,0.7823110960016493,2.0433878670010017,18,2896.54,996.02,630.02
810,MiniCPM-v2.6-Q2_K,0.9999999997500002,0.8164965806895814,6.933612741002549e-06,2.4028114128832906e-08,0.23349594436457374,0.43160377358490565,0.4927089658220045,0.02702702702702703,0.10256410256410257,0.0,Sheep near the lake.,3.495359008000378,6.885730273999798,1.3696299240000371,3.467527818000235,0.8002076310003758,0.8340190410017385,7,2896.54,996.02,630.02
811,MiniCPM-v2.6-Q2_K,0.7272727271404961,0.6605782589527088,0.5259071787651045,0.36720562691677605,0.420240368789896,0.745417515274949,0.5992897054089893,0.08163265306122448,0.14814814814814814,0.05555555555555555,Two adult sheep stand behind a baby sheep in a pen.,3.495359008000378,6.676533294001274,1.3641036030021496,3.4421802060023765,0.7784571840020362,1.4617434339998,13,2896.54,996.02,630.02
814,MiniCPM-v2.6-Q2_K,0.7142857141836737,0.5241424182846418,2.8394820223243796e-06,6.7543128276485336e-09,0.2395363287458249,0.5610055180870631,0.21121812392770312,0.05405405405405406,0.12903225806451613,0.0,A fluffy sheep with a blue tag on its ear looks over a fence.,3.495359008000378,6.805288725001446,1.3214320590013813,3.3876690289980615,0.777029491000576,1.8576859579989105,16,2896.54,996.02,630.02
815,MiniCPM-v2.6-Q2_K,0.710444302822602,0.47509815745315653,0.25540652997016594,2.8330201895592273e-05,0.26659787332610296,0.4186274509803921,0.0625320170118977,0.08433734939759037,0.23809523809523808,0.0,An elderly gentleman with a mustache wearing a flat cap gazes into the camera while standing near a field with grazing sheep and goats.,3.495359008000378,6.779541435000283,1.3550452059971576,3.403410877999704,0.7824798499968892,3.1233502059985767,28,2896.54,996.02,630.02
816,MiniCPM-v2.6-Q2_K,0.999999999818182,0.9999999998136365,0.9999999998084177,0.9999999998023361,0.5669420544451677,0.9606299212598426,2.3088219813790536,0.14634146341463417,0.29629629629629634,0.11428571428571428,A boy is feeding hay to a sheep through a fence.,3.495359008000378,6.873991006999859,1.3778336020004645,3.415803224997944,0.7836524580015976,1.4441705159988487,13,2896.54,996.02,630.02
819,MiniCPM-v2.6-Q2_K,0.818181818033058,0.4045199174025576,2.6295358938255247e-06,6.904573081909778e-09,0.2137404580152672,0.3727087576374745,0.17688808162184919,0.047244094488188976,0.1875,0.0,A small bear sniffing the ground near some sheep and plants.,3.495359008000378,6.7111988789984025,1.3335122870012128,3.4387492329988163,0.7778404870005033,1.555368642002577,14,2896.54,996.02,630.02
820,MiniCPM-v2.6-Q2_K,0.8999999998200003,0.774596669082261,0.7211247850007994,0.6803749331676134,0.4113436237470215,0.9070631970260222,0.5756204549110066,0.1411764705882353,0.2608695652173913,0.09756097560975609,A fluffy white lamb in a field of green grass.,3.495359008000378,6.836316031000024,1.3398060950021318,3.4058434609978576,0.7818191789992852,1.3740129220022936,12,2896.54,996.02,630.02
822,MiniCPM-v2.6-Q2_K,0.9999999998333334,0.9045340335791091,0.7888607681609373,0.6834466814090656,0.3906519618246309,0.7672955974842767,1.064154239492488,0.09917355371900825,0.23529411764705882,0.039215686274509796,Two black and grey sheep standing in a field near a fence.,3.495359008000378,20.797254326000257,1.3435624049998296,10.23583171899736,0.8113387250014057,1.5538114180017146,14,2896.54,996.02,630.02
823,MiniCPM-v2.6-Q2_K,0.5999999998800002,8.16496580759891e-09,2.027400664761253e-11,1.0445522728425065e-12,0.23827239019006322,0.5865384615384615,0.2201261255616146,0.03571428571428572,0.13793103448275862,0.0,Two ram sheep staring at camera through a window pane.,3.495359008000378,6.73235019799904,1.3290405240004475,3.366664969998965,0.7767346330001601,1.3275380140003108,12,2896.54,996.02,630.02
824,MiniCPM-v2.6-Q2_K,0.24999999997916675,4.767312945812628e-09,1.3147679470444613e-11,7.08885680157797e-13,0.15955090217394388,0.2364341085271318,0.22383519449516714,0.036036036036036036,0.14285714285714285,0.0,Caption: Calm farm scene with a mother sheep nursing her two lambs.,3.495359008000378,7.044716606997099,1.3816569470000104,3.616307248001249,0.7857983380017686,2.0154021390007983,17,2896.54,996.02,630.02
825,MiniCPM-v2.6-Q2_K,0.9999999997142859,0.9999999997023811,0.9283177664322725,0.7952707285024341,0.9294117647058824,0.8571428571428571,1.2292292448754067,0.07843137254901959,0.14285714285714288,0.05555555555555556,A small goat stands near a fence.,3.495359008000378,6.894049463000556,1.3195249819982564,3.3844378309986496,0.7820476220003911,0.9947085679996235,9,2896.54,996.02,630.02
826,MiniCPM-v2.6-Q2_K,0.9999999997777782,0.8660254035859749,0.685006710431798,0.4810977289787999,0.3455700419625743,0.6559139784946236,0.7885146589568945,0.05714285714285714,0.17391304347826084,0.0,Two sheep graze on grass in a fenced pasture.,3.495359008000378,6.734048308000638,1.3322938230012369,3.407358649001253,0.7778504089983471,1.4234158230028697,12,2896.54,996.02,630.02
827,MiniCPM-v2.6-Q2_K,0.4999999998333335,9.999999996500002e-09,2.924017737124486e-11,1.6990442441604256e-12,0.1797752808988764,0.2785388127853881,0.3050640312431687,0.02247191011235955,0.08695652173913042,0.0,Caption: A shearing demonstration in progress.,3.495359008000378,6.7639004990014655,1.3267544239970448,3.405706700999872,0.7761236769983952,1.118325065002864,10,2896.54,996.02,630.02
832,MiniCPM-v2.6-Q2_K,0.7142857140816329,0.5976143044893356,0.41491326655337923,6.5005932581807e-05,0.2720297996693702,0.7648902821316614,0.7800231146480691,0.09411764705882354,0.16666666666666669,0.05,A fluffy sheep shows off its tongue.,3.495359008000378,19.760559471000306,1.3303240969980834,10.329825434997474,0.8110819989997253,0.9978871040002559,9,2896.54,996.02,630.02
833,MiniCPM-v2.6-Q2_K,0.9999999997500004,0.9999999997410718,0.9999999997301591,0.9999999997163694,0.5735788011506504,1.0,1.6777266082445228,0.08695652173913043,0.17647058823529413,0.039999999999999994,A ram on top of a rock formation,3.495359008000378,6.897083644998929,1.3640996960020857,3.408499423003377,0.7905579030011722,1.0519560720022127,9,2896.54,996.02,630.02
834,MiniCPM-v2.6-Q2_K,0.9999999997142859,0.9128709289035893,0.693361274133822,9.554427918864549e-05,0.44467945862539227,0.8224719101123595,1.4365072304913595,0.05454545454545455,0.17391304347826084,0.03389830508474576,Two sheep stand next to a fence.,3.495359008000378,7.112286558000051,1.3876105149975047,3.5760143580009753,0.7907420429983176,1.1916052749984374,9,2896.54,996.02,630.02
838,MiniCPM-v2.6-Q2_K,0.6666666664444446,0.5163977793135832,4.054801328872984e-06,1.2209471666681028e-08,0.3348380530817491,0.5,0.8880466477568196,0.04545454545454545,0.18181818181818182,0.0,A ram looks through its eye.,3.495359008000378,6.999297561000276,1.368812237000384,3.4451474849993247,0.7816241500004253,0.9820217659980699,8,2896.54,996.02,630.02
839,MiniCPM-v2.6-Q2_K,0.8888888886913584,0.8164965807406125,0.7249202484964744,0.5019724247553314,0.36501696853381177,0.7134502923976607,0.6633706436840127,0.10447761194029849,0.2666666666666667,0.06779661016949151,Caption: Group of lambs grazing on a grassy hillside.,3.495359008000378,6.867869467001583,1.3063590489982744,3.3831737369982875,0.776921469001536,1.747180741000193,15,2896.54,996.02,630.02
840,MiniCPM-v2.6-Q2_K,0.9999999997777782,0.9354143464791199,0.8549879731353458,0.7476743904255464,0.4567004959857811,0.8299319727891156,1.2636810137216694,0.064,0.19999999999999998,0.03225806451612903,A sheep is standing in the woods near trees.,3.495359008000378,6.7965316789995995,1.326157706000231,3.3966487539983063,0.7766290190011205,1.2144787100005487,11,2896.54,996.02,630.02
844,MiniCPM-v2.6-Q2_K,0.9999999997777782,0.9999999997708338,0.9999999997625665,0.9999999997524806,0.5402204632043399,0.9512670565302144,2.284083736716485,0.09615384615384615,0.2222222222222222,0.07407407407407407,A group of sheep are standing in a field.,3.495359008000378,7.066888123001263,1.4253750210009457,3.4172247179994883,0.7858611800002109,1.3492070350002905,11,2896.54,996.02,630.02
850,MiniCPM-v2.6-Q2_K,0.9999999998000004,0.9999999997944449,0.9999999997879634,0.9999999997802583,0.9342765860337745,0.9564459930313588,2.8707216293760225,0.17543859649122806,0.375,0.14814814814814814,A woman is sitting on a couch holding a baby.,3.495359008000378,6.8020191399991745,1.3492496689977997,3.4843909949995577,0.7795812790027412,1.3527340830005414,12,2896.54,996.02,630.02
853,MiniCPM-v2.6-Q2_K,0.5714285712653063,0.43643578034209335,0.3364781730427789,5.555238066175146e-05,0.28732009745703796,0.5714285714285714,0.15166098966356303,0.015267175572519083,0.07692307692307693,0.0,Caption: Family bonding time on the couch.,3.495359008000378,6.772209558999748,1.3230311859988433,3.388340348999918,0.7870931710021978,1.1063579710025806,10,2896.54,996.02,630.02
854,MiniCPM-v2.6-Q2_K,0.7499999998125003,0.6546536705384689,0.5984084804271004,0.45499414027575363,0.49885957904927997,0.7331730769230769,0.49095515389810174,0.03846153846153846,0.08333333333333334,0.0,Four children sitting on a couch eating snacks.,3.495359008000378,6.802093520997005,1.35376760500003,3.3986521609986085,0.7926928859997133,1.1212321239981975,10,2896.54,996.02,630.02
856,MiniCPM-v2.6-Q2_K,0.8124999998984376,0.6582805885207269,0.570534315478184,0.5169731538889925,0.4456446242503787,0.7582872928176796,1.123370519970886,0.0963855421686747,0.23076923076923073,0.04545454545454545,A man sitting on a couch wearing a red shirt and bib smiling for the camera.,3.495359008000378,6.902987082001346,1.3454876780015184,3.3897464549991128,0.7751105030001781,2.0010515510002733,18,2896.54,996.02,630.02
857,MiniCPM-v2.6-Q2_K,0.9285714284387758,0.6546536706126568,0.4749571257258928,0.3141540294408901,0.2996995446835124,0.5154929577464789,0.3333047436106246,0.12903225806451613,0.3333333333333333,0.0,A young man relaxing in a living room with a remote in his hand.,3.495359008000378,6.973055643000407,1.400533208001434,3.4511215560014534,0.7821958899985475,1.8054972809986793,16,2896.54,996.02,630.02
858,MiniCPM-v2.6-Q2_K,0.777777777734568,0.5659164583857459,0.34208829990766476,4.041856130336337e-05,0.3089811548894272,0.5739247311827956,0.16203337033182014,0.0821917808219178,0.2424242424242424,0.0,A large brown bed with brown pillows sits next to a brown sofa in a cozy living room.,3.495359008000378,6.962578784998186,1.3895008269973914,3.4242126469980576,0.8140381849989353,2.2402462770005513,20,2896.54,996.02,630.02
859,MiniCPM-v2.6-Q2_K,0.9999999997777782,0.9354143464791199,0.7937005257956488,0.7071067810115249,0.4700427436221975,0.8888888888888888,2.1313438240355436,0.14492753623188406,0.35294117647058826,0.1,A couple relaxing on a couch with their dog.,3.495359008000378,6.801656224997714,1.3222099539998453,3.408584233999136,0.7735125279978092,1.2296554259992263,11,2896.54,996.02,630.02
861,MiniCPM-v2.6-Q2_K,0.8749999997812503,0.7071067810034577,0.6299605247774476,0.562341325030852,0.3624754647071259,0.6747787610619468,0.9287679957122406,0.0606060606060606,0.13793103448275862,0.0,A living room overlooking a body of water.,3.495359008000378,6.742731241000001,1.3396775540022645,3.394570835000195,0.7781793869980902,1.1166062940028496,10,2896.54,996.02,630.02
862,MiniCPM-v2.6-Q2_K,0.7083333333038194,0.7019641181331495,0.607298742436822,0.48055097612280007,0.4161056772338435,0.6354166666666666,0.16371928302170294,0.19834710743801653,0.3571428571428571,0.07272727272727272,A red couch with plaid pillows sits in a living room next to a coffee table and a wooden side table with a lamp.,3.495359008000378,6.856766401000641,1.378173783999955,3.398483684999519,0.78157670300061,3.0564965030025633,27,2896.54,996.02,630.02
864,MiniCPM-v2.6-Q2_K,0.571428571346939,0.41931393462771355,0.2446991428247012,3.397239497608618e-05,0.25475715307857355,0.5027472527472527,0.27231807278348297,0.03870967741935484,0.11428571428571428,0.0,A living room that looks out onto a patio through a sliding glass door.,3.495359008000378,6.862650895000115,1.3844817519966455,3.463993813002162,0.7882504729968787,1.7972524069991778,16,2896.54,996.02,630.02
866,MiniCPM-v2.6-Q2_K,0.8333333330555557,0.7071067809390603,0.49999999981388915,8.034284186199331e-05,0.2771823187710699,0.726190476190476,0.45377150307171354,0.05940594059405941,0.15384615384615385,0.0,Two guys chilling on a boat.,3.495359008000378,7.042011352998088,1.349658825998631,3.478639639000903,0.7816113699991547,0.8966962220001733,8,2896.54,996.02,630.02
869,MiniCPM-v2.6-Q2_K,0.8571428568979593,0.7559289457934757,0.6114214172745694,0.48892302227221796,0.3670099220765092,0.8224719101123595,0.9304907314622906,0.0892857142857143,0.25806451612903225,0.05,A living room with couches and lamps.,3.495359008000378,6.9750687970008585,1.3386891090012796,3.554546087001654,0.7875282620007056,1.1336125519992493,10,2896.54,996.02,630.02
870,MiniCPM-v2.6-Q2_K,0.6999999998600002,0.48304589144035537,0.3878277951595267,5.372849657937071e-05,0.2062943527500018,0.7093023255813954,0.13876703844805371,0.013605442176870748,0.05,0.0,A cozy bedroom with a blue bedspread and red pillow,3.495359008000378,6.88264424800218,1.3542300789995352,3.399955607001175,0.7800451820003218,1.3594445700000506,12,2896.54,996.02,630.02
873,MiniCPM-v2.6-Q2_K,0.7647058822629758,0.618346942326959,0.5032468441626134,0.36733413286980515,0.4163556697872311,0.6515353805073432,0.6199578304183704,0.08955223880597014,0.25641025641025644,0.0,"A living room has a red carpet, a couch, a black chair, a fireplace, and various decorations.",3.495359008000378,6.713455240998883,1.3457380270010617,3.593877594001242,0.7841383559971291,2.7619475179999426,23,2896.54,996.02,630.02
875,MiniCPM-v2.6-Q2_K,0.7692307691124263,0.6201736728486433,0.47161224624605236,0.3200286100743157,0.34989309163595356,0.6459909228441755,0.40994665955106113,0.0704225352112676,0.2666666666666667,0.0,A man is lifting a child off the ground in a living room.,3.495359008000378,6.826857043997734,1.3886329400011164,3.452514127999166,0.8192022139992332,1.732939098001225,15,2896.54,996.02,630.02
878,MiniCPM-v2.6-Q2_K,0.6666666665555557,0.6030226890527394,0.47781838223420653,0.331807740224778,0.4281398749978797,0.6541053921568627,0.5645178329125912,0.04958677685950413,0.1212121212121212,0.0,A living room scene featuring a blue couch with a single pillow.,3.495359008000378,7.075053303000459,1.3744071920009446,3.450006504001067,0.8024049579980783,1.6972276299966325,14,2896.54,996.02,630.02
879,MiniCPM-v2.6-Q2_K,0.999999999818182,0.8366600263781527,0.7299198565081418,0.5583948263620435,0.43772205315259427,0.7863358040605866,1.6671371971672118,0.1647058823529412,0.47058823529411764,0.11764705882352941,A dog's head rests on a pillow on a couch.,3.495359008000378,6.719169823001721,1.32831550300034,3.4331500500011316,0.7925623689989152,1.540430713997921,13,2896.54,996.02,630.02
880,MiniCPM-v2.6-Q2_K,0.9285714284387758,0.7071067810835899,0.4999999999256718,0.388272677693176,0.37082577888416907,0.6630434782608696,0.34643838880344546,0.12345679012345677,0.42857142857142855,0.0,A black and brown dog lays on a rug next to a red couch.,3.495359008000378,7.066619103999983,1.3702025800012052,3.5018957530010084,0.8166930669976864,1.8924090519976744,16,2896.54,996.02,630.02
883,MiniCPM-v2.6-Q2_K,0.9999999998000004,0.9428090413882642,0.6933612742036168,0.4671379776255506,0.36040897225316404,0.7187745483110761,0.9316084190177104,0.10526315789473684,0.24000000000000002,0.04444444444444444,Two ladies sit on a couch smiling for a picture.,3.495359008000378,6.769620102997578,1.337246827002673,3.431742769000266,0.7892172720021335,1.3730876889967476,12,2896.54,996.02,630.02
888,MiniCPM-v2.6-Q2_K,0.9230769229349115,0.7844645404295353,0.6539953361130564,0.5382218219802416,0.41083200232445055,0.6459909228441755,0.6831295614821162,0.09271523178807946,0.1621621621621622,0.05882352941176471,A blue couch in a living room with a wooden cabinet behind it,3.495359008000378,6.788751048999984,1.3222630199998093,3.3898458540024876,0.7752682480022486,1.6440378739971493,14,2896.54,996.02,630.02
894,MiniCPM-v2.6-Q2_K,0.9999999997777782,0.9999999997708338,0.9999999997625665,0.9999999997524806,0.47664833374148197,0.8951781970649895,0.9805666886789557,0.07999999999999999,0.23529411764705882,0.04878048780487806,A woman is sitting on a couch looking sad.,3.495359008000378,20.98240801400243,1.4475113509979565,10.842242605998763,0.8543746880022809,1.376254440001503,11,2896.54,996.02,630.02
895,MiniCPM-v2.6-Q2_K,0.6842105262797785,0.616536259293161,0.4472078710446758,4.862415681552196e-05,0.3915488909665433,0.6395806028833552,0.23456063255036702,0.07462686567164178,0.2352941176470588,0.0,"A living room scene with a TV on a stand, a coffee table, couches, a rug and a rug.",3.495359008000378,7.058819723999477,1.5616399720020127,3.6401411320002808,0.8048045389987237,3.177373783000803,25,2896.54,996.02,630.02
896,MiniCPM-v2.6-Q2_K,0.8636363635971074,0.6412919859292913,0.5479284769978056,0.40145310160628445,0.30792466949402353,0.6824440619621341,0.2076860106231755,0.1322314049586777,0.2857142857142857,0.07272727272727272,A brown dog lying on a blue couch and a tan dog lying on a white dog bed on a wooden floor.,3.495359008000378,6.939778231000673,1.367270759998064,3.5652913949998037,0.8317271230007464,3.076625960002275,24,2896.54,996.02,630.02
897,MiniCPM-v2.6-Q2_K,0.6923076922011837,0.41602514710358474,0.3157127772993734,4.211813371201131e-05,0.22063263834749447,0.431858407079646,0.2245305730821627,0.08080808080808081,0.18181818181818182,0.0,A dirty and run down couch sits abandoned in a rough urban area,3.495359008000378,7.209267885998997,1.4626498319994425,3.4588553639987367,0.7921916810009861,1.5881346509995637,14,2896.54,996.02,630.02
901,MiniCPM-v2.6-Q2_K,0.8461538460236689,0.7025594234189063,0.5125051479005528,0.3406227681539254,0.24212939223739233,0.4975530179445351,0.22154276684953578,0.09174311926605505,0.24999999999999997,0.0,A green steam locomotive waits at a station with passengers boarding and departing.,3.495359008000378,6.744602535000013,1.4493751619993418,3.4758119430007355,0.8096036069982802,1.9427534149981511,16,2896.54,996.02,630.02
902,MiniCPM-v2.6-Q2_K,0.8571428568979593,0.5345224836657648,0.38517135699039357,6.147881527467012e-05,0.35034140866509805,0.7625000000000001,0.9486156338955692,0.06837606837606837,0.125,0.052631578947368425,A train is sitting on railroad tracks.,3.495359008000378,7.117426386997977,1.389309312999103,3.5822295250000025,0.8142719879979268,1.0083253450029588,9,2896.54,996.02,630.02
907,MiniCPM-v2.6-Q2_K,0.8571428568979593,0.7559289457934757,0.6114214172745694,8.694417436006866e-05,0.34392215665607445,0.7800511508951408,0.9983143781971902,0.10256410256410257,0.23529411764705882,0.05,A passenger train stops at a station.,3.495359008000378,6.673387708997325,1.3267298489990935,3.408991991000221,0.7776728869976068,1.0186123530002078,9,2896.54,996.02,630.02
908,MiniCPM-v2.6-Q2_K,0.8888888886913584,0.6666666665138892,3.989389869643291e-06,1.0142430671382665e-08,0.32312040562494987,0.5532879818594103,0.7581701593133865,0.09523809523809523,0.33333333333333337,0.048780487804878044,A blue train on the tracks near a platform.,3.495359008000378,6.882940161998704,1.3830939719991875,3.548206791998382,0.8015567239999655,1.4051080540011753,11,2896.54,996.02,630.02
909,MiniCPM-v2.6-Q2_K,0.6111111110771605,0.42395584920006113,0.2239617024285387,2.94176180763248e-05,0.3531594714409788,0.3104325699745547,0.25545168546954466,0.099009900990099,0.2857142857142857,0.0,A blue Perurail train with yellow stripes parked near a man wearing a black jacket standing near him.,3.495359008000378,6.903041272002156,1.351146830998914,3.3954585140018025,0.7750513069986482,2.4654506530023355,22,2896.54,996.02,630.02
910,MiniCPM-v2.6-Q2_K,0.6666666665185187,0.6454972242199767,0.5631239400880986,7.386099954102402e-05,0.35835883878860714,0.7558859975216852,0.8243141730447581,0.10526315789473684,0.2222222222222222,0.05405405405405405,A brown train on a track near a sidewalk.,3.495359008000378,6.908153050000692,1.363580532000924,3.468333114997222,0.7885851510000066,1.3035204580010031,11,2896.54,996.02,630.02
912,MiniCPM-v2.6-Q2_K,0.7499999998750001,0.5838742080216183,0.40852897025023255,5.246341021918841e-05,0.4026642228085649,0.580952380952381,0.4728074028291626,0.06956521739130435,0.22222222222222218,0.0,A train engine carrying freight down the tracks through a wooded area.,3.495359008000378,6.776846992997889,1.3249351199992816,3.424294137999823,0.7772529149988259,1.5493957750004483,14,2896.54,996.02,630.02
913,MiniCPM-v2.6-Q2_K,0.9999999997777782,0.790569414860923,0.44695176744216264,6.210944974110337e-05,0.36140380026954344,0.6777777777777778,1.3439787633730973,0.12048192771084337,0.3157894736842105,0.0,Two trains parked on train tracks near a bridge.,3.495359008000378,6.672732733000885,1.3615345200014417,3.400294263003161,0.7811485740021453,1.2245467339998868,11,2896.54,996.02,630.02
915,MiniCPM-v2.6-Q2_K,0.8749999999453126,0.6831300510198546,0.5108729548948759,0.3784481137329306,0.29554744175982683,0.505524861878453,0.3243542667325466,0.1320754716981132,0.37037037037037035,0.0,"A red, orange and yellow train engine parked near grass and water on a sunny day.",3.495359008000378,6.906488399999944,1.363261271999363,3.4693876579985954,0.8067545710000559,2.2223420860027545,19,2896.54,996.02,630.02
916,MiniCPM-v2.6-Q2_K,0.8124999999492188,0.7719024117441089,0.6344284793446888,0.49269877012239655,0.37720762928054985,0.7582872928176796,0.45723699147250524,0.06896551724137931,0.15384615384615383,0.04166666666666667,A red train with white letters on it is on the tracks next to another train.,3.495359008000378,7.049548388000403,1.3510559749993263,3.5099388569979055,0.7999777719996928,2.0549030039983336,18,2896.54,996.02,630.02
920,MiniCPM-v2.6-Q2_K,0.6666666665185187,0.4999999998854169,0.329316877925984,4.939382735892778e-05,0.25172672445253574,0.5648148148148149,0.26722801748455915,0.04918032786885246,0.14285714285714288,0.0,Caption: A colorful steam locomotive waits on the tracks.,3.495359008000378,7.002937357003248,1.3535275850008475,3.499411851000332,0.7992944840007112,1.5846077980022528,13,2896.54,996.02,630.02
921,MiniCPM-v2.6-Q2_K,0.9999999998333334,0.7385489457501074,0.37924470130416144,4.961682999448891e-05,0.37762675345717767,0.6421052631578947,0.7379357455765544,0.08771929824561402,0.32,0.0,A locomotive train moves along the tracks in a large train yard.,3.495359008000378,7.052152708001813,1.327168514002551,3.4008483910001814,0.7902809570005047,1.7288566030001675,15,2896.54,996.02,630.02
922,MiniCPM-v2.6-Q2_K,0.7999999999200001,0.4216370213112779,2.8114422173575144e-06,7.506238536604585e-09,0.2912496674734741,0.5236051502145923,0.4853471356244435,0.08791208791208792,0.21428571428571425,0.0,A white passenger train traveling down tracks near a platform.,3.495359008000378,6.620318107001367,1.3178046499997436,3.4379487090009206,0.7791694849984196,1.3327319660020294,12,2896.54,996.02,630.02
924,MiniCPM-v2.6-Q2_K,0.823529411716263,0.641688947880822,0.4788571211705363,0.2975928234056096,0.38481760905527673,0.5870222711025571,0.24661399761824065,0.017094017094017096,0.05714285714285715,0.0,A blue passenger train moves across a bridge over a rocky riverbed near a steep mountain slope.,3.495359008000378,6.6693883859989,1.3270011349995912,3.403888311000628,0.7796379419996811,2.309467692997714,20,2896.54,996.02,630.02
926,MiniCPM-v2.6-Q2_K,0.899999999955,0.7539370348863631,0.5743583862048484,0.3249189151930262,0.2847174602528143,0.6075697211155379,0.15502747360053765,0.20833333333333331,0.33333333333333337,0.09523809523809523,A red train engine is pulling a blue car and a red car on a track near a grassy field.,3.495359008000378,6.867175600000337,1.3353670229989802,3.4444442219974007,0.7834168790031981,2.5966782219984452,23,2896.54,996.02,630.02
928,MiniCPM-v2.6-Q2_K,0.9999999998333334,0.8528028652770777,0.6626015248281362,0.5042387235963992,0.32478754166062757,0.6075697211155379,0.7976844821694793,0.06,0.1904761904761905,0.0,A yellow train engine number 8300 is parked on a sunny day.,3.495359008000378,6.801127515002008,1.3322467270008929,3.3797618610005884,0.7783255450012803,2.073976986001071,18,2896.54,996.02,630.02
929,MiniCPM-v2.6-Q2_K,0.9374999998828125,0.7071067810966861,0.4749571257350555,0.3013040488881211,0.35855927729258075,0.5210706150341685,0.1830623033324569,0.05309734513274336,0.21428571428571425,0.0,A vintage locomotive numbered 1225 sits on the tracks with a small crowd standing around it.,3.495359008000378,6.83911803799856,1.3196823350008344,3.5164552859969262,0.8121035459989798,2.8410369499979424,23,2896.54,996.02,630.02
930,MiniCPM-v2.6-Q2_K,0.818181818033058,0.8090398348051151,0.7137658553668633,0.6076795806936528,0.33299849163168277,0.61,0.5207847960523303,0.10666666666666666,0.3,0.0,A train station where passengers wait for the train to arrive.,3.495359008000378,7.007024429000012,1.337140690000524,3.387198073000036,0.775618970998039,1.4419334900012473,13,2896.54,996.02,630.02
932,MiniCPM-v2.6-Q2_K,0.9999999997777782,0.8660254035859749,0.5984084804464933,7.730551755025992e-05,0.2978235020739755,0.6666666666666666,1.0037468863755628,0.054545454545454536,0.19354838709677416,0.0,A train driving on tracks near a snowy sidewalk.,3.495359008000378,6.9248055379975995,1.3767472260005889,3.490672932999587,0.7984185240020452,1.325757036000141,11,2896.54,996.02,630.02
933,MiniCPM-v2.6-Q2_K,0.7777777776049386,0.6236095643194133,0.38157141409384626,5.51625153137941e-05,0.2953621508171658,0.594541910331384,0.46696926916132725,0.04040404040404041,0.1739130434782609,0.0,A steam train at a station with overhead wires.,3.495359008000378,6.942950920998555,1.4031478990000323,3.4948159710002074,0.8113110929989489,1.4201337079975929,11,2896.54,996.02,630.02
938,MiniCPM-v2.6-Q2_K,0.8999999998200003,0.774596669082261,0.608220199428375,0.5035337886449386,0.3906873661884904,0.6224489795918368,0.6212380486502687,0.08080808080808081,0.13793103448275862,0.0,A white and red train moving away from a fence.,3.495359008000378,7.119390523999755,1.3444244089987478,3.5752643890009494,0.8419845810021798,1.3932922129970393,12,2896.54,996.02,630.02
939,MiniCPM-v2.6-Q2_K,0.9999999997500004,0.9999999997410718,0.9999999997301591,0.9457416087349345,0.5277006683854432,0.9446902654867256,1.5640410215200051,0.10126582278481014,0.2222222222222222,0.07142857142857142,A passenger train is waiting at a station.,3.495359008000378,6.757706641001278,1.3450169589996221,3.377805724998325,0.7736286360013764,1.127616196998133,10,2896.54,996.02,630.02
940,MiniCPM-v2.6-Q2_K,0.9999999996666668,0.9999999996500001,0.999999999627778,0.9036020032446392,0.4398732861414338,0.9104477611940297,1.4819807404849459,0.06666666666666667,0.17391304347826084,0.05,A train pulls into a station.,3.495359008000378,6.508340271000634,1.376420581000275,3.430371117003233,0.7841199020003842,0.9460179929992591,8,2896.54,996.02,630.02
941,MiniCPM-v2.6-Q2_K,0.9999999998000004,0.816496580759891,0.5503212080324162,6.985342055045127e-05,0.47833715373637853,0.7290836653386453,0.885124962368872,0.11904761904761904,0.25,0.05405405405405405,A passenger train travels down the tracks through the countryside.,3.495359008000378,6.851688760998513,1.353664005997416,3.4449603789980756,0.7807772500018473,1.413561484998354,12,2896.54,996.02,630.02
944,MiniCPM-v2.6-Q2_K,0.8124999998984376,0.6582805885207269,0.452833386287013,5.169731538889924e-05,0.3313126149389227,0.6819875776397517,0.3780760129920049,0.07476635514018691,0.2857142857142857,0.0,"A train with a blue stripe on the side labeled ""Canada"" is parked on a track.",3.495359008000378,6.728344593997463,1.3755127059994265,3.5032823260007717,0.8194382129986479,2.4032744280011684,20,2896.54,996.02,630.02
946,MiniCPM-v2.6-Q2_K,0.999999999909091,0.8944271909145389,0.7631428282920599,0.5773502691279908,0.30701503063315283,0.480946123521682,0.6202144287258636,0.10344827586206896,0.2608695652173913,0.0,An American flag flying in front of a yellow train engine.,3.495359008000378,6.637299840000196,1.3337160869996296,3.4128539459998137,0.7792542580027657,1.4380099370027892,13,2896.54,996.02,630.02
947,MiniCPM-v2.6-Q2_K,0.8888888886913584,0.6666666665138892,0.5026316273000944,6.782652180382661e-05,0.27285616469864743,0.4444444444444444,0.2981886950742306,0.10958904109589043,0.2666666666666667,0.0,"Caption: ""Green and white locomotives parked side by side.""",3.495359008000378,6.797828934999416,1.3784347399996477,3.4969120050009224,0.7990628179977648,1.8637766929969075,15,2896.54,996.02,630.02
949,MiniCPM-v2.6-Q2_K,0.7499999998750001,0.6396021489578083,0.4341268109957577,0.3087818953408656,0.31322600788349214,0.6541053921568627,0.46707091453972477,0.12987012987012989,0.1739130434782609,0.0,A red and black passenger train drives down tracks near a bridge.,3.495359008000378,6.346292382000684,1.402274847998342,3.5059636529986165,0.783235634000448,1.6307961769998656,14,2896.54,996.02,630.02
950,MiniCPM-v2.6-Q2_K,0.8181818181446281,0.6837634587260075,0.5469655075667834,0.4308206905996528,0.3663304835063985,0.6281464530892449,0.2270205596621021,0.09999999999999999,0.2222222222222222,0.0,A small office set up in a hotel room with a flat screen TV mounted on the wall above a wooden cabinet.,3.495359008000378,7.281485752999288,1.4267078089978895,3.5289107330027036,0.7879732119981782,2.725142096001946,24,2896.54,996.02,630.02
951,MiniCPM-v2.6-Q2_K,0.818181818033058,0.5720775534407411,0.41741280440467754,0.3087818953353099,0.46781557114929434,0.6944971537001898,0.489458830506655,0.10126582278481013,0.1739130434782609,0.05405405405405405,A man in a white shirt points at a TV screen.,3.495359008000378,6.7088934919993335,1.3447751429994241,3.479184947998874,0.7988718080014223,1.4760710310001741,13,2896.54,996.02,630.02
952,MiniCPM-v2.6-Q2_K,0.7499999999625001,0.5960395606486836,0.4289887330272201,0.3104414355720388,0.35797258043827673,0.6252847380410023,0.26946715189459647,0.11864406779661019,0.2962962962962963,0.057971014492753624,A smiling woman sitting on a couch pets her dog while sitting on a wooden floor near a teddy bear.,3.495359008000378,6.787131700999453,1.3306941450027807,3.4283572589993128,0.7766244070007815,2.5587671639987093,23,2896.54,996.02,630.02
953,MiniCPM-v2.6-Q2_K,0.692307692254438,0.4160251471355866,0.315712777323659,4.211813371525116e-05,0.3608614309404805,0.6039603960396039,0.4518419952797843,0.043478260869565216,0.1212121212121212,0.03508771929824561,"A work space with a computer monitor, printer, books, and various office supplies.",3.495359008000378,6.789330781000899,1.3530572099989513,3.4503131870005745,0.783406037997338,2.033167396999488,18,2896.54,996.02,630.02
954,MiniCPM-v2.6-Q2_K,0.9090909089256201,0.6030226890431458,3.4314283273431972e-06,8.430118944817767e-09,0.2922792089144217,0.6143884892086332,0.3810439432614327,0.05263157894736842,0.125,0.0,A large screen television sitting on top of a wooden shelf.,3.495359008000378,7.220900005002477,1.397582904999581,3.625585031997616,0.8648538349989394,2.0327851490001194,13,2896.54,996.02,630.02
955,MiniCPM-v2.6-Q2_K,0.9999999998000004,0.7453559923467181,0.5928155506226452,0.41535092362936976,0.37666169517660775,0.7093023255813954,1.00323809822684,0.08000000000000002,0.1904761904761905,0.0,Two laptop computers sitting on a desk side by side.,3.495359008000378,6.804954463001195,1.332441242000641,3.4024876019975636,0.7913500210015627,1.3519875550009601,12,2896.54,996.02,630.02
956,MiniCPM-v2.6-Q2_K,0.9999999996666668,0.9999999996500001,0.999999999627778,0.9036020032446392,0.3894893071763433,0.9242424242424241,1.039791362080569,0.0847457627118644,0.19354838709677416,0.044444444444444446,An office room with green walls,3.495359008000378,6.868823827000597,1.4081140800008143,3.462821064000309,0.8134381880008732,0.8279383980006969,7,2896.54,996.02,630.02
963,MiniCPM-v2.6-Q2_K,0.9374999998828125,0.7905694149416267,0.606606875722173,0.4764035313585932,0.35419271095588245,0.7093023255813954,0.27390292170702346,0.08547008547008547,0.25,0.0,A small grey television sitting on top of a stand with a movie playing on it.,3.495359008000378,7.006107583001722,1.4285348359990167,3.574262889997044,0.8870856939975056,2.7131367760011926,18,2896.54,996.02,630.02
965,MiniCPM-v2.6-Q2_K,0.5199999999792001,0.36055512753167634,0.25690876632139,0.16662053420227918,0.3091979343236598,0.46768893756845564,0.005360304098907969,0.05298013245033112,0.13333333333333336,0.0,"Caption: ""Young adults collaborating on a project.""
Explanation: The image shows a group of young adults working together on a project, emphasizing teamwork and collaboration.",3.495359008000378,6.754181171996606,1.3214504640018276,3.4279980909996084,0.7807752049993724,3.551483727998857,32,2896.54,996.02,630.02
967,MiniCPM-v2.6-Q2_K,0.8421052631135734,0.5722633834883457,2.6806966094967657e-06,5.8905487306220704e-09,0.24978044877048655,0.43832335329341315,0.12156947778945688,0.06369426751592357,0.2222222222222222,0.0,"A bedroom scene with a dresser, TV, lamp, chairs, rug, remote control and a small refrigerator in the background.",3.495359008000378,6.7204197280007065,1.3382917749986518,3.4040195340021455,0.8003796529992542,2.943528633000824,26,2896.54,996.02,630.02
968,MiniCPM-v2.6-Q2_K,0.823529411716263,0.7524469885111807,0.6095424215055478,0.5043545474183708,0.38220480914432287,0.6971428571428572,0.3703930124736979,0.07843137254901962,0.1702127659574468,0.0,"A living room scene with a TV, DVD player, and other electronic devices on a coffee table.",3.495359008000378,6.79341912900054,1.3312423439965642,3.397547841002961,0.7783759779995307,2.4115820830011216,21,2896.54,996.02,630.02
969,MiniCPM-v2.6-Q2_K,0.9999999996666668,0.9999999996500001,0.999999999627778,0.9999999995958335,1.0,1.0,2.0945557196876115,0.04878048780487806,0.08695652173913045,0.0,A boy playing a computer game.,3.495359008000378,6.884118071000557,1.4154009470003075,3.444443323998712,0.88964506299817,0.9327048510021996,8,2896.54,996.02,630.02
970,MiniCPM-v2.6-Q2_K,0.8571428570204084,0.7703288864074802,0.6276444726039667,0.5095859246412925,0.4324607367448214,0.6224489795918368,0.5738482408103952,0.10526315789473682,0.2857142857142857,0.06666666666666667,A man sits in his cubicle with his laptop open in front of him.,3.495359008000378,6.939722357998107,1.3930773879983462,3.43737807800062,0.7831210420008574,1.9221528490015771,17,2896.54,996.02,630.02
971,MiniCPM-v2.6-Q2_K,0.9166666665138891,0.8164965807885507,0.5848035475403803,6.865890478456787e-05,0.36171280292656627,0.5865384615384615,0.6893992614636777,0.07547169811320754,0.13333333333333333,0.0,A workstation in a home office with multiple monitors and computer equipment.,3.495359008000378,6.882225900997582,1.34393525500127,3.41281419599909,0.8133122910003294,1.558595428999979,14,2896.54,996.02,630.02
972,MiniCPM-v2.6-Q2_K,0.9999999997777782,0.8660254035859749,0.7539474409501415,0.6803749331487142,0.5165858179391499,0.7558859975216852,1.2760518720721374,0.1217391304347826,0.2608695652173913,0.07692307692307693,A tub in a bathroom with stained glass windows,3.495359008000378,21.174428419999458,1.3753140450025967,10.68090716000006,0.8496367930019915,1.2054962610018265,10,2896.54,996.02,630.02
977,MiniCPM-v2.6-Q2_K,0.6249999998437503,0.5175491693727575,0.35474585289687116,5.4663255680950514e-05,0.3391468069818574,0.6747787610619468,0.31625926226549894,0.017857142857142856,0.09999999999999999,0.0,A desk with various electronic devices on it.,3.495359008000378,6.636599123001361,1.3277121690007334,3.404301939001016,0.7773563470000227,1.1087572230026126,10,2896.54,996.02,630.02
980,MiniCPM-v2.6-Q2_K,0.9999999999444444,0.8744746321451954,0.7548702662911202,0.644049484912237,0.3769464499866685,0.648936170212766,0.5121232611275048,0.15384615384615385,0.29629629629629634,0.03636363636363637,A flat screen television set on top of a dresser with two remote controls sitting next to it.,3.495359008000378,6.716387538999697,1.3283985830021265,3.4107504009989498,0.7845829159996356,2.371330953999859,20,2896.54,996.02,630.02
982,MiniCPM-v2.6-Q2_K,0.7499999998125003,0.5669467093670424,0.3769737204628541,5.721248422925795e-05,0.3876071382478195,0.6489361702127661,1.9144001015343233,0.046875,0.13793103448275862,0.0,A group photo taken during a birthday party.,3.495359008000378,6.666897299000993,1.3222678700003598,3.4518094349987223,0.77981715200076,1.1138143890020729,10,2896.54,996.02,630.02
983,MiniCPM-v2.6-Q2_K,0.785714285602041,0.6504436354932837,0.4729186580398087,0.31314224809065183,0.300852715306879,0.664850136239782,0.24026909195837762,0.04444444444444444,0.09090909090909091,0.0,"A living room has a TV, DVD player, and a collection of video games.",3.495359008000378,6.862556467000104,1.3694781759986654,3.47514449099981,0.7846885600010864,2.1074668760011264,18,2896.54,996.02,630.02
984,MiniCPM-v2.6-Q2_K,0.8749999997812503,0.7905694148373941,0.6786044039656115,0.49999999985818483,0.38497544273759704,0.7331730769230769,1.154751984889022,0.018018018018018018,0.07692307692307691,0.0,A workstation with two monitors side by side.,3.495359008000378,6.726713357002154,1.3331808259972604,3.389094799000304,0.7946010259984178,1.138938018000772,10,2896.54,996.02,630.02
986,MiniCPM-v2.6-Q2_K,0.9285714284387758,0.886405260298854,0.7710108347491744,0.638943104149104,0.3927356522187562,0.7648902821316614,0.9156005637823877,0.1076923076923077,0.2631578947368421,0.047619047619047616,A computer monitor sitting on top of a desk surrounded by bottles of water.,3.495359008000378,7.009860853999271,1.3523528000005172,3.4653272700015805,0.8126819040007831,1.911004450001201,16,2896.54,996.02,630.02
987,MiniCPM-v2.6-Q2_K,0.6249999999609376,0.4999999999677084,0.3769737205393706,0.3013040489069526,0.3229099797256828,0.5801630434782609,0.1232498788442192,0.052980132450331126,0.13636363636363635,0.0,A living room filled with electronic devices and a bookshelf filled with books and knick knacks.,3.495359008000378,6.907009327002015,1.3728304819996993,3.4774648649981827,0.7966715199981991,2.413394637998863,21,2896.54,996.02,630.02
988,MiniCPM-v2.6-Q2_K,0.7999999998400004,0.516397779388174,0.40548013295225005,0.31239399362337966,0.3380699212731615,0.7854077253218884,0.4466804349115216,0.03333333333333333,0.06451612903225806,0.0,A cozy living room with a fireplace and entertainment center.,3.495359008000378,7.064185814000666,1.4129914959994494,3.5137306260003243,0.7987562920025084,1.4702060180025,12,2896.54,996.02,630.02
999,MiniCPM-v2.6-Q2_K,0.8124999998984376,0.6157651066521188,0.4767097509355354,0.35930411191569944,0.3650676325133406,0.6723233030090974,0.3912496357549269,0.14634146341463414,0.32,0.0,A group photo featuring a diverse group of young adults sitting together in a living room.,3.495359008000378,7.183439799002372,1.3999268080006004,3.4958827369991923,0.8170355419970292,2.2361704989998543,18,2896.54,996.02,630.02
